ykiho,hospital_name,hospital_type,address,latitude,longitude,departments,specialists,equipment,special_treatments
JDQ4MTYyMiM1MSMkMSMkMCMkODkkMzgxMzUxIzExIyQxIyQzIyQ3OSQzNjEwMDIjODEjJDEjJDIjJDgz,가톨릭대학교 성빈센트병원,상급종합,"경기도 수원시 팔달구 중부대로 93, (지동)",37.2779855,127.0274271,[],{},[],[]
JDQ4MTYyMiM1MSMkMSMkMCMkODkkMzgxMzUxIzExIyQxIyQzIyQ3OSQyNjE4MzIjNDEjJDEjJDgjJDgz,가톨릭대학교인천성모병원,상급종합,"인천광역시 부평구 동수로 56, (부평동)",37.4848309,126.7248987,[],{},[],[]
JDQ4MTYyMiM1MSMkMSMkNCMkODkkMzgxMzUxIzExIyQxIyQzIyQ4OSQ0NjEwMDIjNDEjJDEjJDgjJDgz,강릉아산병원,상급종합,"강원특별자치도 강릉시 사천면 방동길 38-0, 강릉아산병원",37.8184324,128.8578411,[],{},[],[]
JDQ4MTg4MSM1MSMkMSMkMCMkODkkMzgxMzUxIzExIyQxIyQzIyQ3OSQ0NjEwMDIjNjEjJDEjJDQjJDgz,강북삼성병원,상급종합,"서울특별시 종로구 새문안로 29, (평동)",37.5684083,126.9677500,[],{},[],[]
JDQ4MTg4MSM1MSMkMSMkMCMkODkkMzgxMzUxIzExIyQxIyQzIyQ2MiQyNjE4MzIjNjEjJDEjJDQjJDgz,건국대학교병원,상급종합,"서울특별시 광진구 능동로 120-1, (화양동)",37.5403764,127.0718276,[],{},[],[]
JDQ4MTYyMiM4MSMkMSMkMCMkODkkMzgxMzUxIzExIyQxIyQzIyQ3OSQyNjEwMDIjNzEjJDEjJDgjJDgz,경북대학교병원,상급종합,"대구광역시 중구 동덕로 130, (삼덕동2가, 경북대학교병원)",35.8662525,128.6047030,[],{},[],[]
JDQ4MTYyMiM4MSMkMSMkNCMkODkkMzgxMzUxIzExIyQxIyQzIyQ5OSQyNjEwMDIjNjEjJDEjJDQjJDgz,경상국립대학교병원,상급종합,"경상남도 진주시 강남로 79, (칠암동)",35.1759944,128.0964924,[],{},[],[]
JDQ4MTg4MSM1MSMkMSMkMCMkODkkMzgxMzUxIzExIyQxIyQzIyQ4OSQzNjEyMjIjODEjJDEjJDIjJDgz,경희대학교병원,상급종합,"서울특별시 동대문구 경희대로 23, (회기동)",37.5941195,127.0518520,"[""내과"", ""신경과"", ""정신건강의학과"", ""외과"", ""정형외과"", ""신경외과"", ""심장혈관흉부외과"", ""성형외과"", ""마취통증의학과"", ""산부인과"", ""소아청소년과"", ""안과"", ""이비인후과"", ""피부과"", ""비뇨의학과"", ""영상의학과"", ""방사선종양학과"", ""병리과"", ""진단검사의학과"", ""재활의학과"", ""핵의학과"", ""가정의학과"", ""응급의학과"", ""직업환경의학과"", ""구강악안면외과""]","{""가정의학과"": 3, ""내과"": 66, ""마취통증의학과"": 13, ""방사선종양학과"": 3, ""병리과"": 5, ""비뇨의학과"": 5, ""산부인과"": 6, ""성형외과"": 3, ""소아청소년과"": 14, ""신경과"": 11, ""신경외과"": 7, ""심장혈관흉부외과"": 4, ""안과"": 7, ""영상의학과"": 19, ""외과"": 16, ""응급의학과"": 10, ""이비인후과"": 7, ""재활의학과"": 7, ""정신건강의학과"": 7, ""정형외과"": 17, ""직업환경의학과"": 4, ""진단검사의학과"": 6, ""피부과"": 3, ""핵의학과"": 3}","[""유방촬영장치"", ""인큐베이터"", ""초음파영상진단기"", ""종양치료기 (Gamma Knife)"", ""양전자단층촬영기 (PET)"", ""골밀도검사기"", ""인공호흡기"", ""일반엑스선촬영장치"", ""혈액투석을위한인공신장기"", ""CT"", ""MRI"", ""ECMO"", ""분만감시기"", ""체외충격파쇄석기""]","[""(정신질환)병원기반 시범기관"", ""가정용 인공호흡기 환자 재택의료 시범기관"", ""암환자 재택의료 시범기관"", ""제3차의료급여기관"", ""신속대응시스템 시범기관"", ""경피적 좌심방이 폐색술 실시기관"", ""응급의료기관"", ""상급종합병원 심층진찰 시범기관"", ""가정간호실시기관"", ""재활환자 재택의료 시범기관"", ""자문형 호스피스전문기관"", ""복막투석 환자 재택관리 시범기관"", ""인공와우 실시기관"", ""HPV 국가예방접종사업 참여기관"", ""수면다원검사 실시기관"", ""경피적 대동맥판삽입 실시기관"", ""간호간병통합서비스 제공기관"", ""1형 당뇨병 환자 재택의료 시범기관"", ""차세대염기서열분석 기반 유전자 패널검사 실시기관"", ""조혈모세포이식 실시기관"", ""성인 중환자실"", ""신생아 중환자실""]"
JDQ4MTYyMiM4MSMkMSMkMCMkODkkMzgxMzUxIzExIyQxIyQzIyQ3OSQyNjEyMjIjNjEjJDEjJDQjJDgz,계명대학교동산병원,상급종합,"대구광역시 달서구 달구벌대로 1035, (신당동)",35.8538856,128.4801315,"[""내과"", ""신경과"", ""정신건강의학과"", ""외과"", ""정형외과"", ""신경외과"", ""심장혈관흉부외과"", ""성형외과"", ""마취통증의학과"", ""산부인과"", ""소아청소년과"", ""안과"", ""이비인후과"", ""피부과"", ""비뇨의학과"", ""영상의학과"", ""방사선종양학과"", ""병리과"", ""진단검사의학과"", ""재활의학과"", ""핵의학과"", ""가정의학과"", ""응급의학과"", ""직업환경의학과"", ""구강악안면외과"", ""치과보철과"", ""치과교정과"", ""소아치과"", ""치주과"", ""치과보존과"", ""구강내과"", ""예방치과""]","{""가정의학과"": 3, ""구강악안면외과"": 2, ""내과"": 62, ""마취통증의학과"": 9, ""방사선종양학과"": 5, ""병리과"": 7, ""비뇨의학과"": 6, ""산부인과"": 10, ""성형외과"": 6, ""소아청소년과"": 9, ""신경과"": 8, ""신경외과"": 5, ""심장혈관흉부외과"": 8, ""안과"": 7, ""영상의학과"": 13, ""예방의학과"": 1, ""외과"": 19, ""응급의학과"": 13, ""이비인후과"": 5, ""재활의학과"": 4, ""정신건강의학과"": 4, ""정형외과"": 9, ""직업환경의학과"": 3, ""진단검사의학과"": 5, ""치과보철과"": 1, ""피부과"": 3, ""핵의학과"": 2}","[""인큐베이터"", ""혈액투석을위한인공신장기"", ""양전자단층촬영기 (PET)"", ""체외충격파쇄석기"", ""ECMO"", ""초음파영상진단기"", ""일반엑스선촬영장치"", ""유방촬영장치"", ""골밀도검사기"", ""MRI"", ""인공호흡기"", ""분만감시기"", ""CT"", ""콘빔CT""]","[""응급의료기관"", ""차세대염기서열분석 기반 유전자 패널검사 실시기관"", ""조혈모세포이식 실시기관"", ""경피적 좌심방이 폐색술 실시기관"", ""인공와우 실시기관"", ""가정간호실시기관"", ""(정신질환)병원기반·낮병동 시범기관"", ""복막투석 환자 재택관리 시범기관"", ""결핵환자 재택의료 시범기관"", ""심장질환자 재택의료 시범기관"", ""경피적 대동맥판삽입 실시기관"", ""간호간병통합서비스 제공기관"", ""수면다원검사 실시기관"", ""자문형 호스피스전문기관"", ""제3차의료급여기관"", ""상급종합병원 심층진찰 시범기관"", ""심실 보조장치 치료술 실시기관(이식형)"", ""성인 중환자실"", ""소아 중환자실"", ""신생아 중환자실""]"
JDQ4MTg4MSM1MSMkMSMkMCMkODkkMzgxMzUxIzExIyQxIyQzIyQ2MiQ0NjEwMDIjNjEjJDEjJDAjJDgz,고려대학교의과대학부속구로병원,상급종합,"서울특별시 구로구 구로동로 148, 고려대부속구로병원 (구로동)",37.4920520,126.8848701,"[""내과"", ""신경과"", ""정신건강의학과"", ""외과"", ""정형외과"", ""신경외과"", ""심장혈관흉부외과"", ""성형외과"", ""마취통증의학과"", ""산부인과"", ""소아청소년과"", ""안과"", ""이비인후과"", ""피부과"", ""비뇨의학과"", ""영상의학과"", ""방사선종양학과"", ""병리과"", ""진단검사의학과"", ""재활의학과"", ""핵의학과"", ""가정의학과"", ""응급의학과"", ""구강악안면외과"", ""치과보철과"", ""치과교정과"", ""치주과"", ""치과보존과"", ""예방치과""]","{""가정의학과"": 10, ""구강악안면외과"": 3, ""마취통증의학과"": 16, ""방사선종양학과"": 3, ""병리과"": 6, ""비뇨의학과"": 7, ""산부인과"": 12, ""성형외과"": 6, ""소아청소년과"": 19, ""신경과"": 12, ""신경외과"": 12, ""심장혈관흉부외과"": 7, ""안과"": 10, ""영상의학과"": 30, ""외과"": 30, ""응급의학과"": 10, ""이비인후과"": 8, ""재활의학과"": 4, ""정신건강의학과"": 6, ""정형외과"": 16, ""진단검사의학과"": 6, ""치과교정과"": 3, ""치과보존과"": 1, ""치과보철과"": 3, ""치주과"": 1, ""피부과"": 4, ""핵의학과"": 3}","[""양전자단층촬영기 (PET)"", ""인큐베이터"", ""혈액투석을위한인공신장기"", ""일반엑스선촬영장치"", ""유방촬영장치"", ""인공호흡기"", ""분만감시기"", ""콘빔CT"", ""골밀도검사기"", ""초음파영상진단기"", ""CT"", ""체외충격파쇄석기"", ""MRI"", ""종양치료기 (Gamma Knife)"", ""ECMO""]","[""가정간호실시기관"", ""심실 보조장치 치료술 실시기관(이식형)"", ""1형 당뇨병 환자 재택의료 시범기관"", ""자문형 호스피스전문기관"", ""응급의료기관"", ""상급종합병원 심층진찰 시범기관"", ""심장질환자 재택의료 시범기관"", ""인공와우 실시기관"", ""(정신질환)병원기반 시범기관"", ""제3차의료급여기관"", ""복막투석 환자 재택관리 시범기관"", ""측두하악관절자극요법 실시기관"", ""암환자(요루) 재택의료 시범기관"", ""경피적 좌심방이 폐색술 실시기관"", ""선천성 악안면 기형의 치과교정 및 악정형 치료 실시기관"", ""신속대응시스템 시범기관"", ""조혈모세포이식 실시기관"", ""경피적 대동맥판삽입 실시기관"", ""난임시술(체외)"", ""난임시술(인공)"", ""간호간병통합서비스 제공기관"", ""차세대염기서열분석 기반 유전자 패널검사 실시기관"", ""수면다원검사 실시기관"", ""암환자 재택의료 시범기관"", ""성인 중환자실"", ""신생아 중환자실""]"
JDQ4MTYyMiM1MSMkMSMkMCMkODkkMzgxMzUxIzExIyQxIyQzIyQ5OSQzNjEwMDIjNTEjJDEjJDIjJDgz,고려대학교의과대학부속안산병원,상급종합,"경기도 안산시 단원구 적금로 123, (고잔동)",37.3185144,126.8249033,"[""내과"", ""신경과"", ""정신건강의학과"", ""외과"", ""정형외과"", ""신경외과"", ""심장혈관흉부외과"", ""성형외과"", ""마취통증의학과"", ""산부인과"", ""소아청소년과"", ""안과"", ""이비인후과"", ""피부과"", ""비뇨의학과"", ""영상의학과"", ""방사선종양학과"", ""병리과"", ""진단검사의학과"", ""재활의학과"", ""핵의학과"", ""가정의학과"", ""응급의학과"", ""직업환경의학과"", ""구강악안면외과"", ""치과보철과"", ""치과교정과"", ""치주과"", ""치과보존과""]","{""가정의학과"": 7, ""구강악안면외과"": 3, ""내과"": 58, ""마취통증의학과"": 11, ""방사선종양학과"": 4, ""병리과"": 7, ""비뇨의학과"": 6, ""산부인과"": 8, ""성형외과"": 3, ""소아청소년과"": 21, ""신경과"": 7, ""신경외과"": 8, ""심장혈관흉부외과"": 3, ""안과"": 7, ""영상의학과"": 24, ""외과"": 17, ""응급의학과"": 11, ""이비인후과"": 7, ""재활의학과"": 4, ""정신건강의학과"": 7, ""정형외과"": 11, ""직업환경의학과"": 4, ""진단검사의학과"": 4, ""치과보존과"": 2, ""치과보철과"": 1, ""피부과"": 4, ""핵의학과"": 3}","[""CT"", ""양전자단층촬영기 (PET)"", ""인공호흡기"", ""일반엑스선촬영장치"", ""유방촬영장치"", ""체외충격파쇄석기"", ""초음파영상진단기"", ""인큐베이터"", ""콘빔CT"", ""골밀도검사기"", ""MRI"", ""분만감시기"", ""ECMO"", ""혈액투석을위한인공신장기""]","[""성인 중환자실"", ""신생아 중환자실"", ""응급의료기관"", ""차세대염기서열분석 기반 유전자 패널검사 실시기관"", ""암환자 재택의료 시범기관"", ""경피적 좌심방이 폐색술 실시기관"", ""상급종합병원 심층진찰 시범기관"", ""신속대응시스템 시범기관"", ""1형 당뇨병 환자 재택의료 시범기관"", ""인공와우 실시기관"", ""재활환자 재택의료 시범기관"", ""수면다원검사 실시기관"", ""심실 보조장치 치료술 실시기관(체외형&이식형)"", ""경피적 대동맥판삽입 실시기관"", ""간호간병통합서비스 제공기관"", ""난임시술(체외)"", ""난임시술(인공)"", ""제3차의료급여기관"", ""복막투석 환자 재택관리 시범기관"", ""심장질환자 재택의료 시범기관"", ""결핵환자 재택의료 시범기관"", ""HPV 국가예방접종사업 참여기관"", ""조혈모세포이식 실시기관"", ""암환자(요루) 재택의료 시범기관""]"
JDQ4MTAxMiM1MSMkMSMkMCMkODkkMzgxMzUxIzExIyQxIyQzIyQ3OSQyNjE4MzIjODEjJDEjJDYjJDgz,고신대학교복음병원,상급종합,"부산광역시 서구 감천로 262, (암남동)",35.0809636,129.0139595,"[""내과"", ""신경과"", ""정신건강의학과"", ""외과"", ""정형외과"", ""신경외과"", ""심장혈관흉부외과"", ""성형외과"", ""마취통증의학과"", ""산부인과"", ""소아청소년과"", ""안과"", ""이비인후과"", ""피부과"", ""비뇨의학과"", ""영상의학과"", ""방사선종양학과"", ""병리과"", ""진단검사의학과"", ""재활의학과"", ""핵의학과"", ""가정의학과"", ""응급의학과"", ""직업환경의학과"", ""구강악안면외과""]","{""가정의학과"": 8, ""내과"": 53, ""마취통증의학과"": 7, ""방사선종양학과"": 4, ""병리과"": 5, ""비뇨의학과"": 5, ""산부인과"": 6, ""성형외과"": 3, ""소아청소년과"": 6, ""신경과"": 7, ""신경외과"": 4, ""심장혈관흉부외과"": 6, ""안과"": 4, ""영상의학과"": 11, ""예방의학과"": 2, ""외과"": 19, ""응급의학과"": 3, ""이비인후과"": 6, ""재활의학과"": 3, ""정신건강의학과"": 2, ""정형외과"": 5, ""직업환경의학과"": 5, ""진단검사의학과"": 4, ""치과보존과"": 1, ""치과보철과"": 1, ""치주과"": 1, ""통합치의학과"": 1, ""피부과"": 4, ""핵의학과"": 3}","[""CT"", ""분만감시기"", ""유방촬영장치"", ""초음파영상진단기"", ""콘빔CT"", ""ECMO"", ""체외충격파쇄석기"", ""골밀도검사기"", ""혈액투석을위한인공신장기"", ""양전자단층촬영기 (PET)"", ""MRI"", ""인큐베이터"", ""일반엑스선촬영장치"", ""인공호흡기""]","[""가정간호실시기관"", ""입원형 호스피스전문기관"", ""가정형 호스피스전문기관"", ""경피적 좌심방이 폐색술 실시기관"", ""상급종합병원 심층진찰 시범기관"", ""자문형 호스피스전문기관"", ""암환자(요루) 재택의료 시범기관"", ""인공와우 실시기관"", ""제3차의료급여기관"", ""차세대염기서열분석 기반 유전자 패널검사 실시기관"", ""심장질환자 재택의료 시범기관"", ""결핵환자 재택의료 시범기관"", ""응급의료기관"", ""수면다원검사 실시기관"", ""복막투석 환자 재택관리 시범기관"", ""암환자 재택의료 시범기관"", ""조혈모세포이식 실시기관"", ""HPV 국가예방접종사업 참여기관"", ""경피적 대동맥판삽입 실시기관"", ""간호간병통합서비스 제공기관"", ""성인 중환자실"", ""신생아 중환자실"", ""중증소아 재택의료 시범기관""]"
JDQ4MTYyMiM2MSMkMSMkMiMkODkkMzgxMzUxIzExIyQxIyQzIyQ4OSQ0NjEwMDIjODEjJDEjJDYjJDgz,단국대학교의과대학부속병원,상급종합,"충청남도 천안시 동남구 망향로 201,  (안서동)",36.8415904,127.1725750,"[""내과"", ""신경과"", ""정신건강의학과"", ""외과"", ""정형외과"", ""신경외과"", ""심장혈관흉부외과"", ""성형외과"", ""마취통증의학과"", ""산부인과"", ""소아청소년과"", ""안과"", ""이비인후과"", ""피부과"", ""비뇨의학과"", ""영상의학과"", ""방사선종양학과"", ""병리과"", ""진단검사의학과"", ""재활의학과"", ""핵의학과"", ""가정의학과"", ""응급의학과"", ""직업환경의학과"", ""예방의학과"", ""구강악안면외과""]","{""가정의학과"": 7, ""내과"": 53, ""마취통증의학과"": 8, ""방사선종양학과"": 3, ""병리과"": 2, ""비뇨의학과"": 2, ""산부인과"": 4, ""성형외과"": 3, ""소아청소년과"": 11, ""신경과"": 7, ""신경외과"": 7, ""심장혈관흉부외과"": 7, ""안과"": 5, ""영상의학과"": 9, ""예방의학과"": 3, ""외과"": 23, ""응급의학과"": 9, ""이비인후과"": 7, ""재활의학과"": 4, ""정신건강의학과"": 5, ""정형외과"": 12, ""직업환경의학과"": 3, ""진단검사의학과"": 4, ""피부과"": 3, ""핵의학과"": 2}","[""분만감시기"", ""골밀도검사기"", ""일반엑스선촬영장치"", ""CT"", ""유방촬영장치"", ""인공호흡기"", ""인큐베이터"", ""MRI"", ""ECMO"", ""초음파영상진단기"", ""혈액투석을위한인공신장기"", ""체외충격파쇄석기""]","[""인공와우 실시기관"", ""차세대염기서열분석 기반 유전자 패널검사 실시기관"", ""(정신질환)병원기반 시범기관"", ""심장질환자 재택의료 시범기관"", ""결핵환자 재택의료 시범기관"", ""복막투석 환자 재택관리 시범기관"", ""수면다원검사 실시기관"", ""입원형 호스피스전문기관"", ""신속대응시스템 시범기관"", ""암환자 재택의료 시범기관"", ""경피적 대동맥판삽입 실시기관"", ""간호간병통합서비스 제공기관"", ""응급의료기관"", ""제3차의료급여기관"", ""1형 당뇨병 환자 재택의료 시범기관"", ""재활환자 재택의료 시범기관"", ""자문형 호스피스전문기관"", ""경피적 좌심방이 폐색술 실시기관"", ""성인 중환자실"", ""신생아 중환자실""]"
JDQ4MTYyMiM4MSMkMSMkMCMkODkkMzgxMzUxIzExIyQxIyQzIyQ3OSQ0NjEwMDIjNTEjJDEjJDIjJDgz,대구가톨릭대학교병원,상급종합,"대구광역시 남구 두류공원로17길 33, (대명동)",35.8436078,128.5679969,"[""내과"", ""신경과"", ""정신건강의학과"", ""외과"", ""정형외과"", ""신경외과"", ""심장혈관흉부외과"", ""성형외과"", ""마취통증의학과"", ""산부인과"", ""소아청소년과"", ""안과"", ""이비인후과"", ""피부과"", ""비뇨의학과"", ""영상의학과"", ""방사선종양학과"", ""병리과"", ""진단검사의학과"", ""재활의학과"", ""핵의학과"", ""가정의학과"", ""응급의학과"", ""구강악안면외과"", ""치과보철과"", ""치과교정과"", ""소아치과"", ""치주과"", ""치과보존과"", ""구강내과"", ""영상치의학과"", ""구강병리과""]","{""가정의학과"": 5, ""구강내과"": 1, ""구강악안면외과"": 2, ""내과"": 55, ""마취통증의학과"": 9, ""방사선종양학과"": 2, ""병리과"": 5, ""비뇨의학과"": 3, ""산부인과"": 7, ""성형외과"": 4, ""소아청소년과"": 21, ""신경과"": 6, ""신경외과"": 7, ""심장혈관흉부외과"": 5, ""안과"": 6, ""영상의학과"": 9, ""예방의학과"": 4, ""외과"": 13, ""응급의학과"": 6, ""이비인후과"": 5, ""재활의학과"": 3, ""정신건강의학과"": 5, ""정형외과"": 6, ""진단검사의학과"": 4, ""치과보철과"": 1, ""치주과"": 1, ""통합치의학과"": 2, ""피부과"": 3, ""핵의학과"": 2}","[""분만감시기"", ""CT"", ""양전자단층촬영기 (PET)"", ""ECMO"", ""인큐베이터"", ""MRI"", ""유방촬영장치"", ""인공호흡기"", ""골밀도검사기"", ""혈액투석을위한인공신장기"", ""일반엑스선촬영장치"", ""초음파영상진단기"", ""콘빔CT"", ""체외충격파쇄석기""]","[""자문형 호스피스전문기관"", ""측두하악관절자극요법 실시기관"", ""제3차의료급여기관"", ""결핵환자 재택의료 시범기관"", ""조혈모세포이식 실시기관"", ""응급의료기관"", ""입원형 호스피스전문기관"", ""(정신질환)병원기반 시범기관"", ""복막투석 환자 재택관리 시범기관"", ""1형 당뇨병 환자 재택의료 시범기관"", ""개방병원"", ""경피적 대동맥판삽입 실시기관"", ""간호간병통합서비스 제공기관"", ""수면다원검사 실시기관"", ""심장질환자 재택의료 시범기관"", ""인공와우 실시기관"", ""차세대염기서열분석 기반 유전자 패널검사 실시기관"", ""상급종합병원 심층진찰 시범기관"", ""경피적 좌심방이 폐색술 실시기관"", ""HPV 국가예방접종사업 참여기관"", ""신속대응시스템 시범기관"", ""성인 중환자실"", ""신생아 중환자실""]"
JDQ4MTAxMiM1MSMkMSMkMCMkODkkMzgxMzUxIzExIyQyIyQzIyQwMCQ0NjEwMDIjNDEjJDEjJDQjJDgz,동아대학교병원,상급종합,"부산광역시 서구 대신공원로 26, (동대신동3가)",35.1201682,129.0175391,"[""내과"", ""신경과"", ""정신건강의학과"", ""외과"", ""정형외과"", ""신경외과"", ""심장혈관흉부외과"", ""성형외과"", ""마취통증의학과"", ""산부인과"", ""소아청소년과"", ""안과"", ""이비인후과"", ""피부과"", ""비뇨의학과"", ""영상의학과"", ""방사선종양학과"", ""병리과"", ""진단검사의학과"", ""재활의학과"", ""핵의학과"", ""가정의학과"", ""응급의학과"", ""직업환경의학과"", ""구강악안면외과""]","{""가정의학과"": 5, ""구강악안면외과"": 3, ""내과"": 49, ""마취통증의학과"": 7, ""방사선종양학과"": 3, ""병리과"": 5, ""비뇨의학과"": 5, ""산부인과"": 5, ""성형외과"": 3, ""소아청소년과"": 6, ""신경과"": 13, ""신경외과"": 6, ""심장혈관흉부외과"": 3, ""안과"": 6, ""영상의학과"": 14, ""예방의학과"": 3, ""외과"": 12, ""응급의학과"": 12, ""이비인후과"": 6, ""재활의학과"": 3, ""정신건강의학과"": 3, ""정형외과"": 5, ""직업환경의학과"": 3, ""진단검사의학과"": 3, ""치과교정과"": 1, ""치과보존과"": 1, ""치과보철과"": 2, ""통합치의학과"": 1, ""피부과"": 2, ""핵의학과"": 3}","[""유방촬영장치"", ""양전자단층촬영기 (PET)"", ""인큐베이터"", ""혈액투석을위한인공신장기"", ""인공호흡기"", ""CT"", ""MRI"", ""초음파영상진단기"", ""골밀도검사기"", ""ECMO"", ""체외충격파쇄석기"", ""일반엑스선촬영장치"", ""콘빔CT"", ""분만감시기""]","[""신속대응시스템 시범기관"", ""암환자 재택의료 시범기관"", ""측두하악관절자극요법 실시기관"", ""HPV 국가예방접종사업 참여기관"", ""차세대염기서열분석 기반 유전자 패널검사 실시기관"", ""응급의료기관"", ""인공와우 실시기관"", ""선천성 악안면 기형의 치과교정 및 악정형 치료 실시기관"", ""1형 당뇨병 환자 재택의료 시범기관"", ""결핵환자 재택의료 시범기관"", ""조혈모세포이식 실시기관"", ""간호간병통합서비스 제공기관"", ""성인 중환자실"", ""신생아 중환자실"", ""제3차의료급여기관"", ""수면다원검사 실시기관"", ""복막투석 환자 재택관리 시범기관"", ""재활환자 재택의료 시범기관"", ""암환자(요루) 재택의료 시범기관"", ""경피적 좌심방이 폐색술 실시기관"", ""(정신질환)낮병동 시범기관""]"
JDQ4MTAxMiM1MSMkMSMkMCMkODkkMzgxMzUxIzExIyQxIyQzIyQ3OSQyNjEyMjIjNDEjJDEjJDgjJDgz,부산대학교병원,상급종합,"부산광역시 서구 구덕로 179, (아미동1가)",35.1008477,129.0188032,"[""내과"", ""신경과"", ""정신건강의학과"", ""외과"", ""정형외과"", ""신경외과"", ""심장혈관흉부외과"", ""성형외과"", ""마취통증의학과"", ""산부인과"", ""소아청소년과"", ""안과"", ""이비인후과"", ""피부과"", ""비뇨의학과"", ""영상의학과"", ""방사선종양학과"", ""병리과"", ""진단검사의학과"", ""재활의학과"", ""핵의학과"", ""가정의학과"", ""응급의학과"", ""구강악안면외과"", ""치과보철과"", ""치주과"", ""치과보존과"", ""구강내과"", ""한방안·이비인후·피부과""]","{""가정의학과"": 5, ""구강내과"": 1, ""구강악안면외과"": 2, ""내과"": 70, ""마취통증의학과"": 12, ""방사선종양학과"": 3, ""병리과"": 4, ""비뇨의학과"": 7, ""성형외과"": 4, ""소아청소년과"": 11, ""신경과"": 10, ""신경외과"": 14, ""안과"": 11, ""영상의학과"": 18, ""예방의학과"": 1, ""외과"": 29, ""응급의학과"": 8, ""이비인후과"": 10, ""재활의학과"": 6, ""정신건강의학과"": 5, ""정형외과"": 11, ""진단검사의학과"": 6, ""치과보존과"": 1, ""치과보철과"": 1, ""치주과"": 1, ""통합치의학과"": 2, ""피부과"": 3, ""핵의학과"": 2}","[""분만감시기"", ""혈액투석을위한인공신장기"", ""콘빔CT"", ""ECMO"", ""초음파영상진단기"", ""양전자단층촬영기 (PET)"", ""골밀도검사기"", ""일반엑스선촬영장치"", ""인공호흡기"", ""체외충격파쇄석기"", ""MRI"", ""종양치료기 (Gamma Knife)"", ""유방촬영장치"", ""CT"", ""인큐베이터""]","[""입원형 호스피스전문기관"", ""재활환자 재택의료 시범기관"", ""심실 보조장치 치료술 실시기관(이식형)"", ""경피적 좌심방이 폐색술 실시기관"", ""가정간호실시기관"", ""수면다원검사 실시기관"", ""제3차의료급여기관"", ""차세대염기서열분석 기반 유전자 패널검사 실시기관"", ""측두하악관절자극요법 실시기관"", ""1형 당뇨병 환자 재택의료 시범기관"", ""가정용 인공호흡기 환자 재택의료 시범기관"", ""결핵환자 재택의료 시범기관"", ""응급의료기관"", ""인공와우 실시기관"", ""복막투석 환자 재택관리 시범기관"", ""자문형 호스피스전문기관"", ""암환자(요루) 재택의료 시범기관"", ""경피적 대동맥판삽입 실시기관"", ""간호간병통합서비스 제공기관"", ""난임시술(체외)"", ""난임시술(인공)"", ""성인 중환자실"", ""신생아 중환자실"", ""암환자 재택의료 시범기관"", ""조혈모세포이식 실시기관"", ""외국인 근로자 등 의료지원 사업시행 의료기관"", ""상급종합병원 심층진찰 시범기관""]"
JDQ4MTYyMiM1MSMkMSMkMCMkODkkMzgxMzUxIzExIyQxIyQzIyQwMyQyNjEwMDIjNTEjJDEjJDYjJDgz,분당서울대학교병원,상급종합,"경기도 성남시 분당구 구미로173번길 82, (구미동, 분당서울대학교병원)",37.3516694,127.1234066,"[""내과"", ""신경과"", ""정신건강의학과"", ""외과"", ""정형외과"", ""신경외과"", ""심장혈관흉부외과"", ""성형외과"", ""마취통증의학과"", ""산부인과"", ""소아청소년과"", ""안과"", ""이비인후과"", ""피부과"", ""비뇨의학과"", ""영상의학과"", ""방사선종양학과"", ""병리과"", ""진단검사의학과"", ""재활의학과"", ""핵의학과"", ""가정의학과"", ""응급의학과"", ""구강악안면외과"", ""치과보철과"", ""치과교정과"", ""치주과"", ""치과보존과""]","{""가정의학과"": 11, ""구강악안면외과"": 3, ""내과"": 139, ""마취통증의학과"": 33, ""방사선종양학과"": 6, ""병리과"": 14, ""비뇨의학과"": 9, ""산부인과"": 17, ""성형외과"": 7, ""소아청소년과"": 26, ""신경과"": 30, ""신경외과"": 25, ""심장혈관흉부외과"": 17, ""안과"": 22, ""영상의학과"": 56, ""예방의학과"": 3, ""외과"": 40, ""응급의학과"": 16, ""이비인후과"": 10, ""재활의학과"": 9, ""정신건강의학과"": 18, ""정형외과"": 30, ""진단검사의학과"": 11, ""치과교정과"": 2, ""치과보존과"": 2, ""치과보철과"": 2, ""치주과"": 3, ""통합치의학과"": 1, ""피부과"": 8, ""핵의학과"": 3}","[""MRI"", ""인큐베이터"", ""일반엑스선촬영장치"", ""양전자단층촬영기 (PET)"", ""초음파영상진단기"", ""유방촬영장치"", ""종양치료기 (Gamma Knife)"", ""ECMO"", ""CT"", ""콘빔CT"", ""골밀도검사기"", ""인공호흡기"", ""체외충격파쇄석기"", ""분만감시기"", ""혈액투석을위한인공신장기""]","[""성인 중환자실"", ""소아 중환자실"", ""신생아 중환자실"", ""HPV 국가예방접종사업 참여기관"", ""차세대염기서열분석 기반 유전자 패널검사 실시기관"", ""장애인 건강 주치의 시범기관(전체)"", ""심실 보조장치 치료술 실시기관(체외형&이식형)"", ""선천성 악안면 기형의 치과교정 및 악정형 치료 실시기관"", ""가정용 인공호흡기 환자 재택의료 시범기관"", ""제3차의료급여기관"", ""신속대응시스템 시범기관"", ""암환자 재택의료 시범기관"", ""경피적 좌심방이 폐색술 실시기관"", ""심장질환자 재택의료 시범기관"", ""재활환자 재택의료 시범기관"", ""조혈모세포이식 실시기관"", ""인공와우 실시기관"", ""중증소아 재택의료 시범기관"", ""복막투석 환자 재택관리 시범기관"", ""결핵환자 재택의료 시범기관"", ""경피적 대동맥판삽입 실시기관"", ""비대면진료 시범사업 진료기관(의료기관)"", ""간호간병통합서비스 제공기관"", ""난임시술(체외)"", ""난임시술(인공)"", ""장애인 건강 주치의 시범기관(방문진료 실시기관)"", ""응급의료기관"", ""수면다원검사 실시기관"", ""측두하악관절자극요법 실시기관"", ""(정신질환)병원기반 시범기관"", ""1형 당뇨병 환자 재택의료 시범기관"", ""가정간호실시기관"", ""상급종합병원 심층진찰 시범기관"", ""자문형 호스피스전문기관"", ""암환자(요루) 재택의료 시범기관""]"
JDQ4MTg4MSM1MSMkMSMkMCMkODkkMzgxMzUxIzExIyQxIyQzIyQxMyQzNjEwMDIjODEjJDEjJDIjJDgz,삼성서울병원,상급종합,"서울특별시 강남구 일원로 81, (일원동, 삼성의료원)",37.4882977,127.0851508,"[""내과"", ""신경과"", ""정신건강의학과"", ""외과"", ""정형외과"", ""신경외과"", ""심장혈관흉부외과"", ""성형외과"", ""마취통증의학과"", ""산부인과"", ""소아청소년과"", ""안과"", ""이비인후과"", ""피부과"", ""비뇨의학과"", ""영상의학과"", ""방사선종양학과"", ""병리과"", ""진단검사의학과"", ""재활의학과"", ""핵의학과"", ""가정의학과"", ""응급의학과"", ""구강악안면외과"", ""치과보철과"", ""치과교정과"", ""소아치과"", ""치주과"", ""치과보존과""]","{""가정의학과"": 13, ""구강악안면외과"": 3, ""내과"": 213, ""마취통증의학과"": 51, ""방사선종양학과"": 14, ""병리과"": 23, ""비뇨의학과"": 20, ""산부인과"": 24, ""성형외과"": 11, ""소아청소년과"": 63, ""소아치과"": 1, ""신경과"": 33, ""신경외과"": 21, ""심장혈관흉부외과"": 24, ""안과"": 20, ""영상의학과"": 97, ""예방의학과"": 1, ""외과"": 89, ""응급의학과"": 18, ""이비인후과"": 20, ""재활의학과"": 8, ""정신건강의학과"": 14, ""정형외과"": 25, ""진단검사의학과"": 21, ""치과교정과"": 1, ""치과보존과"": 4, ""치과보철과"": 3, ""치주과"": 3, ""피부과"": 5, ""핵의학과"": 7}","[""골밀도검사기"", ""CT"", ""초음파영상진단기"", ""종양치료기 (Gamma Knife)"", ""유방촬영장치"", ""ECMO"", ""분만감시기"", ""MRI"", ""체외충격파쇄석기"", ""인공호흡기"", ""일반엑스선촬영장치"", ""콘빔CT"", ""종양치료기 (양성자치료기)"", ""양전자단층촬영기 (PET)"", ""인큐베이터"", ""혈액투석을위한인공신장기""]","[""심실 보조장치 치료술 실시기관(체외형&이식형)"", ""선천성 악안면 기형의 치과교정 및 악정형 치료 실시기관"", ""응급의료기관"", ""중증소아 재택의료 시범기관"", ""상급종합병원 심층진찰 시범기관"", ""재활환자 재택의료 시범기관"", ""가정간호실시기관"", ""제3차의료급여기관"", ""차세대염기서열분석 기반 유전자 패널검사 실시기관"", ""수면다원검사 실시기관"", ""복막투석 환자 재택관리 시범기관"", ""1형 당뇨병 환자 재택의료 시범기관"", ""경피적 대동맥판삽입 실시기관"", ""난임시술(체외)"", ""난임시술(인공)"", ""간호간병통합서비스 제공기관"", ""인공와우 실시기관"", ""조혈모세포이식 실시기관"", ""경피적 좌심방이 폐색술 실시기관"", ""신속대응시스템 시범기관"", ""심장질환자 재택의료 시범기관"", ""자문형 호스피스전문기관"", ""성인 중환자실"", ""소아 중환자실"", ""신생아 중환자실""]"
JDQ4MTg4MSM1MSMkMSMkMCMkODkkMzgxMzUxIzExIyQxIyQzIyQ3OSQzNjE4MzIjODEjJDEjJDYjJDgz,서울대학교병원,상급종합,"서울특별시 종로구 대학로 101, (연건동)",37.5797151,126.9990168,"[""내과"", ""신경과"", ""정신건강의학과"", ""외과"", ""정형외과"", ""신경외과"", ""심장혈관흉부외과"", ""성형외과"", ""마취통증의학과"", ""산부인과"", ""소아청소년과"", ""안과"", ""이비인후과"", ""피부과"", ""비뇨의학과"", ""영상의학과"", ""방사선종양학과"", ""병리과"", ""진단검사의학과"", ""재활의학과"", ""핵의학과"", ""가정의학과"", ""응급의학과"", ""구강내과""]","{""가정의학과"": 24, ""구강내과"": 1, ""내과"": 166, ""마취통증의학과"": 58, ""방사선종양학과"": 10, ""병리과"": 19, ""비뇨의학과"": 13, ""산부인과"": 23, ""성형외과"": 10, ""신경외과"": 29, ""심장혈관흉부외과"": 26, ""안과"": 29, ""영상의학과"": 80, ""예방의학과"": 2, ""외과"": 66, ""응급의학과"": 22, ""이비인후과"": 16, ""재활의학과"": 15, ""정신건강의학과"": 36, ""정형외과"": 39, ""진단검사의학과"": 14, ""피부과"": 9, ""핵의학과"": 7}","[""체외충격파쇄석기"", ""MRI"", ""초음파영상진단기"", ""종양치료기 (Gamma Knife)"", ""분만감시기"", ""양전자단층촬영기 (PET)"", ""골밀도검사기"", ""인공호흡기"", ""일반엑스선촬영장치"", ""유방촬영장치"", ""ECMO"", ""CT"", ""인큐베이터"", ""혈액투석을위한인공신장기""]","[""상급종합병원 심층진찰 시범기관"", ""심실 보조장치 치료술 실시기관(체외형&이식형)"", ""중증소아 재택의료 시범기관"", ""(정신질환)병원기반 시범기관"", ""수면다원검사 실시기관"", ""복막투석 환자 재택관리 시범기관"", ""조혈모세포이식 실시기관"", ""경피적 좌심방이 폐색술 실시기관"", ""가정간호실시기관"", ""1형 당뇨병 환자 재택의료 시범기관"", ""암환자 재택의료 시범기관"", ""인공와우 실시기관"", ""신속대응시스템 시범기관"", ""심장질환자 재택의료 시범기관"", ""응급의료기관"", ""차세대염기서열분석 기반 유전자 패널검사 실시기관"", ""결핵환자 재택의료 시범기관"", ""경피적 대동맥판삽입 실시기관"", ""난임시술(체외)"", ""난임시술(인공)"", ""간호간병통합서비스 제공기관"", ""비대면진료 시범사업 진료기관(의료기관)"", ""제3차의료급여기관"", ""가정용 인공호흡기 환자 재택의료 시범기관"", ""자문형 호스피스전문기관"", ""중증소아 단기입원서비스 시범기관"", ""성인 중환자실"", ""소아 중환자실"", ""신생아 중환자실""]"
JDQ4MTYyMiM1MSMkMSMkMCMkODkkMzgxMzUxIzExIyQxIyQzIyQ5MiQzNjEyMjIjNzEjJDEjJDgjJDgz,순천향대학교부속부천병원,상급종합,"경기도 부천시 원미구 조마루로 170, 부흥로 173(1층일부) (중동)",37.4986998,126.7629626,"[""내과"", ""신경과"", ""정신건강의학과"", ""외과"", ""정형외과"", ""신경외과"", ""심장혈관흉부외과"", ""성형외과"", ""마취통증의학과"", ""산부인과"", ""소아청소년과"", ""안과"", ""이비인후과"", ""피부과"", ""비뇨의학과"", ""영상의학과"", ""방사선종양학과"", ""병리과"", ""진단검사의학과"", ""재활의학과"", ""핵의학과"", ""가정의학과"", ""응급의학과"", ""직업환경의학과"", ""구강악안면외과"", ""치과보철과""]","{""가정의학과"": 7, ""구강악안면외과"": 2, ""내과"": 62, ""마취통증의학과"": 16, ""방사선종양학과"": 2, ""병리과"": 5, ""비뇨의학과"": 5, ""산부인과"": 7, ""성형외과"": 8, ""소아청소년과"": 17, ""신경과"": 8, ""신경외과"": 8, ""심장혈관흉부외과"": 2, ""안과"": 9, ""영상의학과"": 13, ""외과"": 22, ""응급의학과"": 17, ""이비인후과"": 5, ""재활의학과"": 4, ""정신건강의학과"": 5, ""정형외과"": 8, ""진단검사의학과"": 7, ""치과교정과"": 1, ""치과보존과"": 1, ""치과보철과"": 1, ""통합치의학과"": 1, ""피부과"": 2, ""핵의학과"": 4}","[""양전자단층촬영기 (PET)"", ""인큐베이터"", ""분만감시기"", ""골밀도검사기"", ""MRI"", ""CT"", ""인공호흡기"", ""일반엑스선촬영장치"", ""유방촬영장치"", ""초음파영상진단기"", ""체외충격파쇄석기"", ""콘빔CT"", ""ECMO"", ""혈액투석을위한인공신장기""]","[""성인 중환자실"", ""신생아 중환자실"", ""측두하악관절자극요법 실시기관"", ""결핵환자 재택의료 시범기관"", ""인공와우 실시기관"", ""신속대응시스템 시범기관"", ""조혈모세포이식 실시기관"", ""복막투석 환자 재택관리 시범기관"", ""응급의료기관"", ""간호간병통합서비스 제공기관"", ""HPV 국가예방접종사업 참여기관"", ""상급종합병원 심층진찰 시범기관"", ""자문형 호스피스전문기관"", ""제3차의료급여기관"", ""차세대염기서열분석 기반 유전자 패널검사 실시기관"", ""경피적 좌심방이 폐색술 실시기관"", ""수면다원검사 실시기관"", ""선천성 악안면 기형의 치과교정 및 악정형 치료 실시기관"", ""가정용 인공호흡기 환자 재택의료 시범기관""]"
JDQ4MTYyMiM1MSMkMSMkMCMkODkkMzgxMzUxIzExIyQxIyQzIyQ2MiQzNjE4MzIjNTEjJDEjJDYjJDgz,아주대학교병원,상급종합,"경기도 수원시 영통구 월드컵로 164, (원천동)",37.2794612,127.0476837,"[""내과"", ""신경과"", ""정신건강의학과"", ""외과"", ""정형외과"", ""신경외과"", ""심장혈관흉부외과"", ""성형외과"", ""마취통증의학과"", ""산부인과"", ""소아청소년과"", ""안과"", ""이비인후과"", ""피부과"", ""비뇨의학과"", ""영상의학과"", ""방사선종양학과"", ""병리과"", ""진단검사의학과"", ""재활의학과"", ""핵의학과"", ""가정의학과"", ""응급의학과"", ""직업환경의학과"", ""예방의학과"", ""구강악안면외과"", ""치과보철과"", ""치과교정과"", ""소아치과"", ""치주과"", ""치과보존과""]","{""가정의학과"": 14, ""구강악안면외과"": 3, ""내과"": 96, ""마취통증의학과"": 21, ""방사선종양학과"": 7, ""병리과"": 11, ""비뇨의학과"": 7, ""산부인과"": 14, ""성형외과"": 6, ""소아청소년과"": 34, ""소아치과"": 1, ""신경과"": 17, ""신경외과"": 8, ""심장혈관흉부외과"": 11, ""안과"": 11, ""영상의학과"": 29, ""예방의학과"": 4, ""외과"": 45, ""응급의학과"": 16, ""이비인후과"": 8, ""재활의학과"": 4, ""정신건강의학과"": 8, ""정형외과"": 21, ""직업환경의학과"": 4, ""진단검사의학과"": 4, ""치과교정과"": 3, ""치과보철과"": 2, ""치주과"": 2, ""통합치의학과"": 1, ""피부과"": 5, ""핵의학과"": 4}","[""콘빔CT"", ""분만감시기"", ""골밀도검사기"", ""인큐베이터"", ""유방촬영장치"", ""체외충격파쇄석기"", ""MRI"", ""CT"", ""양전자단층촬영기 (PET)"", ""인공호흡기"", ""혈액투석을위한인공신장기"", ""일반엑스선촬영장치"", ""종양치료기 (Gamma Knife)"", ""초음파영상진단기"", ""ECMO""]","[""성인 중환자실"", ""신생아 중환자실"", ""측두하악관절자극요법 실시기관"", ""인공와우 실시기관"", ""(정신질환)병원기반 시범기관"", ""선천성 악안면 기형의 치과교정 및 악정형 치료 실시기관"", ""암환자 재택의료 시범기관"", ""신속대응시스템 시범기관"", ""결핵환자 재택의료 시범기관"", ""입원형 호스피스전문기관"", ""심실 보조장치 치료술 실시기관(이식형)"", ""자문형 호스피스전문기관"", ""경피적 대동맥판삽입 실시기관"", ""간호간병통합서비스 제공기관"", ""난임시술(체외)"", ""난임시술(인공)"", ""제3차의료급여기관"", ""차세대염기서열분석 기반 유전자 패널검사 실시기관"", ""경피적 좌심방이 폐색술 실시기관"", ""응급의료기관"", ""가정간호실시기관"", ""상급종합병원 심층진찰 시범기관"", ""수면다원검사 실시기관"", ""조혈모세포이식 실시기관"", ""개방병원"", ""복막투석 환자 재택관리 시범기관"", ""1형 당뇨병 환자 재택의료 시범기관"", ""가정형 호스피스전문기관""]"
JDQ4MTYyMiM4MSMkMSMkNCMkODkkMzgxMzUxIzExIyQxIyQzIyQ3MiQyNjE0ODEjODEjJDEjJDYjJDgz,양산부산대학교병원,상급종합,"경상남도 양산시 물금읍 금오로 20, (물금읍)",35.3281500,129.0057274,"[""내과"", ""신경과"", ""정신건강의학과"", ""외과"", ""정형외과"", ""신경외과"", ""심장혈관흉부외과"", ""성형외과"", ""마취통증의학과"", ""산부인과"", ""소아청소년과"", ""안과"", ""이비인후과"", ""피부과"", ""비뇨의학과"", ""영상의학과"", ""방사선종양학과"", ""병리과"", ""진단검사의학과"", ""재활의학과"", ""핵의학과"", ""가정의학과"", ""응급의학과"", ""직업환경의학과"", ""구강악안면외과""]","{""구강악안면외과"": 1, ""내과"": 70, ""마취통증의학과"": 17, ""방사선종양학과"": 3, ""병리과"": 8, ""비뇨의학과"": 7, ""산부인과"": 6, ""성형외과"": 3, ""소아청소년과"": 37, ""신경과"": 14, ""신경외과"": 9, ""심장혈관흉부외과"": 13, ""안과"": 6, ""영상의학과"": 15, ""예방의학과"": 1, ""외과"": 20, ""응급의학과"": 9, ""이비인후과"": 9, ""재활의학과"": 7, ""정신건강의학과"": 4, ""정형외과"": 7, ""직업환경의학과"": 5, ""진단검사의학과"": 4, ""피부과"": 3, ""핵의학과"": 1}","[""인공호흡기"", ""일반엑스선촬영장치"", ""골밀도검사기"", ""CT"", ""종양치료기 (Gamma Knife)"", ""양전자단층촬영기 (PET)"", ""혈액투석을위한인공신장기"", ""인큐베이터"", ""분만감시기"", ""초음파영상진단기"", ""유방촬영장치"", ""MRI"", ""ECMO"", ""체외충격파쇄석기""]","[""성인 중환자실"", ""소아 중환자실"", ""신생아 중환자실"", ""입원형 호스피스전문기관"", ""차세대염기서열분석 기반 유전자 패널검사 실시기관"", ""복막투석 환자 재택관리 시범기관"", ""의·한협진 활성화를 위한 5단계 시범기관"", ""응급의료기관"", ""제3차의료급여기관"", ""가정용 인공호흡기 환자 재택의료 시범기관"", ""재활환자 재택의료 시범기관"", ""자문형 호스피스전문기관"", ""수면다원검사 실시기관"", ""(정신질환)병원기반·낮병동 시범기관"", ""외국인 근로자 등 의료지원 사업시행 의료기관"", ""비대면진료 시범사업 진료기관(의료기관)"", ""경피적 대동맥판삽입 실시기관"", ""간호간병통합서비스 제공기관"", ""경피적 좌심방이 폐색술 실시기관"", ""장애인 건강 주치의 시범기관(방문진료 실시기관)"", ""장애인 건강 주치의 시범기관(전체)"", ""심장질환자 재택의료 시범기관"", ""인공와우 실시기관"", ""심실 보조장치 치료술 실시기관(체외형&이식형)"", ""결핵환자 재택의료 시범기관"", ""조혈모세포이식 실시기관""]"
JDQ4MTYyMiM1MSMkMSMkNCMkODkkMzgxMzUxIzExIyQxIyQzIyQ3OSQyNjE4MzIjNjEjJDEjJDQjJDgz,연세대학교 원주세브란스기독병원,상급종합,"강원특별자치도 원주시 일산로 20-0,  (일산동)",37.3490013,127.9456638,"[""내과"", ""신경과"", ""정신건강의학과"", ""외과"", ""정형외과"", ""신경외과"", ""심장혈관흉부외과"", ""성형외과"", ""마취통증의학과"", ""산부인과"", ""소아청소년과"", ""안과"", ""이비인후과"", ""피부과"", ""비뇨의학과"", ""영상의학과"", ""방사선종양학과"", ""병리과"", ""진단검사의학과"", ""재활의학과"", ""핵의학과"", ""가정의학과"", ""응급의학과"", ""직업환경의학과"", ""구강악안면외과"", ""치과보철과"", ""치과교정과"", ""소아치과"", ""치과보존과""]","{""가정의학과"": 5, ""구강악안면외과"": 2, ""내과"": 57, ""마취통증의학과"": 11, ""방사선종양학과"": 4, ""병리과"": 4, ""비뇨의학과"": 5, ""산부인과"": 7, ""성형외과"": 3, ""소아청소년과"": 13, ""소아치과"": 1, ""신경과"": 8, ""신경외과"": 6, ""심장혈관흉부외과"": 4, ""안과"": 3, ""영상의학과"": 11, ""예방의학과"": 4, ""외과"": 21, ""응급의학과"": 18, ""이비인후과"": 8, ""재활의학과"": 4, ""정신건강의학과"": 6, ""정형외과"": 11, ""직업환경의학과"": 5, ""진단검사의학과"": 6, ""치과교정과"": 2, ""치과보존과"": 1, ""치과보철과"": 1, ""피부과"": 3, ""핵의학과"": 1}","[""콘빔CT"", ""CT"", ""양전자단층촬영기 (PET)"", ""유방촬영장치"", ""종양치료기 (Gamma Knife)"", ""ECMO"", ""분만감시기"", ""일반엑스선촬영장치"", ""인공호흡기"", ""초음파영상진단기"", ""골밀도검사기"", ""체외충격파쇄석기"", ""혈액투석을위한인공신장기"", ""MRI"", ""인큐베이터""]","[""성인 중환자실"", ""신생아 중환자실"", ""HPV 국가예방접종사업 참여기관"", ""신속대응시스템 시범기관"", ""(정신질환)병원기반·낮병동 시범기관"", ""심장질환자 재택의료 시범기관"", ""가정간호실시기관"", ""보훈위탁진료요양기관"", ""조혈모세포이식 실시기관"", ""제3차의료급여기관"", ""상급종합병원 심층진찰 시범기관"", ""경피적 좌심방이 폐색술 실시기관"", ""응급의료기관"", ""인공와우 실시기관"", ""차세대염기서열분석 기반 유전자 패널검사 실시기관"", ""선천성 악안면 기형의 치과교정 및 악정형 치료 실시기관"", ""가정용 인공호흡기 환자 재택의료 시범기관"", ""경피적 대동맥판삽입 실시기관"", ""간호간병통합서비스 제공기관"", ""난임시술(체외)"", ""난임시술(인공)"", ""복막투석 환자 재택관리 시범기관"", ""암환자 재택의료 시범기관"", ""수면다원검사 실시기관""]"
JDQ4MTg4MSM1MSMkMSMkMCMkODkkMzgxMzUxIzExIyQxIyQzIyQ2MiQzNjE0ODEjNTEjJDEjJDYjJDgz,연세대학교의과대학 강남세브란스병원,상급종합,"서울특별시 강남구 언주로 211, 강남세브란스병원 (도곡동)",37.4929296,127.0462683,"[""내과"", ""신경과"", ""정신건강의학과"", ""외과"", ""정형외과"", ""신경외과"", ""심장혈관흉부외과"", ""성형외과"", ""마취통증의학과"", ""산부인과"", ""소아청소년과"", ""안과"", ""이비인후과"", ""피부과"", ""비뇨의학과"", ""영상의학과"", ""방사선종양학과"", ""병리과"", ""진단검사의학과"", ""재활의학과"", ""핵의학과"", ""가정의학과"", ""응급의학과"", ""구강악안면외과"", ""치과보철과"", ""치과교정과"", ""치주과"", ""치과보존과""]","{""가정의학과"": 12, ""구강악안면외과"": 3, ""내과"": 70, ""마취통증의학과"": 25, ""방사선종양학과"": 3, ""병리과"": 7, ""비뇨의학과"": 7, ""산부인과"": 10, ""성형외과"": 5, ""소아청소년과"": 21, ""신경과"": 16, ""신경외과"": 19, ""심장혈관흉부외과"": 6, ""안과"": 10, ""영상의학과"": 38, ""외과"": 29, ""응급의학과"": 11, ""이비인후과"": 6, ""재활의학과"": 8, ""정신건강의학과"": 6, ""정형외과"": 15, ""진단검사의학과"": 8, ""치과교정과"": 3, ""치과보존과"": 3, ""치과보철과"": 3, ""치주과"": 2, ""피부과"": 4, ""핵의학과"": 4}","[""일반엑스선촬영장치"", ""ECMO"", ""체외충격파쇄석기"", ""골밀도검사기"", ""분만감시기"", ""CT"", ""콘빔CT"", ""초음파영상진단기"", ""혈액투석을위한인공신장기"", ""유방촬영장치"", ""MRI"", ""인공호흡기"", ""인큐베이터"", ""양전자단층촬영기 (PET)""]","[""응급의료기관"", ""제3차의료급여기관"", ""HPV 국가예방접종사업 참여기관"", ""선천성 악안면 기형의 치과교정 및 악정형 치료 실시기관"", ""신속대응시스템 시범기관"", ""경피적 좌심방이 폐색술 실시기관"", ""차세대염기서열분석 기반 유전자 패널검사 실시기관"", ""재활환자 재택의료 시범기관"", ""자문형 호스피스전문기관"", ""측두하악관절자극요법 실시기관"", ""수면다원검사 실시기관"", ""심실 보조장치 치료술 실시기관(이식형)"", ""복막투석 환자 재택관리 시범기관"", ""경피적 대동맥판삽입 실시기관"", ""난임시술(인공)"", ""간호간병통합서비스 제공기관"", ""인공와우 실시기관"", ""상급종합병원 심층진찰 시범기관"", ""가정용 인공호흡기 환자 재택의료 시범기관"", ""성인 중환자실"", ""신생아 중환자실""]"
JDQ4MTg4MSM1MSMkMSMkMCMkODkkMzgxMzUxIzExIyQxIyQzIyQ5OSQyNjE0ODEjNjEjJDEjJDgjJDgz,연세대학교의과대학세브란스병원,상급종합,"서울특별시 서대문구 연세로 50-1, (신촌동)",37.5623446,126.9408265,"[""내과"", ""신경과"", ""정신건강의학과"", ""외과"", ""정형외과"", ""신경외과"", ""심장혈관흉부외과"", ""성형외과"", ""마취통증의학과"", ""산부인과"", ""소아청소년과"", ""안과"", ""이비인후과"", ""피부과"", ""비뇨의학과"", ""영상의학과"", ""방사선종양학과"", ""병리과"", ""진단검사의학과"", ""재활의학과"", ""핵의학과"", ""가정의학과"", ""응급의학과"", ""직업환경의학과"", ""구강악안면외과""]","{""가정의학과"": 10, ""내과"": 226, ""마취통증의학과"": 76, ""방사선종양학과"": 13, ""병리과"": 16, ""비뇨의학과"": 18, ""산부인과"": 25, ""성형외과"": 11, ""신경과"": 22, ""신경외과"": 38, ""심장혈관흉부외과"": 20, ""안과"": 22, ""영상의학과"": 76, ""예방의학과"": 10, ""외과"": 76, ""응급의학과"": 21, ""이비인후과"": 18, ""재활의학과"": 12, ""정신건강의학과"": 22, ""정형외과"": 28, ""직업환경의학과"": 3, ""진단검사의학과"": 19, ""피부과"": 10, ""핵의학과"": 6}","[""양전자단층촬영기 (PET)"", ""골밀도검사기"", ""인공호흡기"", ""종양치료기 (Cyber Knife)"", ""체외충격파쇄석기"", ""일반엑스선촬영장치"", ""MRI"", ""혈액투석을위한인공신장기"", ""분만감시기"", ""유방촬영장치"", ""초음파영상진단기"", ""종양치료기 (Gamma Knife)"", ""ECMO"", ""CT"", ""인큐베이터""]","[""HPV 국가예방접종사업 참여기관"", ""암환자 재택의료 시범기관"", ""응급의료기관"", ""수면다원검사 실시기관"", ""경피적 좌심방이 폐색술 실시기관"", ""심장질환자 재택의료 시범기관"", ""인공와우 실시기관"", ""제3차의료급여기관"", ""심실 보조장치 치료술 실시기관(체외형&이식형)"", ""(정신질환)병원기반 시범기관"", ""상급종합병원 심층진찰 시범기관"", ""복막투석 환자 재택관리 시범기관"", ""가정용 인공호흡기 환자 재택의료 시범기관"", ""조혈모세포이식 실시기관"", ""경피적 대동맥판삽입 실시기관"", ""난임시술(체외)"", ""난임시술(인공)"", ""간호간병통합서비스 제공기관"", ""비대면진료 시범사업 진료기관(의료기관)"", ""차세대염기서열분석 기반 유전자 패널검사 실시기관"", ""신속대응시스템 시범기관"", ""재활환자 재택의료 시범기관"", ""자문형 호스피스전문기관"", ""암환자(요루) 재택의료 시범기관"", ""가정간호실시기관"", ""중증소아 재택의료 시범기관"", ""1형 당뇨병 환자 재택의료 시범기관"", ""성인 중환자실"", ""소아 중환자실"", ""신생아 중환자실""]"
JDQ4MTYyMiM4MSMkMSMkMCMkODkkMzgxMzUxIzExIyQxIyQzIyQ4OSQzNjE0ODEjODEjJDEjJDYjJDgz,영남대학교병원,상급종합,"대구광역시 남구 현충로 170, (대명동)",35.8481070,128.5820500,"[""내과"", ""신경과"", ""정신건강의학과"", ""외과"", ""정형외과"", ""신경외과"", ""심장혈관흉부외과"", ""성형외과"", ""마취통증의학과"", ""산부인과"", ""소아청소년과"", ""안과"", ""이비인후과"", ""피부과"", ""비뇨의학과"", ""영상의학과"", ""방사선종양학과"", ""병리과"", ""진단검사의학과"", ""재활의학과"", ""핵의학과"", ""가정의학과"", ""응급의학과"", ""직업환경의학과"", ""구강악안면외과"", ""치과보철과"", ""치과보존과""]","{""가정의학과"": 2, ""구강악안면외과"": 1, ""내과"": 55, ""마취통증의학과"": 8, ""방사선종양학과"": 4, ""병리과"": 6, ""비뇨의학과"": 4, ""산부인과"": 5, ""성형외과"": 5, ""소아청소년과"": 7, ""신경과"": 5, ""신경외과"": 9, ""심장혈관흉부외과"": 4, ""안과"": 11, ""영상의학과"": 9, ""예방의학과"": 2, ""외과"": 20, ""응급의학과"": 7, ""이비인후과"": 3, ""재활의학과"": 3, ""정신건강의학과"": 6, ""정형외과"": 9, ""직업환경의학과"": 2, ""진단검사의학과"": 4, ""치과보존과"": 1, ""치과보철과"": 1, ""피부과"": 3, ""핵의학과"": 4}","[""유방촬영장치"", ""골밀도검사기"", ""인큐베이터"", ""체외충격파쇄석기"", ""인공호흡기"", ""분만감시기"", ""ECMO"", ""혈액투석을위한인공신장기"", ""일반엑스선촬영장치"", ""MRI"", ""초음파영상진단기"", ""CT"", ""양전자단층촬영기 (PET)"", ""콘빔CT""]","[""제3차의료급여기관"", ""상급종합병원 심층진찰 시범기관"", ""심장질환자 재택의료 시범기관"", ""암환자 재택의료 시범기관"", ""수면다원검사 실시기관"", ""1형 당뇨병 환자 재택의료 시범기관"", ""재활환자 재택의료 시범기관"", ""응급의료기관"", ""개방병원"", ""차세대염기서열분석 기반 유전자 패널검사 실시기관"", ""경피적 좌심방이 폐색술 실시기관"", ""경피적 대동맥판삽입 실시기관"", ""간호간병통합서비스 제공기관"", ""암환자(요루) 재택의료 시범기관"", ""HPV 국가예방접종사업 참여기관"", ""복막투석 환자 재택관리 시범기관"", ""결핵환자 재택의료 시범기관"", ""자문형 호스피스전문기관"", ""측두하악관절자극요법 실시기관"", ""조혈모세포이식 실시기관"", ""(정신질환)병원기반·낮병동 시범기관"", ""가정용 인공호흡기 환자 재택의료 시범기관"", ""성인 중환자실"", ""신생아 중환자실""]"
JDQ4MTYyMiM2MSMkMSMkNiMkODkkMzgxMzUxIzExIyQxIyQzIyQ3OSQzNjEyMjIjNDEjJDEjJDgjJDgz,원광대학교병원,상급종합,"전북특별자치도 익산시 무왕로 895, (신동)",35.9646389,126.9595793,"[""내과"", ""신경과"", ""정신건강의학과"", ""외과"", ""정형외과"", ""신경외과"", ""심장혈관흉부외과"", ""성형외과"", ""마취통증의학과"", ""산부인과"", ""소아청소년과"", ""안과"", ""이비인후과"", ""피부과"", ""비뇨의학과"", ""영상의학과"", ""방사선종양학과"", ""병리과"", ""진단검사의학과"", ""재활의학과"", ""핵의학과"", ""가정의학과"", ""응급의학과"", ""직업환경의학과"", ""통합치의학과""]","{""가정의학과"": 2, ""구강악안면외과"": 1, ""내과"": 35, ""마취통증의학과"": 6, ""방사선종양학과"": 3, ""병리과"": 3, ""비뇨의학과"": 5, ""산부인과"": 5, ""성형외과"": 3, ""소아청소년과"": 9, ""신경과"": 8, ""신경외과"": 7, ""심장혈관흉부외과"": 3, ""안과"": 3, ""영상의학과"": 12, ""예방의학과"": 3, ""외과"": 15, ""응급의학과"": 12, ""이비인후과"": 3, ""재활의학과"": 3, ""정신건강의학과"": 5, ""정형외과"": 6, ""직업환경의학과"": 2, ""진단검사의학과"": 4, ""피부과"": 2, ""핵의학과"": 3}","[""CT"", ""일반엑스선촬영장치"", ""초음파영상진단기"", ""인큐베이터"", ""양전자단층촬영기 (PET)"", ""ECMO"", ""분만감시기"", ""체외충격파쇄석기"", ""인공호흡기"", ""혈액투석을위한인공신장기"", ""골밀도검사기"", ""유방촬영장치"", ""MRI""]","[""복막투석 환자 재택관리 시범기관"", ""가정용 인공호흡기 환자 재택의료 시범기관"", ""의·한협진 활성화를 위한 5단계 시범기관"", ""응급의료기관"", ""제3차의료급여기관"", ""차세대염기서열분석 기반 유전자 패널검사 실시기관"", ""신속대응시스템 시범기관"", ""인공와우 실시기관"", ""HPV 국가예방접종사업 참여기관"", ""경피적 대동맥판삽입 실시기관"", ""간호간병통합서비스 제공기관"", ""(정신질환)병원기반·낮병동 시범기관"", ""외국인 근로자 등 의료지원 사업시행 의료기관"", ""재활환자 재택의료 시범기관"", ""암환자 재택의료 시범기관"", ""수면다원검사 실시기관"", ""조혈모세포이식 실시기관"", ""성인 중환자실"", ""신생아 중환자실""]"
JDQ4MTYyMiM1MSMkMSMkMCMkODkkMzgxMzUxIzExIyQyIyQzIyQwMCQyNjE0ODEjODEjJDEjJDYjJDgz,의료법인 길의료재단 길병원,상급종합,"인천광역시 남동구 남동대로774번길 21-0, 의료법인길의료재단길병원",37.4521710,126.7092258,"[""내과"", ""신경과"", ""정신건강의학과"", ""외과"", ""정형외과"", ""신경외과"", ""심장혈관흉부외과"", ""성형외과"", ""마취통증의학과"", ""산부인과"", ""소아청소년과"", ""안과"", ""이비인후과"", ""피부과"", ""비뇨의학과"", ""영상의학과"", ""방사선종양학과"", ""병리과"", ""진단검사의학과"", ""재활의학과"", ""핵의학과"", ""가정의학과"", ""응급의학과"", ""직업환경의학과"", ""구강악안면외과"", ""치과보철과"", ""치과교정과"", ""치주과"", ""치과보존과""]","{""가정의학과"": 7, ""구강악안면외과"": 3, ""내과"": 73, ""마취통증의학과"": 12, ""방사선종양학과"": 4, ""병리과"": 5, ""비뇨의학과"": 7, ""산부인과"": 9, ""성형외과"": 4, ""소아청소년과"": 14, ""신경과"": 10, ""신경외과"": 14, ""심장혈관흉부외과"": 9, ""안과"": 7, ""영상의학과"": 14, ""예방의학과"": 1, ""외과"": 36, ""응급의학과"": 23, ""이비인후과"": 10, ""재활의학과"": 3, ""정신건강의학과"": 5, ""정형외과"": 10, ""직업환경의학과"": 3, ""진단검사의학과"": 5, ""치과교정과"": 2, ""치과보존과"": 2, ""치과보철과"": 1, ""치주과"": 1, ""피부과"": 4, ""핵의학과"": 5}","[""유방촬영장치"", ""ECMO"", ""MRI"", ""분만감시기"", ""일반엑스선촬영장치"", ""초음파영상진단기"", ""체외충격파쇄석기"", ""인큐베이터"", ""양전자단층촬영기 (PET)"", ""골밀도검사기"", ""콘빔CT"", ""혈액투석을위한인공신장기"", ""CT"", ""인공호흡기""]","[""성인 중환자실"", ""신생아 중환자실"", ""제3차의료급여기관"", ""응급의료기관"", ""심실 보조장치 치료술 실시기관(이식형)"", ""선천성 악안면 기형의 치과교정 및 악정형 치료 실시기관"", ""심장질환자 재택의료 시범기관"", ""경피적 좌심방이 폐색술 실시기관"", ""수면다원검사 실시기관"", ""복막투석 환자 재택관리 시범기관"", ""입원형 호스피스전문기관"", ""상급종합병원 심층진찰 시범기관"", ""(정신질환)병원기반 시범기관"", ""1형 당뇨병 환자 재택의료 시범기관"", ""경피적 대동맥판삽입 실시기관"", ""간호간병통합서비스 제공기관"", ""난임시술(체외)"", ""난임시술(인공)"", ""인공와우 실시기관"", ""결핵환자 재택의료 시범기관"", ""자문형 호스피스전문기관"", ""조혈모세포이식 실시기관"", ""가정간호실시기관"", ""차세대염기서열분석 기반 유전자 패널검사 실시기관"", ""신속대응시스템 시범기관"", ""가정용 인공호흡기 환자 재택의료 시범기관"", ""재활환자 재택의료 시범기관"", ""측두하악관절자극요법 실시기관"", ""HPV 국가예방접종사업 참여기관"", ""암환자 재택의료 시범기관""]"
JDQ4MTg4MSM1MSMkMSMkMCMkODkkMzgxMzUxIzExIyQxIyQzIyQxMyQyNjEwMDIjNjEjJDEjJDQjJDgz,이화여자대학교의과대학부속목동병원,상급종합,"서울특별시 양천구 안양천로 1071, (목동)",37.5366020,126.8862043,"[""내과"", ""신경과"", ""정신건강의학과"", ""외과"", ""정형외과"", ""신경외과"", ""심장혈관흉부외과"", ""성형외과"", ""마취통증의학과"", ""산부인과"", ""소아청소년과"", ""안과"", ""이비인후과"", ""피부과"", ""비뇨의학과"", ""영상의학과"", ""방사선종양학과"", ""병리과"", ""진단검사의학과"", ""재활의학과"", ""핵의학과"", ""가정의학과"", ""응급의학과"", ""직업환경의학과"", ""구강악안면외과"", ""치과보철과"", ""치과교정과"", ""소아치과"", ""치주과"", ""치과보존과""]","{""가정의학과"": 3, ""구강악안면외과"": 3, ""내과"": 51, ""마취통증의학과"": 13, ""방사선종양학과"": 3, ""병리과"": 6, ""비뇨의학과"": 10, ""산부인과"": 10, ""성형외과"": 3, ""소아청소년과"": 14, ""신경과"": 11, ""신경외과"": 5, ""심장혈관흉부외과"": 4, ""안과"": 6, ""영상의학과"": 18, ""외과"": 24, ""응급의학과"": 17, ""이비인후과"": 6, ""재활의학과"": 2, ""정신건강의학과"": 3, ""정형외과"": 8, ""직업환경의학과"": 1, ""진단검사의학과"": 6, ""치과교정과"": 2, ""치과보존과"": 1, ""치과보철과"": 2, ""치주과"": 2, ""피부과"": 3, ""핵의학과"": 3}","[""인공호흡기"", ""분만감시기"", ""유방촬영장치"", ""체외충격파쇄석기"", ""MRI"", ""혈액투석을위한인공신장기"", ""양전자단층촬영기 (PET)"", ""골밀도검사기"", ""콘빔CT"", ""ECMO"", ""일반엑스선촬영장치"", ""인큐베이터"", ""초음파영상진단기"", ""CT""]","[""조혈모세포이식 실시기관"", ""차세대염기서열분석 기반 유전자 패널검사 실시기관"", ""심장질환자 재택의료 시범기관"", ""결핵환자 재택의료 시범기관"", ""HPV 국가예방접종사업 참여기관"", ""수면다원검사 실시기관"", ""선천성 악안면 기형의 치과교정 및 악정형 치료 실시기관"", ""자문형 호스피스전문기관"", ""응급의료기관"", ""가정간호실시기관"", ""측두하악관절자극요법 실시기관"", ""상급종합병원 심층진찰 시범기관"", ""신속대응시스템 시범기관"", ""복막투석 환자 재택관리 시범기관"", ""경피적 좌심방이 폐색술 실시기관"", ""난임시술(체외)"", ""난임시술(인공)"", ""간호간병통합서비스 제공기관"", ""인공와우 실시기관"", ""제3차의료급여기관"", ""성인 중환자실"", ""신생아 중환자실""]"
JDQ4MTAxMiM1MSMkMSMkMCMkODkkMzgxMzUxIzExIyQxIyQzIyQ3OSQzNjEyMjIjNTEjJDEjJDYjJDgz,인제대학교부산백병원,상급종합,"부산광역시 부산진구 복지로 75, 진사로83번길 75, 진사로83번길 81, 1층(일부), 3층 (개금동)",35.1461809,129.0208925,"[""내과"", ""신경과"", ""정신건강의학과"", ""외과"", ""정형외과"", ""신경외과"", ""심장혈관흉부외과"", ""성형외과"", ""마취통증의학과"", ""산부인과"", ""소아청소년과"", ""안과"", ""이비인후과"", ""피부과"", ""비뇨의학과"", ""영상의학과"", ""방사선종양학과"", ""병리과"", ""진단검사의학과"", ""재활의학과"", ""핵의학과"", ""가정의학과"", ""응급의학과"", ""직업환경의학과"", ""예방의학과"", ""구강악안면외과"", ""치과교정과"", ""구강내과""]","{""가정의학과"": 4, ""구강내과"": 1, ""구강악안면외과"": 3, ""내과"": 50, ""마취통증의학과"": 11, ""방사선종양학과"": 3, ""병리과"": 4, ""비뇨의학과"": 5, ""산부인과"": 9, ""성형외과"": 3, ""소아청소년과"": 9, ""신경과"": 7, ""신경외과"": 7, ""심장혈관흉부외과"": 5, ""안과"": 9, ""외과"": 17, ""응급의학과"": 11, ""재활의학과"": 3, ""정신건강의학과"": 4, ""정형외과"": 8, ""직업환경의학과"": 5, ""진단검사의학과"": 5, ""치과교정과"": 1, ""통합치의학과"": 1, ""피부과"": 3, ""핵의학과"": 3}","[""CT"", ""유방촬영장치"", ""종양치료기 (Gamma Knife)"", ""체외충격파쇄석기"", ""인공호흡기"", ""일반엑스선촬영장치"", ""초음파영상진단기"", ""ECMO"", ""분만감시기"", ""양전자단층촬영기 (PET)"", ""MRI"", ""혈액투석을위한인공신장기"", ""콘빔CT"", ""골밀도검사기"", ""인큐베이터""]","[""차세대염기서열분석 기반 유전자 패널검사 실시기관"", ""수면다원검사 실시기관"", ""복막투석 환자 재택관리 시범기관"", ""인공와우 실시기관"", ""(정신질환)병원기반·낮병동 시범기관"", ""응급의료기관"", ""상급종합병원 심층진찰 시범기관"", ""조혈모세포이식 실시기관"", ""경피적 좌심방이 폐색술 실시기관"", ""경피적 대동맥판삽입 실시기관"", ""간호간병통합서비스 제공기관"", ""난임시술(체외)"", ""난임시술(인공)"", ""성인 중환자실"", ""신생아 중환자실"", ""신속대응시스템 시범기관"", ""결핵환자 재택의료 시범기관"", ""측두하악관절자극요법 실시기관"", ""제3차의료급여기관""]"
JDQ4MTYyMiM1MSMkMSMkMCMkODkkMzgxMzUxIzExIyQxIyQzIyQ3MiQzNjEwMDIjNjEjJDEjJDAjJDgz,인하대학교의과대학부속병원,상급종합,"인천광역시 제물포구 인항로 27-0, 인하대학병원",37.4586786,126.6340954,"[""내과"", ""신경과"", ""정신건강의학과"", ""외과"", ""정형외과"", ""신경외과"", ""심장혈관흉부외과"", ""성형외과"", ""마취통증의학과"", ""산부인과"", ""소아청소년과"", ""안과"", ""이비인후과"", ""피부과"", ""비뇨의학과"", ""영상의학과"", ""방사선종양학과"", ""병리과"", ""진단검사의학과"", ""재활의학과"", ""핵의학과"", ""가정의학과"", ""응급의학과"", ""직업환경의학과"", ""구강악안면외과"", ""치과보철과"", ""치과교정과"", ""치과보존과""]","{""가정의학과"": 4, ""구강내과"": 1, ""구강악안면외과"": 1, ""내과"": 67, ""마취통증의학과"": 14, ""방사선종양학과"": 3, ""병리과"": 5, ""비뇨의학과"": 7, ""산부인과"": 13, ""성형외과"": 2, ""소아청소년과"": 32, ""신경과"": 10, ""신경외과"": 7, ""심장혈관흉부외과"": 4, ""안과"": 6, ""영상의학과"": 15, ""예방의학과"": 1, ""외과"": 20, ""응급의학과"": 19, ""이비인후과"": 3, ""재활의학과"": 4, ""정신건강의학과"": 6, ""정형외과"": 11, ""직업환경의학과"": 3, ""진단검사의학과"": 5, ""치과보철과"": 1, ""통합치의학과"": 2, ""피부과"": 4, ""핵의학과"": 2}","[""인공호흡기"", ""양전자단층촬영기 (PET)"", ""MRI"", ""ECMO"", ""인큐베이터"", ""분만감시기"", ""일반엑스선촬영장치"", ""유방촬영장치"", ""CT"", ""체외충격파쇄석기"", ""콘빔CT"", ""초음파영상진단기"", ""골밀도검사기"", ""혈액투석을위한인공신장기""]","[""성인 중환자실"", ""소아 중환자실"", ""신생아 중환자실"", ""(정신질환)병원기반 시범기관"", ""심장질환자 재택의료 시범기관"", ""자문형 호스피스전문기관"", ""신속대응시스템 시범기관"", ""1형 당뇨병 환자 재택의료 시범기관"", ""암환자(요루) 재택의료 시범기관"", ""경피적 좌심방이 폐색술 실시기관"", ""입원형 호스피스전문기관"", ""가정용 인공호흡기 환자 재택의료 시범기관"", ""암환자 재택의료 시범기관"", ""HPV 국가예방접종사업 참여기관"", ""상급종합병원 심층진찰 시범기관"", ""가정간호실시기관"", ""측두하악관절자극요법 실시기관"", ""수면다원검사 실시기관"", ""경피적 대동맥판삽입 실시기관"", ""간호간병통합서비스 제공기관"", ""응급의료기관"", ""복막투석 환자 재택관리 시범기관"", ""결핵환자 재택의료 시범기관"", ""인공와우 실시기관"", ""제3차의료급여기관"", ""차세대염기서열분석 기반 유전자 패널검사 실시기관"", ""재활환자 재택의료 시범기관"", ""조혈모세포이식 실시기관""]"
JDQ4MTg4MSM1MSMkMSMkMCMkODkkMzgxMzUxIzExIyQxIyQzIyQwMyQyNjE0ODEjNDEjJDEjJDQjJDgz,재단법인아산사회복지재단 서울아산병원,상급종합,"서울특별시 송파구 올림픽로43길 88, 서울아산병원 (풍납동)",37.5265762,127.1079350,"[""내과"", ""신경과"", ""정신건강의학과"", ""외과"", ""정형외과"", ""신경외과"", ""심장혈관흉부외과"", ""성형외과"", ""마취통증의학과"", ""산부인과"", ""소아청소년과"", ""안과"", ""이비인후과"", ""피부과"", ""비뇨의학과"", ""영상의학과"", ""방사선종양학과"", ""병리과"", ""진단검사의학과"", ""재활의학과"", ""핵의학과"", ""가정의학과"", ""응급의학과"", ""구강악안면외과"", ""치과보철과"", ""치과교정과"", ""소아치과"", ""치주과"", ""치과보존과""]","{""가정의학과"": 21, ""구강악안면외과"": 4, ""내과"": 282, ""마취통증의학과"": 73, ""방사선종양학과"": 13, ""병리과"": 26, ""비뇨의학과"": 19, ""산부인과"": 22, ""소아청소년과"": 68, ""소아치과"": 2, ""신경과"": 40, ""신경외과"": 33, ""심장혈관흉부외과"": 42, ""안과"": 24, ""영상의학과"": 129, ""예방의학과"": 3, ""외과"": 137, ""응급의학과"": 19, ""이비인후과"": 17, ""재활의학과"": 13, ""정신건강의학과"": 16, ""정형외과"": 38, ""진단검사의학과"": 19, ""치과교정과"": 2, ""치과보존과"": 2, ""치과보철과"": 4, ""치주과"": 3, ""피부과"": 7, ""핵의학과"": 9}","[""콘빔CT"", ""양전자단층촬영기 (PET)"", ""골밀도검사기"", ""MRI"", ""종양치료기 (Gamma Knife)"", ""일반엑스선촬영장치"", ""인공호흡기"", ""ECMO"", ""혈액투석을위한인공신장기"", ""유방촬영장치"", ""인큐베이터"", ""분만감시기"", ""CT"", ""초음파영상진단기"", ""종양치료기 (Cyber Knife)"", ""체외충격파쇄석기""]","[""(정신질환)병원기반 시범기관"", ""가정용 인공호흡기 환자 재택의료 시범기관"", ""응급의료기관"", ""인공와우 실시기관"", ""1형 당뇨병 환자 재택의료 시범기관"", ""제3차의료급여기관"", ""복막투석 환자 재택관리 시범기관"", ""조혈모세포이식 실시기관"", ""가정간호실시기관"", ""경피적 좌심방이 폐색술 실시기관"", ""차세대염기서열분석 기반 유전자 패널검사 실시기관"", ""상급종합병원 심층진찰 시범기관"", ""결핵환자 재택의료 시범기관"", ""자문형 호스피스전문기관"", ""중증소아 재택의료 시범기관"", ""경피적 대동맥판삽입 실시기관"", ""난임시술(체외)"", ""난임시술(인공)"", ""간호간병통합서비스 제공기관"", ""선천성 악안면 기형의 치과교정 및 악정형 치료 실시기관"", ""심장질환자 재택의료 시범기관"", ""암환자(요루) 재택의료 시범기관"", ""수면다원검사 실시기관"", ""심실 보조장치 치료술 실시기관(체외형&이식형)"", ""암환자 재택의료 시범기관"", ""성인 중환자실"", ""소아 중환자실"", ""신생아 중환자실""]"
JDQ4MTYyMiM3MSMkMSMkMCMkODkkMzgxMzUxIzExIyQxIyQzIyQ3OSQyNjEwMDIjNTEjJDEjJDYjJDgz,전남대학교병원,상급종합,"전남광주통합특별시 동구 제봉로 42,  (학동)",35.1418094,126.9215805,"[""내과"", ""신경과"", ""정신건강의학과"", ""외과"", ""정형외과"", ""신경외과"", ""심장혈관흉부외과"", ""성형외과"", ""마취통증의학과"", ""산부인과"", ""소아청소년과"", ""안과"", ""이비인후과"", ""피부과"", ""비뇨의학과"", ""영상의학과"", ""방사선종양학과"", ""병리과"", ""진단검사의학과"", ""재활의학과"", ""핵의학과"", ""가정의학과"", ""응급의학과"", ""직업환경의학과"", ""구강악안면외과""]","{""가정의학과"": 1, ""구강병리과"": 1, ""구강악안면외과"": 4, ""내과"": 74, ""마취통증의학과"": 10, ""방사선종양학과"": 1, ""병리과"": 6, ""비뇨의학과"": 6, ""산부인과"": 8, ""성형외과"": 6, ""소아청소년과"": 21, ""신경과"": 14, ""신경외과"": 11, ""심장혈관흉부외과"": 4, ""안과"": 10, ""영상의학과"": 11, ""예방의학과"": 2, ""외과"": 20, ""응급의학과"": 16, ""이비인후과"": 6, ""재활의학과"": 5, ""정신건강의학과"": 9, ""정형외과"": 10, ""직업환경의학과"": 1, ""진단검사의학과"": 4, ""피부과"": 3, ""핵의학과"": 4}","[""MRI"", ""인공호흡기"", ""콘빔CT"", ""골밀도검사기"", ""분만감시기"", ""양전자단층촬영기 (PET)"", ""유방촬영장치"", ""인큐베이터"", ""일반엑스선촬영장치"", ""초음파영상진단기"", ""체외충격파쇄석기"", ""CT"", ""혈액투석을위한인공신장기"", ""ECMO""]","[""성인 중환자실"", ""소아 중환자실"", ""신생아 중환자실"", ""차세대염기서열분석 기반 유전자 패널검사 실시기관"", ""복막투석 환자 재택관리 시범기관"", ""외국인 근로자 등 의료지원 사업시행 의료기관"", ""1형 당뇨병 환자 재택의료 시범기관"", ""결핵환자 재택의료 시범기관"", ""경피적 대동맥판삽입 실시기관"", ""간호간병통합서비스 제공기관"", ""난임시술(체외)"", ""난임시술(인공)"", ""제3차의료급여기관"", ""신속대응시스템 시범기관"", ""응급의료기관"", ""인공와우 실시기관"", ""HPV 국가예방접종사업 참여기관"", ""심실 보조장치 치료술 실시기관(체외형&이식형)"", ""수면다원검사 실시기관"", ""(정신질환)병원기반 시범기관""]"
JDQ4MTYyMiM2MSMkMSMkNiMkODkkMzgxMzUxIzExIyQxIyQzIyQ3OSQyNjEwMDIjNDEjJDEjJDQjJDgz,전북대학교병원,상급종합,"전북특별자치도 전주시 덕진구 건지로 20,  (금암동)",35.8470974,127.1411626,"[""내과"", ""신경과"", ""정신건강의학과"", ""외과"", ""정형외과"", ""신경외과"", ""심장혈관흉부외과"", ""성형외과"", ""마취통증의학과"", ""산부인과"", ""소아청소년과"", ""안과"", ""이비인후과"", ""피부과"", ""비뇨의학과"", ""영상의학과"", ""방사선종양학과"", ""병리과"", ""진단검사의학과"", ""재활의학과"", ""핵의학과"", ""가정의학과"", ""응급의학과"", ""구강악안면외과"", ""치과보철과"", ""치과교정과"", ""소아치과"", ""치주과"", ""치과보존과"", ""구강내과"", ""영상치의학과""]","{""구강내과"": 1, ""구강악안면외과"": 4, ""내과"": 60, ""마취통증의학과"": 12, ""방사선종양학과"": 2, ""병리과"": 8, ""비뇨의학과"": 4, ""산부인과"": 9, ""성형외과"": 4, ""소아청소년과"": 14, ""신경과"": 11, ""신경외과"": 6, ""심장혈관흉부외과"": 4, ""안과"": 7, ""영상의학과"": 15, ""예방의학과"": 2, ""외과"": 16, ""응급의학과"": 8, ""이비인후과"": 7, ""재활의학과"": 6, ""정신건강의학과"": 6, ""정형외과"": 11, ""진단검사의학과"": 5, ""치과교정과"": 1, ""통합치의학과"": 1, ""피부과"": 4, ""핵의학과"": 4}","[""골밀도검사기"", ""혈액투석을위한인공신장기"", ""분만감시기"", ""초음파영상진단기"", ""인큐베이터"", ""종양치료기 (Gamma Knife)"", ""인공호흡기"", ""ECMO"", ""MRI"", ""양전자단층촬영기 (PET)"", ""체외충격파쇄석기"", ""CT"", ""일반엑스선촬영장치"", ""유방촬영장치""]","[""측두하악관절자극요법 실시기관"", ""1형 당뇨병 환자 재택의료 시범기관"", ""HPV 국가예방접종사업 참여기관"", ""신속대응시스템 시범기관"", ""복막투석 환자 재택관리 시범기관"", ""심장질환자 재택의료 시범기관"", ""조혈모세포이식 실시기관"", ""차세대염기서열분석 기반 유전자 패널검사 실시기관"", ""경피적 대동맥판삽입 실시기관"", ""간호간병통합서비스 제공기관"", ""난임시술(체외)"", ""난임시술(인공)"", ""외국인 근로자 등 의료지원 사업시행 의료기관"", ""가정용 인공호흡기 환자 재택의료 시범기관"", ""응급의료기관"", ""입원형 호스피스전문기관"", ""가정형 호스피스전문기관"", ""암환자 재택의료 시범기관"", ""경피적 좌심방이 폐색술 실시기관"", ""인공와우 실시기관"", ""제3차의료급여기관"", ""수면다원검사 실시기관"", ""성인 중환자실"", ""소아 중환자실"", ""신생아 중환자실""]"
JDQ4MTYyMiM3MSMkMSMkMCMkODkkMzgxMzUxIzExIyQxIyQzIyQ3OSQyNjEyMjIjNDEjJDEjJDgjJDgz,조선대학교병원,상급종합,"전남광주통합특별시 동구 필문대로 365,  (학동)",35.1390537,126.9261467,"[""내과"", ""신경과"", ""정신건강의학과"", ""외과"", ""정형외과"", ""신경외과"", ""심장혈관흉부외과"", ""성형외과"", ""마취통증의학과"", ""산부인과"", ""소아청소년과"", ""안과"", ""이비인후과"", ""피부과"", ""비뇨의학과"", ""영상의학과"", ""방사선종양학과"", ""병리과"", ""진단검사의학과"", ""재활의학과"", ""핵의학과"", ""가정의학과"", ""응급의학과"", ""직업환경의학과"", ""구강악안면외과""]","{""가정의학과"": 2, ""구강악안면외과"": 1, ""내과"": 38, ""마취통증의학과"": 11, ""방사선종양학과"": 2, ""병리과"": 3, ""비뇨의학과"": 5, ""산부인과"": 5, ""성형외과"": 3, ""소아청소년과"": 9, ""소아치과"": 1, ""신경과"": 5, ""신경외과"": 8, ""심장혈관흉부외과"": 2, ""안과"": 4, ""영상의학과"": 8, ""외과"": 11, ""응급의학과"": 9, ""이비인후과"": 5, ""재활의학과"": 1, ""정신건강의학과"": 5, ""정형외과"": 9, ""직업환경의학과"": 2, ""진단검사의학과"": 5, ""치과보존과"": 1, ""피부과"": 5, ""핵의학과"": 2}","[""분만감시기"", ""유방촬영장치"", ""인큐베이터"", ""MRI"", ""CT"", ""인공호흡기"", ""일반엑스선촬영장치"", ""양전자단층촬영기 (PET)"", ""혈액투석을위한인공신장기"", ""골밀도검사기"", ""ECMO"", ""체외충격파쇄석기"", ""초음파영상진단기""]","[""성인 중환자실"", ""신생아 중환자실"", ""인공와우 실시기관"", ""복막투석 환자 재택관리 시범기관"", ""암환자 재택의료 시범기관"", ""상급종합병원 심층진찰 시범기관"", ""(정신질환)병원기반 시범기관"", ""1형 당뇨병 환자 재택의료 시범기관"", ""간호간병통합서비스 제공기관"", ""응급의료기관"", ""차세대염기서열분석 기반 유전자 패널검사 실시기관"", ""결핵환자 재택의료 시범기관"", ""조혈모세포이식 실시기관"", ""HPV 국가예방접종사업 참여기관"", ""수면다원검사 실시기관"", ""외국인 근로자 등 의료지원 사업시행 의료기관"", ""경피적 좌심방이 폐색술 실시기관"", ""제3차의료급여기관""]"
JDQ4MTg4MSM1MSMkMSMkMCMkODkkMzgxMzUxIzExIyQxIyQzIyQ3OSQzNjEwMDIjNTEjJDEjJDIjJDgz,중앙대학교병원,상급종합,"서울특별시 동작구 흑석로 102, (흑석동)",37.5067481,126.9607839,"[""내과"", ""신경과"", ""정신건강의학과"", ""외과"", ""정형외과"", ""신경외과"", ""심장혈관흉부외과"", ""성형외과"", ""마취통증의학과"", ""산부인과"", ""소아청소년과"", ""안과"", ""이비인후과"", ""피부과"", ""비뇨의학과"", ""영상의학과"", ""방사선종양학과"", ""병리과"", ""진단검사의학과"", ""재활의학과"", ""핵의학과"", ""가정의학과"", ""응급의학과"", ""구강악안면외과"", ""치과보철과"", ""치과교정과"", ""치과보존과""]","{""가정의학과"": 6, ""구강악안면외과"": 3, ""내과"": 65, ""마취통증의학과"": 14, ""방사선종양학과"": 1, ""병리과"": 6, ""비뇨의학과"": 7, ""산부인과"": 8, ""성형외과"": 3, ""소아청소년과"": 17, ""신경과"": 9, ""신경외과"": 8, ""심장혈관흉부외과"": 5, ""안과"": 5, ""영상의학과"": 23, ""외과"": 13, ""응급의학과"": 17, ""이비인후과"": 5, ""재활의학과"": 4, ""정신건강의학과"": 5, ""정형외과"": 11, ""진단검사의학과"": 4, ""치과교정과"": 2, ""치과보존과"": 1, ""치과보철과"": 1, ""치주과"": 1, ""피부과"": 4, ""핵의학과"": 1}","[""초음파영상진단기"", ""인공호흡기"", ""혈액투석을위한인공신장기"", ""유방촬영장치"", ""골밀도검사기"", ""CT"", ""MRI"", ""인큐베이터"", ""ECMO"", ""체외충격파쇄석기"", ""분만감시기"", ""콘빔CT"", ""일반엑스선촬영장치"", ""양전자단층촬영기 (PET)""]","[""(정신질환)병원기반 시범기관"", ""복막투석 환자 재택관리 시범기관"", ""가정간호실시기관"", ""인공와우 실시기관"", ""제3차의료급여기관"", ""심장질환자 재택의료 시범기관"", ""조혈모세포이식 실시기관"", ""경피적 좌심방이 폐색술 실시기관"", ""수면다원검사 실시기관"", ""응급의료기관"", ""HPV 국가예방접종사업 참여기관"", ""차세대염기서열분석 기반 유전자 패널검사 실시기관"", ""심실 보조장치 치료술 실시기관(이식형)"", ""결핵환자 재택의료 시범기관"", ""간호간병통합서비스 제공기관"", ""비대면진료 시범사업 진료기관(의료기관)"", ""상급종합병원 심층진찰 시범기관"", ""선천성 악안면 기형의 치과교정 및 악정형 치료 실시기관"", ""신속대응시스템 시범기관"", ""성인 중환자실"", ""신생아 중환자실""]"
JDQ4MTYyMiM2MSMkMSMkMiMkODkkMzgxMzUxIzExIyQxIyQzIyQ3OSQyNjEwMDIjNjEjJDEjJDgjJDgz,충남대학교병원,상급종합,"대전광역시 중구 문화로 282- , (대사동)",36.3169080,127.4153630,"[""내과"", ""신경과"", ""정신건강의학과"", ""외과"", ""정형외과"", ""신경외과"", ""심장혈관흉부외과"", ""성형외과"", ""마취통증의학과"", ""산부인과"", ""소아청소년과"", ""안과"", ""이비인후과"", ""피부과"", ""비뇨의학과"", ""영상의학과"", ""방사선종양학과"", ""병리과"", ""진단검사의학과"", ""재활의학과"", ""핵의학과"", ""가정의학과"", ""응급의학과"", ""구강악안면외과""]","{""가정의학과"": 4, ""구강악안면외과"": 2, ""내과"": 74, ""마취통증의학과"": 13, ""방사선종양학과"": 3, ""병리과"": 5, ""비뇨의학과"": 6, ""산부인과"": 9, ""성형외과"": 4, ""소아청소년과"": 19, ""신경과"": 13, ""신경외과"": 8, ""심장혈관흉부외과"": 10, ""안과"": 6, ""영상의학과"": 12, ""예방의학과"": 2, ""외과"": 16, ""응급의학과"": 13, ""이비인후과"": 6, ""재활의학과"": 6, ""정신건강의학과"": 4, ""정형외과"": 10, ""진단검사의학과"": 5, ""치과보철과"": 1, ""피부과"": 3, ""핵의학과"": 2}","[""CT"", ""골밀도검사기"", ""콘빔CT"", ""초음파영상진단기"", ""체외충격파쇄석기"", ""MRI"", ""ECMO"", ""유방촬영장치"", ""종양치료기 (Gamma Knife)"", ""분만감시기"", ""일반엑스선촬영장치"", ""양전자단층촬영기 (PET)"", ""인큐베이터"", ""인공호흡기"", ""혈액투석을위한인공신장기""]","[""입원형 호스피스전문기관"", ""(정신질환)병원기반·낮병동 시범기관"", ""재활환자 재택의료 시범기관"", ""인공와우 실시기관"", ""HPV 국가예방접종사업 참여기관"", ""상급종합병원 심층진찰 시범기관"", ""응급의료기관"", ""수면다원검사 실시기관"", ""복막투석 환자 재택관리 시범기관"", ""가정용 인공호흡기 환자 재택의료 시범기관"", ""외국인 근로자 등 의료지원 사업시행 의료기관"", ""심장질환자 재택의료 시범기관"", ""자문형 호스피스전문기관"", ""경피적 대동맥판삽입 실시기관"", ""비대면진료 시범사업 진료기관(의료기관)"", ""간호간병통합서비스 제공기관"", ""난임시술(체외)"", ""난임시술(인공)"", ""측두하악관절자극요법 실시기관"", ""차세대염기서열분석 기반 유전자 패널검사 실시기관"", ""조혈모세포이식 실시기관"", ""장애인 건강 주치의 시범기관(전체)"", ""가정형 호스피스전문기관"", ""가정간호실시기관"", ""제3차의료급여기관"", ""심실 보조장치 치료술 실시기관(이식형)"", ""경피적 좌심방이 폐색술 실시기관"", ""성인 중환자실"", ""소아 중환자실"", ""신생아 중환자실""]"
JDQ4MTYyMiM1MSMkMSMkOCMkODkkMzgxMzUxIzExIyQxIyQzIyQ4OSQyNjEyMjIjODEjJDEjJDIjJDgz,충북대학교병원,상급종합,"충청북도 청주시 서원구 1순환로 776-0, 충북대학교병원",36.6242237,127.4614843,"[""내과"", ""신경과"", ""정신건강의학과"", ""외과"", ""정형외과"", ""신경외과"", ""심장혈관흉부외과"", ""성형외과"", ""마취통증의학과"", ""산부인과"", ""소아청소년과"", ""안과"", ""이비인후과"", ""피부과"", ""비뇨의학과"", ""영상의학과"", ""방사선종양학과"", ""병리과"", ""진단검사의학과"", ""재활의학과"", ""핵의학과"", ""가정의학과"", ""응급의학과"", ""직업환경의학과"", ""구강악안면외과"", ""치과보철과"", ""소아치과"", ""치주과"", ""치과보존과"", ""구강내과"", ""영상치의학과"", ""구강병리과"", ""예방치과"", ""통합치의학과""]","{""가정의학과"": 4, ""구강악안면외과"": 2, ""내과"": 46, ""마취통증의학과"": 9, ""방사선종양학과"": 3, ""병리과"": 4, ""비뇨의학과"": 5, ""산부인과"": 5, ""성형외과"": 1, ""소아청소년과"": 19, ""신경과"": 8, ""신경외과"": 8, ""심장혈관흉부외과"": 6, ""안과"": 5, ""영상의학과"": 9, ""예방의학과"": 2, ""외과"": 10, ""응급의학과"": 5, ""이비인후과"": 5, ""재활의학과"": 3, ""정신건강의학과"": 7, ""정형외과"": 9, ""직업환경의학과"": 2, ""진단검사의학과"": 5, ""치과보존과"": 1, ""치과보철과"": 1, ""통합치의학과"": 3, ""피부과"": 2, ""핵의학과"": 2}","[""종양치료기 (Gamma Knife)"", ""인큐베이터"", ""분만감시기"", ""양전자단층촬영기 (PET)"", ""일반엑스선촬영장치"", ""ECMO"", ""골밀도검사기"", ""콘빔CT"", ""CT"", ""MRI"", ""초음파영상진단기"", ""인공호흡기"", ""체외충격파쇄석기"", ""유방촬영장치"", ""혈액투석을위한인공신장기""]","[""성인 중환자실"", ""신생아 중환자실"", ""측두하악관절자극요법 실시기관"", ""제3차의료급여기관"", ""조혈모세포이식 실시기관"", ""상급종합병원 심층진찰 시범기관"", ""HPV 국가예방접종사업 참여기관"", ""복막투석 환자 재택관리 시범기관"", ""가정형 호스피스전문기관"", ""외국인 근로자 등 의료지원 사업시행 의료기관"", ""수면다원검사 실시기관"", ""신속대응시스템 시범기관"", ""간호간병통합서비스 제공기관"", ""난임시술(인공)"", ""응급의료기관"", ""입원형 호스피스전문기관"", ""차세대염기서열분석 기반 유전자 패널검사 실시기관"", ""(정신질환)병원기반 시범기관"", ""자문형 호스피스전문기관""]"
JDQ4MTYyMiM4MSMkMSMkMCMkODkkMzgxMzUxIzExIyQxIyQzIyQ2MiQzNjEyMjIjNzEjJDEjJDgjJDgz,칠곡경북대학교병원,상급종합,"대구광역시 북구 호국로 807, 칠곡경북대학교병원(임상실습동 1~11층 포함) (학정동)",35.9564207,128.5646727,"[""내과"", ""신경과"", ""정신건강의학과"", ""외과"", ""정형외과"", ""신경외과"", ""심장혈관흉부외과"", ""성형외과"", ""마취통증의학과"", ""산부인과"", ""소아청소년과"", ""안과"", ""이비인후과"", ""피부과"", ""비뇨의학과"", ""영상의학과"", ""방사선종양학과"", ""병리과"", ""진단검사의학과"", ""재활의학과"", ""핵의학과"", ""가정의학과"", ""응급의학과"", ""구강악안면외과"", ""치과보철과"", ""치과교정과"", ""소아치과"", ""치주과"", ""치과보존과"", ""구강내과"", ""영상치의학과""]","{""가정의학과"": 4, ""구강악안면외과"": 2, ""내과"": 42, ""마취통증의학과"": 12, ""방사선종양학과"": 5, ""병리과"": 6, ""비뇨의학과"": 5, ""산부인과"": 10, ""성형외과"": 3, ""소아청소년과"": 34, ""신경과"": 8, ""신경외과"": 3, ""심장혈관흉부외과"": 3, ""안과"": 4, ""영상의학과"": 10, ""예방의학과"": 1, ""외과"": 28, ""응급의학과"": 7, ""이비인후과"": 3, ""재활의학과"": 3, ""정신건강의학과"": 4, ""진단검사의학과"": 3, ""피부과"": 2, ""핵의학과"": 3}","[""인큐베이터"", ""양전자단층촬영기 (PET)"", ""초음파영상진단기"", ""ECMO"", ""분만감시기"", ""골밀도검사기"", ""혈액투석을위한인공신장기"", ""체외충격파쇄석기"", ""유방촬영장치"", ""일반엑스선촬영장치"", ""CT"", ""인공호흡기"", ""콘빔CT"", ""MRI""]","[""인공와우 실시기관"", ""입원형 호스피스전문기관"", ""차세대염기서열분석 기반 유전자 패널검사 실시기관"", ""조혈모세포이식 실시기관"", ""제3차의료급여기관"", ""HPV 국가예방접종사업 참여기관"", ""중증소아 재택의료 시범기관"", ""복막투석 환자 재택관리 시범기관"", ""가정형 호스피스전문기관"", ""응급의료기관"", ""자문형 호스피스전문기관"", ""상급종합병원 심층진찰 시범기관"", ""간호간병통합서비스 제공기관"", ""수면다원검사 실시기관"", ""신속대응시스템 시범기관"", ""중증소아 단기입원서비스 시범기관"", ""성인 중환자실"", ""소아 중환자실"", ""신생아 중환자실""]"
JDQ4MTYyMiM2MSMkMSMkMiMkODkkMzgxMzUxIzExIyQxIyQzIyQ5OSQzNjE0ODEjNjEjJDEjJDQjJDgz,학교법인 건양교육재단 건양대학교병원,상급종합,"대전광역시 서구 관저동로 158, (관저동)",36.3066420,127.3426130,"[""내과"", ""신경과"", ""정신건강의학과"", ""외과"", ""정형외과"", ""신경외과"", ""심장혈관흉부외과"", ""성형외과"", ""마취통증의학과"", ""산부인과"", ""소아청소년과"", ""안과"", ""이비인후과"", ""피부과"", ""비뇨의학과"", ""영상의학과"", ""방사선종양학과"", ""병리과"", ""진단검사의학과"", ""재활의학과"", ""핵의학과"", ""가정의학과"", ""응급의학과"", ""직업환경의학과"", ""구강악안면외과""]","{""가정의학과"": 4, ""구강악안면외과"": 1, ""내과"": 43, ""마취통증의학과"": 9, ""방사선종양학과"": 2, ""병리과"": 6, ""비뇨의학과"": 3, ""산부인과"": 6, ""성형외과"": 4, ""소아청소년과"": 16, ""신경과"": 4, ""신경외과"": 5, ""심장혈관흉부외과"": 8, ""안과"": 7, ""영상의학과"": 14, ""외과"": 13, ""응급의학과"": 9, ""이비인후과"": 3, ""재활의학과"": 3, ""정신건강의학과"": 4, ""정형외과"": 8, ""직업환경의학과"": 1, ""진단검사의학과"": 3, ""통합치의학과"": 1, ""피부과"": 2, ""핵의학과"": 1}","[""MRI"", ""인공호흡기"", ""초음파영상진단기"", ""혈액투석을위한인공신장기"", ""유방촬영장치"", ""콘빔CT"", ""골밀도검사기"", ""분만감시기"", ""일반엑스선촬영장치"", ""ECMO"", ""양전자단층촬영기 (PET)"", ""체외충격파쇄석기"", ""CT"", ""인큐베이터""]","[""수면다원검사 실시기관"", ""(정신질환)병원기반 시범기관"", ""1형 당뇨병 환자 재택의료 시범기관"", ""암환자 재택의료 시범기관"", ""제3차의료급여기관"", ""자문형 호스피스전문기관"", ""가정간호실시기관"", ""응급의료기관"", ""차세대염기서열분석 기반 유전자 패널검사 실시기관"", ""심장질환자 재택의료 시범기관"", ""재활환자 재택의료 시범기관"", ""결핵환자 재택의료 시범기관"", ""측두하악관절자극요법 실시기관"", ""경피적 대동맥판삽입 실시기관"", ""간호간병통합서비스 제공기관"", ""난임시술(체외)"", ""난임시술(인공)"", ""입원형 호스피스전문기관"", ""복막투석 환자 재택관리 시범기관"", ""HPV 국가예방접종사업 참여기관"", ""인공와우 실시기관"", ""성인 중환자실"", ""신생아 중환자실""]"
JDQ4MTg4MSM1MSMkMSMkMCMkODkkMzgxMzUxIzExIyQxIyQzIyQ4OSQyNjEwMDIjNzEjJDEjJDgjJDgz,학교법인 고려중앙학원 고려대학교의과대학부속병원(안암병원),상급종합,"서울특별시 성북구 고려대로 73, 고려대병원 (안암동5가)",37.5870165,127.0263537,"[""내과"", ""신경과"", ""정신건강의학과"", ""외과"", ""정형외과"", ""신경외과"", ""심장혈관흉부외과"", ""성형외과"", ""마취통증의학과"", ""산부인과"", ""소아청소년과"", ""안과"", ""이비인후과"", ""피부과"", ""비뇨의학과"", ""영상의학과"", ""방사선종양학과"", ""병리과"", ""진단검사의학과"", ""재활의학과"", ""핵의학과"", ""가정의학과"", ""응급의학과"", ""구강악안면외과"", ""치과보철과"", ""치과교정과"", ""치주과"", ""치과보존과""]","{""가정의학과"": 11, ""구강악안면외과"": 3, ""내과"": 93, ""마취통증의학과"": 21, ""방사선종양학과"": 3, ""병리과"": 10, ""비뇨의학과"": 7, ""산부인과"": 13, ""성형외과"": 6, ""소아청소년과"": 22, ""신경과"": 13, ""신경외과"": 14, ""심장혈관흉부외과"": 9, ""안과"": 7, ""영상의학과"": 38, ""외과"": 28, ""응급의학과"": 11, ""이비인후과"": 9, ""재활의학과"": 7, ""정신건강의학과"": 9, ""정형외과"": 15, ""진단검사의학과"": 6, ""치과교정과"": 2, ""치과보존과"": 1, ""치과보철과"": 2, ""치주과"": 1, ""피부과"": 3, ""핵의학과"": 3}","[""일반엑스선촬영장치"", ""ECMO"", ""혈액투석을위한인공신장기"", ""MRI"", ""인공호흡기"", ""체외충격파쇄석기"", ""분만감시기"", ""CT"", ""양전자단층촬영기 (PET)"", ""유방촬영장치"", ""콘빔CT"", ""골밀도검사기"", ""초음파영상진단기"", ""인큐베이터""]","[""응급의료기관"", ""측두하악관절자극요법 실시기관"", ""상급종합병원 심층진찰 시범기관"", ""심실 보조장치 치료술 실시기관(이식형)"", ""암환자(요루) 재택의료 시범기관"", ""신속대응시스템 시범기관"", ""암환자 재택의료 시범기관"", ""조혈모세포이식 실시기관"", ""수면다원검사 실시기관"", ""선천성 악안면 기형의 치과교정 및 악정형 치료 실시기관"", ""복막투석 환자 재택관리 시범기관"", ""차세대염기서열분석 기반 유전자 패널검사 실시기관"", ""HPV 국가예방접종사업 참여기관"", ""1형 당뇨병 환자 재택의료 시범기관"", ""심장질환자 재택의료 시범기관"", ""경피적 좌심방이 폐색술 실시기관"", ""가정간호실시기관"", ""(정신질환)병원기반 시범기관"", ""자문형 호스피스전문기관"", ""경피적 대동맥판삽입 실시기관"", ""난임시술(체외)"", ""난임시술(인공)"", ""간호간병통합서비스 제공기관"", ""인공와우 실시기관"", ""제3차의료급여기관"", ""재활환자 재택의료 시범기관"", ""성인 중환자실"", ""신생아 중환자실""]"
JDQ4MTYyMiM4MSMkMSMkNCMkODkkMzgxMzUxIzExIyQxIyQzIyQ5OSQyNjE4MzIjNDEjJDEjJDgjJDgz,학교법인 울산공업학원 울산대학교병원,상급종합,"울산광역시 동구 대학병원로 25, 울산대학교병원 (전하동)",35.5200702,129.4289116,"[""내과"", ""신경과"", ""정신건강의학과"", ""외과"", ""정형외과"", ""신경외과"", ""심장혈관흉부외과"", ""성형외과"", ""마취통증의학과"", ""산부인과"", ""소아청소년과"", ""안과"", ""이비인후과"", ""피부과"", ""비뇨의학과"", ""영상의학과"", ""방사선종양학과"", ""병리과"", ""진단검사의학과"", ""재활의학과"", ""핵의학과"", ""가정의학과"", ""응급의학과"", ""직업환경의학과"", ""예방의학과"", ""구강악안면외과"", ""치과보철과"", ""치주과"", ""치과보존과""]","{""가정의학과"": 8, ""구강악안면외과"": 3, ""내과"": 57, ""마취통증의학과"": 14, ""방사선종양학과"": 2, ""병리과"": 7, ""비뇨의학과"": 6, ""산부인과"": 6, ""성형외과"": 3, ""소아청소년과"": 13, ""소아치과"": 1, ""신경과"": 8, ""신경외과"": 7, ""심장혈관흉부외과"": 6, ""안과"": 6, ""영상의학과"": 15, ""예방의학과"": 3, ""외과"": 23, ""응급의학과"": 10, ""이비인후과"": 7, ""재활의학과"": 3, ""정신건강의학과"": 7, ""정형외과"": 6, ""직업환경의학과"": 7, ""진단검사의학과"": 4, ""치과보존과"": 1, ""치과보철과"": 1, ""치주과"": 1, ""통합치의학과"": 3, ""피부과"": 2, ""핵의학과"": 3}","[""인큐베이터"", ""MRI"", ""초음파영상진단기"", ""유방촬영장치"", ""콘빔CT"", ""일반엑스선촬영장치"", ""ECMO"", ""체외충격파쇄석기"", ""분만감시기"", ""CT"", ""양전자단층촬영기 (PET)"", ""인공호흡기"", ""골밀도검사기"", ""혈액투석을위한인공신장기""]","[""성인 중환자실"", ""신생아 중환자실"", ""입원형 호스피스전문기관"", ""신속대응시스템 시범기관"", ""복막투석 환자 재택관리 시범기관"", ""심장질환자 재택의료 시범기관"", ""결핵환자 재택의료 시범기관"", ""경피적 좌심방이 폐색술 실시기관"", ""인공와우 실시기관"", ""HPV 국가예방접종사업 참여기관"", ""가정형 호스피스전문기관"", ""측두하악관절자극요법 실시기관"", ""가정용 인공호흡기 환자 재택의료 시범기관"", ""자문형 호스피스전문기관"", ""경피적 대동맥판삽입 실시기관"", ""간호간병통합서비스 제공기관"", ""난임시술(체외)"", ""난임시술(인공)"", ""재활환자 재택의료 시범기관"", ""제3차의료급여기관"", ""수면다원검사 실시기관"", ""암환자 재택의료 시범기관"", ""차세대염기서열분석 기반 유전자 패널검사 실시기관"", ""(정신질환)병원기반 시범기관"", ""응급의료기관"", ""조혈모세포이식 실시기관""]"
JDQ4MTg4MSM1MSMkMSMkMCMkODkkMzgxMzUxIzExIyQyIyQzIyQwMCQyNjE4MzIjODEjJDEjJDIjJDgz,학교법인가톨릭학원가톨릭대학교서울성모병원,상급종합,"서울특별시 서초구 반포대로 222, (반포동)",37.5009444,127.0051154,"[""내과"", ""신경과"", ""정신건강의학과"", ""외과"", ""정형외과"", ""신경외과"", ""심장혈관흉부외과"", ""성형외과"", ""마취통증의학과"", ""산부인과"", ""소아청소년과"", ""안과"", ""이비인후과"", ""피부과"", ""비뇨의학과"", ""영상의학과"", ""방사선종양학과"", ""병리과"", ""진단검사의학과"", ""재활의학과"", ""핵의학과"", ""가정의학과"", ""응급의학과"", ""직업환경의학과"", ""구강악안면외과"", ""치과보철과"", ""치과교정과"", ""치주과"", ""치과보존과""]","{""가정의학과"": 16, ""구강악안면외과"": 3, ""내과"": 146, ""마취통증의학과"": 30, ""방사선종양학과"": 8, ""병리과"": 17, ""비뇨의학과"": 12, ""산부인과"": 18, ""성형외과"": 6, ""소아청소년과"": 53, ""신경과"": 12, ""신경외과"": 16, ""심장혈관흉부외과"": 10, ""안과"": 27, ""영상의학과"": 56, ""예방의학과"": 2, ""외과"": 46, ""응급의학과"": 12, ""이비인후과"": 14, ""재활의학과"": 4, ""정신건강의학과"": 11, ""정형외과"": 19, ""직업환경의학과"": 7, ""진단검사의학과"": 12, ""치과교정과"": 3, ""치과보존과"": 3, ""치과보철과"": 2, ""치주과"": 2, ""통합치의학과"": 1, ""피부과"": 6, ""핵의학과"": 6}","[""유방촬영장치"", ""인큐베이터"", ""분만감시기"", ""종양치료기 (Gamma Knife)"", ""골밀도검사기"", ""인공호흡기"", ""CT"", ""양전자단층촬영기 (PET)"", ""일반엑스선촬영장치"", ""체외충격파쇄석기"", ""혈액투석을위한인공신장기"", ""콘빔CT"", ""초음파영상진단기"", ""ECMO"", ""MRI""]","[""측두하악관절자극요법 실시기관"", ""심실 보조장치 치료술 실시기관(이식형)"", ""복막투석 환자 재택관리 시범기관"", ""신속대응시스템 시범기관"", ""가정형 호스피스전문기관"", ""암환자 재택의료 시범기관"", ""응급의료기관"", ""인공와우 실시기관"", ""선천성 악안면 기형의 치과교정 및 악정형 치료 실시기관"", ""심장질환자 재택의료 시범기관"", ""자문형 호스피스전문기관"", ""암환자(요루) 재택의료 시범기관"", ""수면다원검사 실시기관"", ""결핵환자 재택의료 시범기관"", ""조혈모세포이식 실시기관"", ""HPV 국가예방접종사업 참여기관"", ""차세대염기서열분석 기반 유전자 패널검사 실시기관"", ""(정신질환)병원기반 시범기관"", ""경피적 대동맥판삽입 실시기관"", ""간호간병통합서비스 제공기관"", ""가정간호실시기관"", ""제3차의료급여기관"", ""상급종합병원 심층진찰 시범기관"", ""1형 당뇨병 환자 재택의료 시범기관"", ""경피적 좌심방이 폐색술 실시기관"", ""입원형 호스피스전문기관"", ""성인 중환자실"", ""소아 중환자실"", ""신생아 중환자실""]"
JDQ4MTYyMiM4MSMkMSMkNCMkODkkMzgxMzUxIzExIyQxIyQzIyQ3MiQyNjEyMjIjNjEjJDEjJDQjJDgz,학교법인성균관대학삼성창원병원,상급종합,"경상남도 창원시 마산회원구 팔용로 158-158, (합성동, 삼성창원병원)",35.2424957,128.5923771,"[""내과"", ""신경과"", ""정신건강의학과"", ""외과"", ""정형외과"", ""신경외과"", ""심장혈관흉부외과"", ""성형외과"", ""마취통증의학과"", ""산부인과"", ""소아청소년과"", ""안과"", ""이비인후과"", ""피부과"", ""비뇨의학과"", ""영상의학과"", ""방사선종양학과"", ""병리과"", ""진단검사의학과"", ""재활의학과"", ""핵의학과"", ""가정의학과"", ""응급의학과"", ""직업환경의학과"", ""구강악안면외과"", ""치과보철과"", ""치주과"", ""치과보존과""]","{""가정의학과"": 11, ""구강악안면외과"": 1, ""내과"": 48, ""마취통증의학과"": 9, ""방사선종양학과"": 2, ""병리과"": 8, ""비뇨의학과"": 3, ""산부인과"": 6, ""성형외과"": 2, ""소아청소년과"": 10, ""신경과"": 5, ""신경외과"": 8, ""심장혈관흉부외과"": 5, ""안과"": 2, ""영상의학과"": 11, ""영상치의학과"": 1, ""외과"": 17, ""응급의학과"": 9, ""이비인후과"": 6, ""재활의학과"": 3, ""정신건강의학과"": 4, ""정형외과"": 6, ""직업환경의학과"": 8, ""진단검사의학과"": 3, ""피부과"": 2, ""핵의학과"": 1}","[""인큐베이터"", ""골밀도검사기"", ""혈액투석을위한인공신장기"", ""MRI"", ""초음파영상진단기"", ""인공호흡기"", ""양전자단층촬영기 (PET)"", ""유방촬영장치"", ""CT"", ""분만감시기"", ""체외충격파쇄석기"", ""일반엑스선촬영장치"", ""콘빔CT"", ""ECMO""]","[""성인 중환자실"", ""신생아 중환자실"", ""응급의료기관"", ""인공와우 실시기관"", ""HPV 국가예방접종사업 참여기관"", ""수면다원검사 실시기관"", ""암환자(요루) 재택의료 시범기관"", ""측두하악관절자극요법 실시기관"", ""차세대염기서열분석 기반 유전자 패널검사 실시기관"", ""자문형 호스피스전문기관"", ""경피적 대동맥판삽입 실시기관"", ""간호간병통합서비스 제공기관"", ""복막투석 환자 재택관리 시범기관"", ""암환자 재택의료 시범기관"", ""경피적 좌심방이 폐색술 실시기관"", ""가정간호실시기관"", ""제3차의료급여기관"", ""상급종합병원 심층진찰 시범기관""]"
JDQ4MTYyMiM1MSMkMSMkMCMkODkkMzgxMzUxIzExIyQxIyQzIyQ4MiQyNjEyMjIjNzEjJDEjJDgjJDgz,한림대학교성심병원,상급종합,"경기도 안양시 동안구 관평로170번길 22, (평촌동)",37.3917575,126.9620529,"[""내과"", ""신경과"", ""정신건강의학과"", ""외과"", ""정형외과"", ""신경외과"", ""심장혈관흉부외과"", ""성형외과"", ""마취통증의학과"", ""산부인과"", ""소아청소년과"", ""안과"", ""이비인후과"", ""피부과"", ""비뇨의학과"", ""영상의학과"", ""방사선종양학과"", ""병리과"", ""진단검사의학과"", ""재활의학과"", ""핵의학과"", ""가정의학과"", ""응급의학과"", ""구강악안면외과"", ""치과보철과"", ""치과교정과"", ""소아치과"", ""치과보존과""]","{""가정의학과"": 7, ""구강악안면외과"": 4, ""내과"": 57, ""마취통증의학과"": 14, ""방사선종양학과"": 2, ""병리과"": 2, ""비뇨의학과"": 5, ""산부인과"": 4, ""성형외과"": 3, ""소아청소년과"": 13, ""신경과"": 11, ""신경외과"": 4, ""심장혈관흉부외과"": 5, ""안과"": 7, ""영상의학과"": 20, ""영상치의학과"": 1, ""외과"": 12, ""응급의학과"": 13, ""이비인후과"": 6, ""재활의학과"": 3, ""정신건강의학과"": 5, ""정형외과"": 12, ""진단검사의학과"": 5, ""치과교정과"": 1, ""치과보존과"": 1, ""치과보철과"": 2, ""통합치의학과"": 1, ""피부과"": 4, ""핵의학과"": 3}","[""인공호흡기"", ""분만감시기"", ""유방촬영장치"", ""골밀도검사기"", ""초음파영상진단기"", ""인큐베이터"", ""일반엑스선촬영장치"", ""체외충격파쇄석기"", ""콘빔CT"", ""혈액투석을위한인공신장기"", ""ECMO"", ""MRI"", ""양전자단층촬영기 (PET)"", ""CT""]","[""성인 중환자실"", ""신생아 중환자실"", ""제3차의료급여기관"", ""상급종합병원 심층진찰 시범기관"", ""선천성 악안면 기형의 치과교정 및 악정형 치료 실시기관"", ""1형 당뇨병 환자 재택의료 시범기관"", ""차세대염기서열분석 기반 유전자 패널검사 실시기관"", ""결핵환자 재택의료 시범기관"", ""심실 보조장치 치료술 실시기관(이식형)"", ""(정신질환)병원기반 시범기관"", ""가정간호실시기관"", ""수면다원검사 실시기관"", ""조혈모세포이식 실시기관"", ""경피적 대동맥판삽입 실시기관"", ""비대면진료 시범사업 진료기관(의료기관)"", ""간호간병통합서비스 제공기관"", ""복막투석 환자 재택관리 시범기관"", ""재활환자 재택의료 시범기관"", ""응급의료기관"", ""인공와우 실시기관"", ""HPV 국가예방접종사업 참여기관"", ""암환자(요루) 재택의료 시범기관"", ""측두하악관절자극요법 실시기관"", ""심장질환자 재택의료 시범기관""]"
JDQ4MTg4MSM1MSMkMSMkMCMkODkkMzgxMzUxIzExIyQxIyQzIyQ4OSQ0NjE0ODEjNjEjJDEjJDAjJDgz,한양대학교병원,상급종합,"서울특별시 성동구 왕십리로 222-1, (사근동)",37.5596569,127.0441339,"[""내과"", ""신경과"", ""정신건강의학과"", ""외과"", ""정형외과"", ""신경외과"", ""심장혈관흉부외과"", ""성형외과"", ""마취통증의학과"", ""산부인과"", ""소아청소년과"", ""안과"", ""이비인후과"", ""피부과"", ""비뇨의학과"", ""영상의학과"", ""방사선종양학과"", ""병리과"", ""진단검사의학과"", ""결핵과"", ""재활의학과"", ""핵의학과"", ""가정의학과"", ""응급의학과"", ""직업환경의학과"", ""구강악안면외과"", ""치과보철과"", ""치과교정과"", ""치주과"", ""치과보존과""]","{""가정의학과"": 4, ""구강악안면외과"": 2, ""내과"": 59, ""마취통증의학과"": 11, ""방사선종양학과"": 2, ""병리과"": 4, ""비뇨의학과"": 5, ""산부인과"": 8, ""성형외과"": 5, ""소아청소년과"": 13, ""신경과"": 18, ""신경외과"": 7, ""심장혈관흉부외과"": 5, ""안과"": 7, ""영상의학과"": 17, ""외과"": 13, ""응급의학과"": 13, ""이비인후과"": 5, ""재활의학과"": 4, ""정신건강의학과"": 4, ""정형외과"": 10, ""직업환경의학과"": 4, ""진단검사의학과"": 7, ""치과교정과"": 1, ""치과보존과"": 1, ""치과보철과"": 1, ""치주과"": 1, ""피부과"": 3, ""핵의학과"": 2}","[""유방촬영장치"", ""ECMO"", ""MRI"", ""CT"", ""초음파영상진단기"", ""인공호흡기"", ""체외충격파쇄석기"", ""분만감시기"", ""콘빔CT"", ""골밀도검사기"", ""혈액투석을위한인공신장기"", ""일반엑스선촬영장치"", ""양전자단층촬영기 (PET)"", ""인큐베이터""]","[""차세대염기서열분석 기반 유전자 패널검사 실시기관"", ""가정간호실시기관"", ""인공와우 실시기관"", ""(정신질환)병원기반 시범기관"", ""복막투석 환자 재택관리 시범기관"", ""조혈모세포이식 실시기관"", ""응급의료기관"", ""측두하악관절자극요법 실시기관"", ""HPV 국가예방접종사업 참여기관"", ""신속대응시스템 시범기관"", ""제3차의료급여기관"", ""선천성 악안면 기형의 치과교정 및 악정형 치료 실시기관"", ""간호간병통합서비스 제공기관"", ""상급종합병원 심층진찰 시범기관"", ""수면다원검사 실시기관"", ""암환자 재택의료 시범기관"", ""암환자(요루) 재택의료 시범기관"", ""경피적 좌심방이 폐색술 실시기관"", ""성인 중환자실"", ""신생아 중환자실""]"
JDQ4MTYyMiM3MSMkMSMkMCMkODkkMzgxMzUxIzExIyQxIyQzIyQ2MiQ0NjEwMDIjODEjJDEjJDIjJDgz,화순전남대학교병원,상급종합,"전남광주통합특별시 화순군 화순읍 서양로 322, (화순읍)",35.0594333,127.0025000,"[""내과"", ""신경과"", ""정신건강의학과"", ""외과"", ""정형외과"", ""신경외과"", ""심장혈관흉부외과"", ""성형외과"", ""마취통증의학과"", ""산부인과"", ""소아청소년과"", ""안과"", ""이비인후과"", ""피부과"", ""비뇨의학과"", ""영상의학과"", ""방사선종양학과"", ""병리과"", ""진단검사의학과"", ""재활의학과"", ""핵의학과"", ""가정의학과"", ""응급의학과"", ""직업환경의학과"", ""구강내과""]","{""가정의학과"": 3, ""구강내과"": 1, ""내과"": 47, ""마취통증의학과"": 6, ""방사선종양학과"": 4, ""병리과"": 5, ""비뇨의학과"": 5, ""산부인과"": 4, ""소아청소년과"": 5, ""신경과"": 1, ""신경외과"": 6, ""심장혈관흉부외과"": 3, ""영상의학과"": 10, ""예방의학과"": 1, ""외과"": 18, ""응급의학과"": 4, ""이비인후과"": 5, ""재활의학과"": 1, ""정신건강의학과"": 2, ""정형외과"": 5, ""직업환경의학과"": 2, ""진단검사의학과"": 4, ""치주과"": 1, ""핵의학과"": 5}","[""분만감시기"", ""MRI"", ""인큐베이터"", ""체외충격파쇄석기"", ""인공호흡기"", ""ECMO"", ""초음파영상진단기"", ""종양치료기 (Gamma Knife)"", ""양전자단층촬영기 (PET)"", ""골밀도검사기"", ""일반엑스선촬영장치"", ""유방촬영장치"", ""CT"", ""혈액투석을위한인공신장기""]","[""성인 중환자실"", ""신생아 중환자실"", ""외국인 근로자 등 의료지원 사업시행 의료기관"", ""암환자 재택의료 시범기관"", ""암환자(요루) 재택의료 시범기관"", ""입원형 호스피스전문기관"", ""조혈모세포이식 실시기관"", ""측두하악관절자극요법 실시기관"", ""제3차의료급여기관"", ""차세대염기서열분석 기반 유전자 패널검사 실시기관"", ""간호간병통합서비스 제공기관"", ""결핵환자 재택의료 시범기관"", ""응급의료기관"", ""자문형 호스피스전문기관"", ""1형 당뇨병 환자 재택의료 시범기관""]"
JDQ4MTYyMiM1MSMkMSMkMCMkODkkMzgxMzUxIzExIyQxIyQ3IyQ3OSQyNjEwMDIjNDEjJDEjJDgjJDgz,(의)나사렛의료재단 나사렛국제병원,종합병원,"인천광역시 연수구 먼우금로 98,  (동춘동)",37.4079580,126.6704928,"[""내과"", ""신경과"", ""외과"", ""정형외과"", ""신경외과"", ""마취통증의학과"", ""산부인과"", ""소아청소년과"", ""이비인후과"", ""비뇨의학과"", ""영상의학과"", ""진단검사의학과"", ""재활의학과"", ""가정의학과"", ""응급의학과"", ""직업환경의학과"", ""예방의학과"", ""구강악안면외과"", ""한방내과"", ""한방재활의학과""]","{""가정의학과"": 1, ""내과"": 14, ""마취통증의학과"": 2, ""비뇨의학과"": 1, ""산부인과"": 2, ""소아청소년과"": 2, ""신경과"": 1, ""신경외과"": 4, ""영상의학과"": 6, ""외과"": 3, ""응급의학과"": 7, ""재활의학과"": 1, ""정형외과"": 3, ""직업환경의학과"": 5, ""진단검사의학과"": 1, ""한방재활의학과"": 2}","[""초음파영상진단기"", ""체외충격파쇄석기"", ""콘빔CT"", ""인공호흡기"", ""골밀도검사기"", ""유방촬영장치"", ""MRI"", ""혈액투석을위한인공신장기"", ""일반엑스선촬영장치"", ""CT"", ""인큐베이터""]","[""성인 중환자실"", ""1형 당뇨병 환자 재택의료 시범기관"", ""HPV 국가예방접종사업 참여기관"", ""외국인 근로자 등 의료지원 사업시행 의료기관"", ""의·한협진 활성화를 위한 5단계 시범기관"", ""결핵환자 재택의료 시범기관"", ""첩약 건강보험 적용 2단계 시범사업"", ""간호간병통합서비스 제공기관"", ""응급의료기관""]"
JDQ4MTYyMiM1MSMkMSMkMCMkODkkMzgxMzUxIzExIyQxIyQzIyQ4MiQ0NjEwMDIjNjEjJDEjJDAjJDgz,(의)성세의료재단 뉴성민병원,종합병원,"인천광역시 서해구 신석로 70, (석남동)",37.5097753,126.6698519,"[""내과"", ""신경과"", ""외과"", ""정형외과"", ""신경외과"", ""성형외과"", ""마취통증의학과"", ""산부인과"", ""소아청소년과"", ""비뇨의학과"", ""영상의학과"", ""진단검사의학과"", ""재활의학과"", ""가정의학과"", ""응급의학과"", ""직업환경의학과""]","{""가정의학과"": 2, ""내과"": 5, ""마취통증의학과"": 1, ""산부인과"": 1, ""신경과"": 1, ""신경외과"": 2, ""영상의학과"": 2, ""외과"": 5, ""응급의학과"": 1, ""재활의학과"": 1, ""정형외과"": 5, ""진단검사의학과"": 1}","[""CT"", ""초음파영상진단기"", ""일반엑스선촬영장치"", ""유방촬영장치"", ""인공호흡기"", ""혈액투석을위한인공신장기"", ""골밀도검사기"", ""MRI""]","[""성인 중환자실"", ""외국인 근로자 등 의료지원 사업시행 의료기관"", ""응급의료기관"", ""HPV 국가예방접종사업 참여기관"", ""결핵환자 재택의료 시범기관"", ""간호간병통합서비스 제공기관""]"
JDQ4MTYyMiM1MSMkMSMkMCMkODkkMzgxMzUxIzExIyQxIyQzIyQxMyQzNjEwMDIjNTEjJDEjJDYjJDgz,(의)영문의료재단 다보스병원,종합병원,"경기도 용인시 처인구 백옥대로1082번길 18, 다보스종합병원 (김량장동)",37.2314882,127.2114647,"[""내과"", ""신경과"", ""외과"", ""정형외과"", ""신경외과"", ""마취통증의학과"", ""산부인과"", ""소아청소년과"", ""이비인후과"", ""피부과"", ""비뇨의학과"", ""영상의학과"", ""진단검사의학과"", ""가정의학과"", ""응급의학과"", ""직업환경의학과"", ""소아치과"", ""치주과"", ""구강내과"", ""예방치과""]","{""가정의학과"": 2, ""내과"": 6, ""마취통증의학과"": 1, ""비뇨의학과"": 1, ""산부인과"": 2, ""소아청소년과"": 1, ""신경과"": 2, ""신경외과"": 3, ""영상의학과"": 3, ""외과"": 1, ""응급의학과"": 6, ""이비인후과"": 1, ""정형외과"": 5, ""직업환경의학과"": 2, ""진단검사의학과"": 2}","[""골밀도검사기"", ""일반엑스선촬영장치"", ""유방촬영장치"", ""체외충격파쇄석기"", ""혈액투석을위한인공신장기"", ""CT"", ""MRI"", ""인공호흡기"", ""초음파영상진단기""]","[""성인 중환자실"", ""응급의료기관"", ""치매관리주치의 시범기관"", ""보훈위탁진료요양기관"", ""간호간병통합서비스 제공기관"", ""HPV 국가예방접종사업 참여기관""]"
JDQ4MTYyMiM4MSMkMSMkMCMkODkkMzgxMzUxIzExIyQxIyQzIyQ2MiQ0NjEwMDIjNDEjJDEjJDgjJDgz,(재)미리내천주성삼성직수도회천주성삼병원,종합병원,"대구광역시 수성구 달구벌대로 3190, (신매동, 천주성삼병원)",35.8402518,128.7057102,"[""내과"", ""신경과"", ""외과"", ""정형외과"", ""신경외과"", ""마취통증의학과"", ""산부인과"", ""이비인후과"", ""피부과"", ""비뇨의학과"", ""영상의학과"", ""진단검사의학과"", ""재활의학과"", ""가정의학과"", ""응급의학과""]","{""내과"": 5, ""마취통증의학과"": 1, ""병리과"": 1, ""비뇨의학과"": 1, ""산부인과"": 1, ""신경과"": 1, ""신경외과"": 1, ""심장혈관흉부외과"": 1, ""영상의학과"": 2, ""외과"": 3, ""응급의학과"": 1, ""이비인후과"": 1, ""재활의학과"": 1, ""정형외과"": 3, ""진단검사의학과"": 1}","[""콘빔CT"", ""체외충격파쇄석기"", ""일반엑스선촬영장치"", ""유방촬영장치"", ""MRI"", ""초음파영상진단기"", ""CT"", ""골밀도검사기"", ""인공호흡기""]","[""결핵환자 재택의료 시범기관"", ""간호간병통합서비스 제공기관"", ""응급의료기관""]"
JDQ4MTYyMiM3MSMkMSMkMCMkODkkMzgxMzUxIzExIyQxIyQzIyQwMyQyNjEwMDIjNDEjJDEjJDgjJDgz,KS병원,종합병원,"전남광주통합특별시 광산구 왕버들로 220,  (수완동)",35.1979238,126.8331484,"[""내과"", ""신경과"", ""외과"", ""정형외과"", ""신경외과"", ""심장혈관흉부외과"", ""마취통증의학과"", ""산부인과"", ""소아청소년과"", ""영상의학과"", ""진단검사의학과"", ""재활의학과"", ""가정의학과"", ""응급의학과"", ""직업환경의학과"", ""구강내과""]","{""가정의학과"": 4, ""내과"": 10, ""마취통증의학과"": 2, ""산부인과"": 1, ""소아청소년과"": 3, ""신경과"": 1, ""신경외과"": 2, ""심장혈관흉부외과"": 2, ""영상의학과"": 3, ""외과"": 2, ""응급의학과"": 6, ""재활의학과"": 1, ""정형외과"": 3, ""직업환경의학과"": 1, ""진단검사의학과"": 1, ""통합치의학과"": 1}","[""CT"", ""일반엑스선촬영장치"", ""혈액투석을위한인공신장기"", ""MRI"", ""인공호흡기"", ""유방촬영장치"", ""초음파영상진단기"", ""콘빔CT"", ""골밀도검사기""]","[""성인 중환자실"", ""응급의료기관"", ""결핵환자 재택의료 시범기관"", ""간호간병통합서비스 제공기관"", ""HPV 국가예방접종사업 참여기관""]"
JDQ4MTYyMiM1MSMkMSMkMCMkODkkMzgxMzUxIzExIyQxIyQ3IyQ4OSQ0NjE0ODEjNjEjJDEjJDgjJDgz,가톨릭관동대학교 국제성모병원,종합병원,"인천광역시 서해구 심곡로100번길 25-0, 인천국제성모병원",37.5423431,126.6835685,"[""내과"", ""신경과"", ""정신건강의학과"", ""외과"", ""정형외과"", ""신경외과"", ""심장혈관흉부외과"", ""성형외과"", ""마취통증의학과"", ""산부인과"", ""소아청소년과"", ""안과"", ""이비인후과"", ""피부과"", ""비뇨의학과"", ""영상의학과"", ""방사선종양학과"", ""병리과"", ""진단검사의학과"", ""재활의학과"", ""핵의학과"", ""가정의학과"", ""응급의학과"", ""직업환경의학과"", ""구강악안면외과"", ""치주과"", ""통합치의학과"", ""한방내과"", ""한방재활의학과""]","{""가정의학과"": 6, ""구강악안면외과"": 1, ""내과"": 42, ""마취통증의학과"": 12, ""방사선종양학과"": 3, ""병리과"": 3, ""비뇨의학과"": 2, ""산부인과"": 4, ""성형외과"": 1, ""소아청소년과"": 5, ""신경과"": 5, ""신경외과"": 8, ""심장혈관흉부외과"": 2, ""안과"": 3, ""영상의학과"": 9, ""외과"": 13, ""응급의학과"": 13, ""이비인후과"": 4, ""재활의학과"": 2, ""정신건강의학과"": 5, ""정형외과"": 10, ""직업환경의학과"": 2, ""진단검사의학과"": 3, ""치과보존과"": 1, ""통합치의학과"": 1, ""피부과"": 3, ""한방재활의학과"": 2, ""핵의학과"": 2}","[""유방촬영장치"", ""분만감시기"", ""양전자단층촬영기 (PET)"", ""MRI"", ""초음파영상진단기"", ""체외충격파쇄석기"", ""일반엑스선촬영장치"", ""인큐베이터"", ""ECMO"", ""혈액투석을위한인공신장기"", ""골밀도검사기"", ""인공호흡기"", ""CT"", ""콘빔CT""]","[""성인 중환자실"", ""신생아 중환자실"", ""측두하악관절자극요법 실시기관"", ""응급의료기관"", ""장애인 건강 주치의 시범기관(전체)"", ""재활환자 재택의료 시범기관"", ""수면다원검사 실시기관"", ""복막투석 환자 재택관리 시범기관"", ""암환자 재택의료 시범기관"", ""경피적 대동맥판삽입 실시기관"", ""첩약 건강보험 적용 2단계 시범사업"", ""간호간병통합서비스 제공기관"", ""입원형 호스피스전문기관"", ""결핵환자 재택의료 시범기관"", ""가정간호실시기관"", ""인공와우 실시기관"", ""가정형 호스피스전문기관"", ""의·한협진 활성화를 위한 5단계 시범기관"", ""HPV 국가예방접종사업 참여기관"", ""자문형 호스피스전문기관""]"
JDQ4MTg4MSM1MSMkMSMkMCMkODkkMzgxMzUxIzExIyQxIyQzIyQ3OSQyNjEyMjIjODEjJDEjJDIjJDgz,가톨릭대학교 여의도성모병원,종합병원,"서울특별시 영등포구 63로 10, 여의도성모병원 (여의도동)",37.5183253,126.9367517,"[""내과"", ""신경과"", ""정신건강의학과"", ""외과"", ""정형외과"", ""신경외과"", ""심장혈관흉부외과"", ""성형외과"", ""마취통증의학과"", ""산부인과"", ""소아청소년과"", ""안과"", ""이비인후과"", ""피부과"", ""비뇨의학과"", ""영상의학과"", ""방사선종양학과"", ""병리과"", ""진단검사의학과"", ""재활의학과"", ""핵의학과"", ""가정의학과"", ""응급의학과"", ""구강악안면외과"", ""치과보존과""]","{""가정의학과"": 4, ""구강악안면외과"": 1, ""내과"": 35, ""마취통증의학과"": 7, ""방사선종양학과"": 1, ""병리과"": 3, ""비뇨의학과"": 3, ""산부인과"": 4, ""성형외과"": 3, ""소아청소년과"": 5, ""신경과"": 3, ""신경외과"": 3, ""심장혈관흉부외과"": 1, ""안과"": 13, ""영상의학과"": 8, ""외과"": 10, ""응급의학과"": 12, ""이비인후과"": 4, ""재활의학과"": 4, ""정신건강의학과"": 2, ""정형외과"": 7, ""진단검사의학과"": 2, ""치과보존과"": 1, ""통합치의학과"": 1, ""피부과"": 2, ""핵의학과"": 2}","[""인공호흡기"", ""일반엑스선촬영장치"", ""초음파영상진단기"", ""CT"", ""콘빔CT"", ""혈액투석을위한인공신장기"", ""분만감시기"", ""양전자단층촬영기 (PET)"", ""골밀도검사기"", ""MRI"", ""유방촬영장치"", ""인큐베이터"", ""ECMO"", ""체외충격파쇄석기""]","[""선천성 악안면 기형의 치과교정 및 악정형 치료 실시기관"", ""조혈모세포이식 실시기관"", ""재활환자 재택의료 시범기관"", ""응급의료기관"", ""가정간호실시기관"", ""인공와우 실시기관"", ""입원형 호스피스전문기관"", ""심장질환자 재택의료 시범기관"", ""차세대염기서열분석 기반 유전자 패널검사 실시기관"", ""HPV 국가예방접종사업 참여기관"", ""1형 당뇨병 환자 재택의료 시범기관"", ""간호간병통합서비스 제공기관"", ""수면다원검사 실시기관"", ""가정형 호스피스전문기관"", ""자문형 호스피스전문기관"", ""성인 중환자실""]"
JDQ4MTg4MSM1MSMkMSMkMCMkODkkMzgxMzUxIzExIyQxIyQzIyQ4OSQzNjEwMDIjNDEjJDEjJDQjJDgz,가톨릭대학교 은평성모병원,종합병원,"서울특별시 은평구 통일로 1021, (진관동)",37.6334945,126.9161912,"[""내과"", ""신경과"", ""정신건강의학과"", ""외과"", ""정형외과"", ""신경외과"", ""심장혈관흉부외과"", ""성형외과"", ""마취통증의학과"", ""산부인과"", ""소아청소년과"", ""안과"", ""이비인후과"", ""피부과"", ""비뇨의학과"", ""영상의학과"", ""방사선종양학과"", ""병리과"", ""진단검사의학과"", ""결핵과"", ""재활의학과"", ""핵의학과"", ""가정의학과"", ""응급의학과"", ""구강악안면외과"", ""치과보철과"", ""치과보존과""]","{""가정의학과"": 6, ""구강악안면외과"": 1, ""내과"": 53, ""마취통증의학과"": 18, ""방사선종양학과"": 2, ""병리과"": 6, ""비뇨의학과"": 4, ""산부인과"": 7, ""성형외과"": 3, ""소아청소년과"": 14, ""신경과"": 7, ""신경외과"": 12, ""심장혈관흉부외과"": 5, ""안과"": 9, ""영상의학과"": 14, ""외과"": 19, ""응급의학과"": 15, ""이비인후과"": 6, ""재활의학과"": 3, ""정신건강의학과"": 4, ""정형외과"": 10, ""진단검사의학과"": 3, ""치과보존과"": 1, ""치과보철과"": 1, ""통합치의학과"": 1, ""피부과"": 2, ""핵의학과"": 2}","[""콘빔CT"", ""일반엑스선촬영장치"", ""초음파영상진단기"", ""인큐베이터"", ""ECMO"", ""유방촬영장치"", ""CT"", ""골밀도검사기"", ""체외충격파쇄석기"", ""분만감시기"", ""혈액투석을위한인공신장기"", ""양전자단층촬영기 (PET)"", ""인공호흡기"", ""MRI""]","[""조혈모세포이식 실시기관"", ""응급의료기관"", ""가정간호실시기관"", ""HPV 국가예방접종사업 참여기관"", ""경피적 좌심방이 폐색술 실시기관"", ""측두하악관절자극요법 실시기관"", ""차세대염기서열분석 기반 유전자 패널검사 실시기관"", ""인공와우 실시기관"", ""수면다원검사 실시기관"", ""입원형 호스피스전문기관"", ""경피적 대동맥판삽입 실시기관"", ""간호간병통합서비스 제공기관"", ""심실 보조장치 치료술 실시기관(이식형)"", ""복막투석 환자 재택관리 시범기관"", ""가정용 인공호흡기 환자 재택의료 시범기관"", ""심장질환자 재택의료 시범기관"", ""성인 중환자실"", ""신생아 중환자실""]"
JDQ4MTYyMiM1MSMkMSMkMCMkODkkMzgxMzUxIzExIyQxIyQzIyQ5OSQyNjEwMDIjNDEjJDEjJDQjJDgz,가톨릭대학교부천성모병원,종합병원,"경기도 부천시 원미구 소사로 327, 가톨릭대학교 부천성모병원 (소사동)",37.4871165,126.7924166,"[""내과"", ""신경과"", ""정신건강의학과"", ""외과"", ""정형외과"", ""신경외과"", ""심장혈관흉부외과"", ""성형외과"", ""마취통증의학과"", ""산부인과"", ""소아청소년과"", ""안과"", ""이비인후과"", ""피부과"", ""비뇨의학과"", ""영상의학과"", ""방사선종양학과"", ""병리과"", ""진단검사의학과"", ""재활의학과"", ""핵의학과"", ""가정의학과"", ""응급의학과"", ""구강악안면외과"", ""치과교정과""]","{""가정의학과"": 3, ""구강악안면외과"": 2, ""내과"": 34, ""마취통증의학과"": 5, ""방사선종양학과"": 2, ""병리과"": 5, ""비뇨의학과"": 4, ""산부인과"": 7, ""성형외과"": 3, ""소아청소년과"": 5, ""신경과"": 3, ""신경외과"": 6, ""심장혈관흉부외과"": 3, ""안과"": 6, ""영상의학과"": 9, ""외과"": 13, ""응급의학과"": 12, ""이비인후과"": 4, ""재활의학과"": 5, ""정신건강의학과"": 2, ""정형외과"": 9, ""진단검사의학과"": 2, ""치과교정과"": 1, ""통합치의학과"": 3, ""피부과"": 3, ""핵의학과"": 3}","[""골밀도검사기"", ""MRI"", ""ECMO"", ""초음파영상진단기"", ""분만감시기"", ""콘빔CT"", ""혈액투석을위한인공신장기"", ""CT"", ""일반엑스선촬영장치"", ""유방촬영장치"", ""인공호흡기"", ""양전자단층촬영기 (PET)"", ""체외충격파쇄석기"", ""인큐베이터""]","[""성인 중환자실"", ""신생아 중환자실"", ""결핵환자 재택의료 시범기관"", ""인공와우 실시기관"", ""응급의료기관"", ""복막투석 환자 재택관리 시범기관"", ""가정형 호스피스전문기관"", ""차세대염기서열분석 기반 유전자 패널검사 실시기관"", ""간호간병통합서비스 제공기관"", ""가정간호실시기관"", ""입원형 호스피스전문기관"", ""HPV 국가예방접종사업 참여기관"", ""1형 당뇨병 환자 재택의료 시범기관""]"
JDQ4MTYyMiM1MSMkMSMkMCMkODkkMzgxMzUxIzExIyQxIyQzIyQ5OSQ0NjEwMDIjNjEjJDEjJDQjJDgz,가톨릭대학교의정부성모병원,종합병원,"경기도 의정부시 천보로 271, 의정부성모병원 (금오동)",37.7587045,127.0777625,"[""내과"", ""신경과"", ""정신건강의학과"", ""외과"", ""정형외과"", ""신경외과"", ""심장혈관흉부외과"", ""성형외과"", ""마취통증의학과"", ""산부인과"", ""소아청소년과"", ""안과"", ""이비인후과"", ""피부과"", ""비뇨의학과"", ""영상의학과"", ""방사선종양학과"", ""병리과"", ""진단검사의학과"", ""재활의학과"", ""핵의학과"", ""가정의학과"", ""응급의학과"", ""구강악안면외과"", ""치과보철과""]","{""가정의학과"": 2, ""구강악안면외과"": 2, ""내과"": 35, ""마취통증의학과"": 11, ""방사선종양학과"": 2, ""병리과"": 4, ""비뇨의학과"": 4, ""산부인과"": 10, ""성형외과"": 4, ""소아청소년과"": 6, ""신경과"": 6, ""신경외과"": 7, ""심장혈관흉부외과"": 5, ""안과"": 6, ""영상의학과"": 11, ""외과"": 19, ""응급의학과"": 14, ""이비인후과"": 4, ""재활의학과"": 2, ""정신건강의학과"": 4, ""정형외과"": 8, ""진단검사의학과"": 3, ""치과보철과"": 1, ""통합치의학과"": 2, ""피부과"": 2, ""핵의학과"": 2}","[""초음파영상진단기"", ""혈액투석을위한인공신장기"", ""양전자단층촬영기 (PET)"", ""CT"", ""콘빔CT"", ""일반엑스선촬영장치"", ""골밀도검사기"", ""ECMO"", ""체외충격파쇄석기"", ""분만감시기"", ""유방촬영장치"", ""MRI"", ""인공호흡기"", ""인큐베이터""]","[""성인 중환자실"", ""신생아 중환자실"", ""차세대염기서열분석 기반 유전자 패널검사 실시기관"", ""응급의료기관"", ""개방병원"", ""복막투석 환자 재택관리 시범기관"", ""암환자(요루) 재택의료 시범기관"", ""인공와우 실시기관"", ""HPV 국가예방접종사업 참여기관"", ""경피적 대동맥판삽입 실시기관"", ""간호간병통합서비스 제공기관"", ""입원형 호스피스전문기관"", ""1형 당뇨병 환자 재택의료 시범기관"", ""가정간호실시기관"", ""수면다원검사 실시기관"", ""암환자 재택의료 시범기관""]"
JDQ4MTg4MSM1MSMkMSMkMCMkODkkMzgxMzUxIzExIyQxIyQ3IyQ2MiQyNjE0ODEjNzEjJDEjJDgjJDgz,강남베드로병원,종합병원,"서울특별시 강남구 남부순환로 2649, 베드로병원 (도곡동)",37.4856196,127.0396045,"[""내과"", ""신경과"", ""외과"", ""정형외과"", ""신경외과"", ""마취통증의학과"", ""산부인과"", ""비뇨의학과"", ""영상의학과"", ""병리과"", ""진단검사의학과"", ""재활의학과"", ""응급의학과""]","{""내과"": 5, ""마취통증의학과"": 3, ""병리과"": 1, ""비뇨의학과"": 1, ""산부인과"": 1, ""신경과"": 1, ""신경외과"": 4, ""영상의학과"": 2, ""외과"": 4, ""응급의학과"": 3, ""재활의학과"": 1, ""정형외과"": 9, ""진단검사의학과"": 1}","[""일반엑스선촬영장치"", ""유방촬영장치"", ""CT"", ""혈액투석을위한인공신장기"", ""초음파영상진단기"", ""인공호흡기"", ""MRI"", ""체외충격파쇄석기"", ""골밀도검사기""]","[""수면다원검사 실시기관"", ""HPV 국가예방접종사업 참여기관"", ""간호간병통합서비스 제공기관""]"
JDQ4MTYyMiM1MSMkMSMkMCMkODkkMzgxMzUxIzExIyQxIyQzIyQ5MiQyNjEwMDIjNjEjJDEjJDgjJDgz,강남병원,종합병원,"경기도 용인시 기흥구 중부대로 411, 강남병원 (신갈동)",37.2736747,127.1114342,"[""내과"", ""신경과"", ""정신건강의학과"", ""외과"", ""정형외과"", ""신경외과"", ""마취통증의학과"", ""산부인과"", ""소아청소년과"", ""이비인후과"", ""비뇨의학과"", ""영상의학과"", ""진단검사의학과"", ""가정의학과"", ""응급의학과"", ""예방치과""]","{""가정의학과"": 4, ""내과"": 12, ""마취통증의학과"": 2, ""비뇨의학과"": 2, ""산부인과"": 1, ""소아청소년과"": 3, ""신경과"": 2, ""신경외과"": 2, ""영상의학과"": 4, ""외과"": 1, ""응급의학과"": 7, ""정신건강의학과"": 1, ""정형외과"": 5, ""진단검사의학과"": 2}","[""혈액투석을위한인공신장기"", ""MRI"", ""CT"", ""초음파영상진단기"", ""분만감시기"", ""일반엑스선촬영장치"", ""인공호흡기"", ""체외충격파쇄석기"", ""골밀도검사기"", ""유방촬영장치""]","[""성인 중환자실"", ""소아 야간·휴일진료기관"", ""보훈위탁진료요양기관"", ""HPV 국가예방접종사업 참여기관"", ""간호간병통합서비스 제공기관"", ""응급의료기관""]"
JDQ4MTYyMiM4MSMkMSMkMCMkODkkMzgxMzUxIzExIyQxIyQzIyQ3MiQ0NjEwMDIjODEjJDEjJDYjJDgz,강남종합병원,종합병원,"대구광역시 동구 동촌로 207, 강남병원 (방촌동)",35.8827739,128.6639117,"[""내과"", ""신경과"", ""외과"", ""정형외과"", ""마취통증의학과"", ""산부인과"", ""영상의학과"", ""진단검사의학과"", ""응급의학과""]","{""내과"": 4, ""마취통증의학과"": 1, ""산부인과"": 1, ""신경과"": 1, ""영상의학과"": 3, ""외과"": 2, ""응급의학과"": 5, ""정형외과"": 6, ""진단검사의학과"": 1}","[""유방촬영장치"", ""일반엑스선촬영장치"", ""초음파영상진단기"", ""CT"", ""인공호흡기"", ""MRI"", ""골밀도검사기""]","[""응급의료기관"", ""간호간병통합서비스 제공기관"", ""성인 중환자실""]"
JDQ4MTg4MSM1MSMkMSMkMCMkODkkMzgxMzUxIzExIyQxIyQ3IyQ5OSQzNjE4MzIjNDEjJDEjJDQjJDgz,강동경희대학교병원,종합병원,"서울특별시 강동구 동남로 892, (상일동)",37.5535360,127.1576732,"[""내과"", ""신경과"", ""정신건강의학과"", ""외과"", ""정형외과"", ""신경외과"", ""심장혈관흉부외과"", ""성형외과"", ""마취통증의학과"", ""산부인과"", ""소아청소년과"", ""안과"", ""이비인후과"", ""피부과"", ""비뇨의학과"", ""영상의학과"", ""방사선종양학과"", ""병리과"", ""진단검사의학과"", ""재활의학과"", ""핵의학과"", ""응급의학과"", ""치과""]","{""가정의학과"": 2, ""내과"": 53, ""마취통증의학과"": 10, ""방사선종양학과"": 2, ""병리과"": 5, ""비뇨의학과"": 6, ""산부인과"": 7, ""성형외과"": 1, ""소아청소년과"": 11, ""소아치과"": 1, ""신경과"": 9, ""신경외과"": 8, ""심장혈관흉부외과"": 3, ""안과"": 5, ""영상의학과"": 13, ""외과"": 15, ""응급의학과"": 9, ""이비인후과"": 6, ""재활의학과"": 5, ""정신건강의학과"": 3, ""정형외과"": 13, ""진단검사의학과"": 4, ""피부과"": 2, ""한방내과"": 1, ""핵의학과"": 1}","[""체외충격파쇄석기"", ""일반엑스선촬영장치"", ""인공호흡기"", ""초음파영상진단기"", ""분만감시기"", ""CT"", ""양전자단층촬영기 (PET)"", ""골밀도검사기"", ""인큐베이터"", ""MRI"", ""혈액투석을위한인공신장기"", ""유방촬영장치"", ""ECMO""]","[""재활환자 재택의료 시범기관"", ""의·한협진 활성화를 위한 5단계 시범기관"", ""가정간호실시기관"", ""1형 당뇨병 환자 재택의료 시범기관"", ""응급의료기관"", ""복막투석 환자 재택관리 시범기관"", ""결핵환자 재택의료 시범기관"", ""HPV 국가예방접종사업 참여기관"", ""차세대염기서열분석 기반 유전자 패널검사 실시기관"", ""장애인 건강 주치의 시범기관(전체)"", ""인공와우 실시기관"", ""경피적 대동맥판삽입 실시기관"", ""간호간병통합서비스 제공기관"", ""경피적 좌심방이 폐색술 실시기관"", ""수면다원검사 실시기관"", ""성인 중환자실"", ""신생아 중환자실""]"
JDQ4MTYyMiM1MSMkMSMkNCMkODkkMzgxMzUxIzExIyQxIyQzIyQ5OSQyNjEwMDIjNTEjJDEjJDYjJDgz,강원대학교병원,종합병원,"강원특별자치도 춘천시 백령로 156, (효자동)",37.8751611,127.7448909,"[""내과"", ""신경과"", ""정신건강의학과"", ""외과"", ""정형외과"", ""신경외과"", ""심장혈관흉부외과"", ""성형외과"", ""마취통증의학과"", ""산부인과"", ""소아청소년과"", ""안과"", ""이비인후과"", ""피부과"", ""비뇨의학과"", ""영상의학과"", ""방사선종양학과"", ""병리과"", ""진단검사의학과"", ""재활의학과"", ""핵의학과"", ""가정의학과"", ""응급의학과"", ""예방의학과"", ""구강악안면외과"", ""소아치과""]","{""가정의학과"": 5, ""구강악안면외과"": 1, ""내과"": 42, ""마취통증의학과"": 7, ""방사선종양학과"": 3, ""병리과"": 3, ""비뇨의학과"": 4, ""산부인과"": 6, ""성형외과"": 3, ""소아청소년과"": 17, ""신경과"": 4, ""신경외과"": 7, ""심장혈관흉부외과"": 4, ""안과"": 4, ""영상의학과"": 5, ""예방의학과"": 2, ""외과"": 8, ""응급의학과"": 8, ""이비인후과"": 6, ""재활의학과"": 3, ""정신건강의학과"": 6, ""정형외과"": 7, ""진단검사의학과"": 3, ""피부과"": 3}","[""분만감시기"", ""일반엑스선촬영장치"", ""양전자단층촬영기 (PET)"", ""MRI"", ""ECMO"", ""체외충격파쇄석기"", ""유방촬영장치"", ""골밀도검사기"", ""CT"", ""혈액투석을위한인공신장기"", ""인큐베이터"", ""인공호흡기"", ""초음파영상진단기""]","[""성인 중환자실"", ""소아 중환자실"", ""신생아 중환자실"", ""입원형 호스피스전문기관"", ""차세대염기서열분석 기반 유전자 패널검사 실시기관"", ""보훈위탁진료요양기관"", ""암환자 재택의료 시범기관"", ""간호간병통합서비스 제공기관"", ""난임시술(체외)"", ""난임시술(인공)"", ""수면다원검사 실시기관"", ""가정형 호스피스전문기관"", ""응급의료기관"", ""외국인 근로자 등 의료지원 사업시행 의료기관"", ""심장질환자 재택의료 시범기관"", ""(정신질환)병원기반 시범기관""]"
JDQ4MTYyMiM1MSMkMSMkNCMkODkkMzgxMzUxIzExIyQxIyQzIyQ4OSQzNjEwMDIjODEjJDEjJDYjJDgz,강원특별자치도강릉의료원,종합병원,"강원특별자치도 강릉시 경강로 2007-0, 강릉의료원",37.7492828,128.8888316,"[""내과"", ""신경과"", ""외과"", ""정형외과"", ""신경외과"", ""마취통증의학과"", ""소아청소년과"", ""영상의학과"", ""진단검사의학과"", ""재활의학과"", ""가정의학과"", ""응급의학과"", ""통합치의학과""]","{""가정의학과"": 1, ""내과"": 3, ""마취통증의학과"": 1, ""산부인과"": 1, ""소아청소년과"": 1, ""신경외과"": 1, ""영상의학과"": 1, ""외과"": 3, ""재활의학과"": 1, ""정형외과"": 2, ""진단검사의학과"": 1}","[""MRI"", ""골밀도검사기"", ""일반엑스선촬영장치"", ""콘빔CT"", ""초음파영상진단기"", ""CT"", ""유방촬영장치"", ""혈액투석을위한인공신장기"", ""인공호흡기""]","[""성인 중환자실"", ""개방병원"", ""응급의료기관"", ""외국인 근로자 등 의료지원 사업시행 의료기관"", ""간호간병통합서비스 제공기관"", ""비대면진료 시범사업 진료기관(의료기관)"", ""일차의료 방문진료 수가 시범기관"", ""HPV 국가예방접종사업 참여기관""]"
JDQ4MTYyMiM1MSMkMSMkNCMkODkkMzgxMzUxIzExIyQxIyQzIyQ3OSQzNjEyMjIjNDEjJDEjJDQjJDgz,강원특별자치도삼척의료원,종합병원,"강원특별자치도 삼척시 오십천로 473-0, 강원특별자치도삼척의료원",37.4400223,129.1705232,"[""내과"", ""신경과"", ""외과"", ""정형외과"", ""마취통증의학과"", ""산부인과"", ""소아청소년과"", ""이비인후과"", ""영상의학과"", ""진단검사의학과"", ""재활의학과"", ""가정의학과"", ""응급의학과"", ""구강악안면외과""]","{""내과"": 5, ""마취통증의학과"": 2, ""산부인과"": 3, ""소아청소년과"": 1, ""신경과"": 1, ""신경외과"": 1, ""심장혈관흉부외과"": 1, ""영상의학과"": 2, ""외과"": 2, ""응급의학과"": 3, ""이비인후과"": 2, ""재활의학과"": 1, ""정형외과"": 2, ""진단검사의학과"": 1}","[""인큐베이터"", ""MRI"", ""분만감시기"", ""유방촬영장치"", ""CT"", ""초음파영상진단기"", ""일반엑스선촬영장치"", ""인공호흡기"", ""골밀도검사기"", ""혈액투석을위한인공신장기""]","[""성인 중환자실"", ""보훈위탁진료요양기관"", ""외국인 근로자 등 의료지원 사업시행 의료기관"", ""개방병원"", ""HPV 국가예방접종사업 참여기관"", ""간호간병통합서비스 제공기관"", ""비대면진료 시범사업 진료기관(의료기관)"", ""응급의료기관"", ""일차의료 방문진료 수가 시범기관""]"
JDQ4MTYyMiM1MSMkMSMkNCMkODkkMzgxMzUxIzExIyQxIyQzIyQ4OSQzNjE0ODEjNDEjJDEjJDgjJDgz,강원특별자치도속초의료원,종합병원,"강원특별자치도 속초시 영랑호반길 3, (영랑동)",38.2164607,128.5892486,"[""내과"", ""신경과"", ""정신건강의학과"", ""외과"", ""정형외과"", ""신경외과"", ""성형외과"", ""마취통증의학과"", ""산부인과"", ""소아청소년과"", ""이비인후과"", ""비뇨의학과"", ""영상의학과"", ""진단검사의학과"", ""재활의학과"", ""가정의학과"", ""응급의학과"", ""구강악안면외과"", ""치주과"", ""치과보존과""]","{""내과"": 3, ""마취통증의학과"": 1, ""산부인과"": 1, ""소아청소년과"": 2, ""신경외과"": 1, ""영상의학과"": 1, ""외과"": 1, ""응급의학과"": 2, ""재활의학과"": 1, ""정신건강의학과"": 1, ""정형외과"": 2}","[""일반엑스선촬영장치"", ""유방촬영장치"", ""CT"", ""골밀도검사기"", ""초음파영상진단기"", ""인공호흡기"", ""분만감시기"", ""MRI"", ""콘빔CT"", ""인큐베이터""]","[""성인 중환자실"", ""외국인 근로자 등 의료지원 사업시행 의료기관"", ""응급의료기관"", ""보훈위탁진료요양기관"", ""HPV 국가예방접종사업 참여기관""]"
JDQ4MTYyMiM1MSMkMSMkNCMkODkkMzgxMzUxIzExIyQxIyQzIyQ3OSQzNjE4MzIjODEjJDEjJDIjJDgz,강원특별자치도영월의료원,종합병원,"강원특별자치도 영월군 영월읍 중앙1로 59, (영월읍)",37.1864525,128.4652387,"[""내과"", ""신경과"", ""정신건강의학과"", ""외과"", ""정형외과"", ""신경외과"", ""마취통증의학과"", ""산부인과"", ""소아청소년과"", ""피부과"", ""비뇨의학과"", ""영상의학과"", ""진단검사의학과"", ""가정의학과"", ""응급의학과"", ""구강악안면외과""]","{""가정의학과"": 1, ""내과"": 3, ""마취통증의학과"": 1, ""산부인과"": 2, ""소아청소년과"": 2, ""영상의학과"": 1, ""외과"": 1, ""응급의학과"": 1, ""정신건강의학과"": 1, ""정형외과"": 2, ""진단검사의학과"": 1}","[""MRI"", ""초음파영상진단기"", ""인큐베이터"", ""분만감시기"", ""일반엑스선촬영장치"", ""CT"", ""인공호흡기"", ""혈액투석을위한인공신장기"", ""골밀도검사기"", ""유방촬영장치""]","[""성인 중환자실"", ""외국인 근로자 등 의료지원 사업시행 의료기관"", ""비대면진료 시범사업 휴일·야간 진료기관(의료기관)"", ""간호간병통합서비스 제공기관"", ""비대면진료 시범사업 진료기관(의료기관)"", ""일차의료 방문진료 수가 시범기관"", ""보훈위탁진료요양기관"", ""HPV 국가예방접종사업 참여기관"", ""응급의료기관""]"
JDQ4MTYyMiM1MSMkMSMkNCMkODkkMzgxMzUxIzExIyQxIyQzIyQ3OSQ0NjE0ODEjNjEjJDEjJDgjJDgz,강원특별자치도원주의료원,종합병원,"강원특별자치도 원주시 서원대로 387,  (개운동)",37.3326080,127.9492250,"[""내과"", ""신경과"", ""정신건강의학과"", ""외과"", ""정형외과"", ""신경외과"", ""마취통증의학과"", ""산부인과"", ""소아청소년과"", ""이비인후과"", ""영상의학과"", ""진단검사의학과"", ""재활의학과"", ""응급의학과"", ""구강악안면외과""]","{""내과"": 9, ""마취통증의학과"": 2, ""산부인과"": 2, ""소아청소년과"": 3, ""신경과"": 2, ""신경외과"": 1, ""영상의학과"": 2, ""외과"": 3, ""응급의학과"": 7, ""이비인후과"": 1, ""재활의학과"": 2, ""정신건강의학과"": 1, ""정형외과"": 3, ""진단검사의학과"": 1}","[""CT"", ""유방촬영장치"", ""콘빔CT"", ""일반엑스선촬영장치"", ""MRI"", ""골밀도검사기"", ""인공호흡기"", ""초음파영상진단기""]","[""성인 중환자실"", ""HPV 국가예방접종사업 참여기관"", ""응급의료기관"", ""입원형 호스피스전문기관"", ""간호간병통합서비스 제공기관"", ""장애인 건강 주치의 시범기관(방문진료 실시기관)"", ""비대면진료 시범사업 진료기관(의료기관)"", ""외국인 근로자 등 의료지원 사업시행 의료기관"", ""장애인 건강 주치의 시범기관(전체)""]"
JDQ4MTYyMiM4MSMkMSMkNCMkODkkMzgxMzUxIzExIyQxIyQzIyQ4MiQzNjEwMDIjNzEjJDEjJDgjJDgz,강일병원,종합병원,"경상남도 김해시 가락로 359, (구산동)",35.2567027,128.8696111,"[""내과"", ""신경과"", ""외과"", ""정형외과"", ""신경외과"", ""마취통증의학과"", ""소아청소년과"", ""이비인후과"", ""비뇨의학과"", ""영상의학과"", ""진단검사의학과"", ""재활의학과"", ""가정의학과"", ""응급의학과"", ""구강악안면외과""]","{""가정의학과"": 3, ""구강악안면외과"": 1, ""내과"": 1, ""마취통증의학과"": 1, ""소아청소년과"": 1, ""신경과"": 2, ""신경외과"": 1, ""영상의학과"": 2, ""외과"": 2, ""응급의학과"": 4, ""이비인후과"": 1, ""재활의학과"": 1, ""정형외과"": 2, ""진단검사의학과"": 1, ""통합치의학과"": 1}","[""유방촬영장치"", ""인공호흡기"", ""혈액투석을위한인공신장기"", ""일반엑스선촬영장치"", ""콘빔CT"", ""MRI"", ""CT"", ""골밀도검사기"", ""초음파영상진단기"", ""체외충격파쇄석기""]","[""성인 중환자실"", ""응급의료기관"", ""간호간병통합서비스 제공기관"", ""HPV 국가예방접종사업 참여기관"", ""측두하악관절자극요법 실시기관""]"
JDQ4MTYyMiM1MSMkMSMkOCMkODkkMzgxMzUxIzExIyQxIyQzIyQ4OSQyNjE4MzIjNjEjJDEjJDgjJDgz,건국대학교 충주병원,종합병원,"충청북도 충주시 국원대로 82-0, 건국대학교충주병원",36.9789801,127.9288169,"[""내과"", ""신경과"", ""정신건강의학과"", ""외과"", ""정형외과"", ""신경외과"", ""심장혈관흉부외과"", ""성형외과"", ""마취통증의학과"", ""산부인과"", ""소아청소년과"", ""안과"", ""이비인후과"", ""비뇨의학과"", ""영상의학과"", ""병리과"", ""진단검사의학과"", ""재활의학과"", ""가정의학과"", ""응급의학과"", ""구강악안면외과""]","{""가정의학과"": 2, ""내과"": 8, ""마취통증의학과"": 3, ""병리과"": 1, ""비뇨의학과"": 2, ""산부인과"": 2, ""성형외과"": 1, ""소아청소년과"": 2, ""신경과"": 1, ""신경외과"": 4, ""심장혈관흉부외과"": 1, ""안과"": 1, ""영상의학과"": 3, ""외과"": 3, ""응급의학과"": 7, ""이비인후과"": 1, ""재활의학과"": 1, ""정신건강의학과"": 1, ""정형외과"": 3, ""진단검사의학과"": 1}","[""초음파영상진단기"", ""분만감시기"", ""인공호흡기"", ""골밀도검사기"", ""혈액투석을위한인공신장기"", ""유방촬영장치"", ""콘빔CT"", ""일반엑스선촬영장치"", ""인큐베이터"", ""ECMO"", ""체외충격파쇄석기"", ""CT"", ""MRI""]","[""성인 중환자실"", ""HPV 국가예방접종사업 참여기관"", ""결핵환자 재택의료 시범기관"", ""간호간병통합서비스 제공기관"", ""응급의료기관"", ""보훈위탁진료요양기관""]"
JDQ4MTYyMiM1MSMkMSMkMCMkODkkMzgxMzUxIzExIyQxIyQzIyQxMyQzNjE4MzIjNDEjJDEjJDQjJDgz,검단탑병원,종합병원,"인천광역시 검단구 청마로19번길 5, (당하동)",37.5924835,126.6711791,"[""내과"", ""신경과"", ""외과"", ""정형외과"", ""신경외과"", ""심장혈관흉부외과"", ""마취통증의학과"", ""산부인과"", ""소아청소년과"", ""이비인후과"", ""비뇨의학과"", ""영상의학과"", ""진단검사의학과"", ""가정의학과"", ""응급의학과"", ""직업환경의학과"", ""구강악안면외과""]","{""가정의학과"": 2, ""내과"": 13, ""마취통증의학과"": 3, ""비뇨의학과"": 1, ""산부인과"": 1, ""소아청소년과"": 1, ""신경과"": 2, ""신경외과"": 4, ""영상의학과"": 3, ""외과"": 2, ""응급의학과"": 9, ""정형외과"": 6, ""직업환경의학과"": 1, ""진단검사의학과"": 1, ""치과보철과"": 1, ""통합치의학과"": 1}","[""CT"", ""인공호흡기"", ""골밀도검사기"", ""유방촬영장치"", ""콘빔CT"", ""체외충격파쇄석기"", ""일반엑스선촬영장치"", ""MRI"", ""혈액투석을위한인공신장기"", ""초음파영상진단기""]","[""성인 중환자실"", ""HPV 국가예방접종사업 참여기관"", ""응급의료기관"", ""간호간병통합서비스 제공기관"", ""소아진료 지역협력체계 구축 시범기관(전체)"", ""소아진료 지역협력체계 구축 시범기관(참여기관)"", ""측두하악관절자극요법 실시기관""]"
JDQ4MTYyMiM1MSMkMSMkMCMkODkkMzgxMzUxIzExIyQxIyQzIyQxMyQ0NjE0ODEjODEjJDEjJDIjJDgz,경기도의료원 수원병원,종합병원,"경기도 수원시 장안구 수성로245번길 69, (정자동)",37.2918917,126.9963375,"[""내과"", ""신경과"", ""정신건강의학과"", ""외과"", ""정형외과"", ""신경외과"", ""마취통증의학과"", ""산부인과"", ""소아청소년과"", ""안과"", ""영상의학과"", ""진단검사의학과"", ""재활의학과"", ""가정의학과"", ""응급의학과"", ""직업환경의학과"", ""구강악안면외과"", ""치과보철과"", ""소아치과"", ""치주과"", ""치과보존과"", ""영상치의학과"", ""예방치과"", ""통합치의학과""]","{""가정의학과"": 3, ""구강악안면외과"": 1, ""내과"": 4, ""마취통증의학과"": 2, ""산부인과"": 1, ""소아청소년과"": 1, ""신경과"": 1, ""신경외과"": 1, ""영상의학과"": 2, ""외과"": 2, ""응급의학과"": 6, ""재활의학과"": 1, ""정신건강의학과"": 1, ""정형외과"": 2, ""직업환경의학과"": 1, ""진단검사의학과"": 1, ""통합치의학과"": 2}","[""분만감시기"", ""콘빔CT"", ""MRI"", ""유방촬영장치"", ""CT"", ""혈액투석을위한인공신장기"", ""골밀도검사기"", ""인공호흡기"", ""일반엑스선촬영장치"", ""초음파영상진단기""]","[""성인 중환자실"", ""외국인 근로자 등 의료지원 사업시행 의료기관"", ""결핵환자 재택의료 시범기관"", ""HPV 국가예방접종사업 참여기관"", ""응급의료기관"", ""보훈위탁진료요양기관"", ""일차의료 방문진료 수가 시범기관"", ""간호간병통합서비스 제공기관"", ""가정간호실시기관"", ""장애인 치과 주치의 시범기관""]"
JDQ4MTYyMiM1MSMkMSMkMCMkODkkMzgxMzUxIzExIyQyIyQzIyQwMCQzNjE0ODEjNDEjJDEjJDgjJDgz,경기도의료원 안성병원,종합병원,"경기도 안성시 남파로 95, 경기도의료원 안성병원 (당왕동)",37.0173296,127.2603859,"[""내과"", ""신경과"", ""외과"", ""정형외과"", ""신경외과"", ""성형외과"", ""마취통증의학과"", ""산부인과"", ""소아청소년과"", ""비뇨의학과"", ""영상의학과"", ""진단검사의학과"", ""재활의학과"", ""가정의학과"", ""응급의학과"", ""치과교정과""]","{""가정의학과"": 3, ""내과"": 5, ""마취통증의학과"": 1, ""비뇨의학과"": 1, ""산부인과"": 1, ""성형외과"": 1, ""소아청소년과"": 2, ""신경과"": 1, ""신경외과"": 1, ""영상의학과"": 2, ""외과"": 4, ""응급의학과"": 3, ""재활의학과"": 1, ""정형외과"": 3, ""진단검사의학과"": 1}","[""CT"", ""인공호흡기"", ""콘빔CT"", ""일반엑스선촬영장치"", ""체외충격파쇄석기"", ""MRI"", ""초음파영상진단기"", ""혈액투석을위한인공신장기"", ""유방촬영장치"", ""골밀도검사기""]","[""성인 중환자실"", ""가정간호실시기관"", ""HPV 국가예방접종사업 참여기관"", ""소아 야간·휴일진료기관"", ""일차의료 방문진료 수가 시범기관"", ""간호간병통합서비스 제공기관"", ""보훈위탁진료요양기관"", ""장애인 치과 주치의 시범기관"", ""입원형 호스피스전문기관"", ""장애인 건강 주치의 시범기관(전체)"", ""응급의료기관"", ""외국인 근로자 등 의료지원 사업시행 의료기관""]"
JDQ4MTYyMiM1MSMkMSMkMCMkODkkMzgxMzUxIzExIyQxIyQ3IyQ4OSQzNjEwMDIjNDEjJDEjJDgjJDgz,경기도의료원 이천병원,종합병원,"경기도 이천시 경충대로 2742, (관고동)",37.2828595,127.4330563,"[""내과"", ""신경과"", ""외과"", ""정형외과"", ""마취통증의학과"", ""소아청소년과"", ""비뇨의학과"", ""영상의학과"", ""진단검사의학과"", ""재활의학과"", ""응급의학과"", ""통합치의학과""]","{""내과"": 7, ""마취통증의학과"": 2, ""비뇨의학과"": 1, ""소아청소년과"": 2, ""신경과"": 1, ""영상의학과"": 3, ""외과"": 2, ""응급의학과"": 6, ""재활의학과"": 2, ""정형외과"": 3, ""진단검사의학과"": 1, ""통합치의학과"": 1}","[""체외충격파쇄석기"", ""혈액투석을위한인공신장기"", ""MRI"", ""초음파영상진단기"", ""CT"", ""인공호흡기"", ""콘빔CT"", ""일반엑스선촬영장치"", ""골밀도검사기"", ""유방촬영장치""]","[""성인 중환자실"", ""보훈위탁진료요양기관"", ""일차의료 방문진료 수가 시범기관"", ""가정간호실시기관"", ""입원형 호스피스전문기관"", ""외국인 근로자 등 의료지원 사업시행 의료기관"", ""응급의료기관"", ""간호간병통합서비스 제공기관"", ""장애인 치과 주치의 시범기관"", ""장애인 건강 주치의 시범기관(전체)"", ""HPV 국가예방접종사업 참여기관""]"
JDQ4MTYyMiM1MSMkMSMkMCMkODkkMzgxMzUxIzExIyQxIyQzIyQ5OSQ0NjE0ODEjNzEjJDEjJDgjJDgz,경기도의료원의정부병원,종합병원,"경기도 의정부시 흥선로 142, (의정부동)",37.7411610,127.0425004,"[""내과"", ""신경과"", ""정신건강의학과"", ""외과"", ""정형외과"", ""마취통증의학과"", ""산부인과"", ""소아청소년과"", ""피부과"", ""비뇨의학과"", ""영상의학과"", ""진단검사의학과"", ""가정의학과"", ""응급의학과"", ""치과보철과"", ""소아치과"", ""치주과"", ""치과보존과"", ""구강내과"", ""예방치과"", ""통합치의학과"", ""한방내과""]","{""가정의학과"": 3, ""구강내과"": 1, ""내과"": 3, ""마취통증의학과"": 2, ""비뇨의학과"": 1, ""산부인과"": 2, ""소아청소년과"": 1, ""신경과"": 1, ""영상의학과"": 1, ""정신건강의학과"": 3, ""정형외과"": 1, ""진단검사의학과"": 1, ""통합치의학과"": 1, ""한방내과"": 1}","[""CT"", ""MRI"", ""일반엑스선촬영장치"", ""골밀도검사기"", ""인공호흡기"", ""체외충격파쇄석기"", ""콘빔CT"", ""초음파영상진단기"", ""유방촬영장치""]","[""성인 중환자실"", ""응급의료기관"", ""입원형 호스피스전문기관"", ""일차의료 방문진료 수가 시범기관"", ""외국인 근로자 등 의료지원 사업시행 의료기관"", ""장애인 치과 주치의 시범기관"", ""HPV 국가예방접종사업 참여기관"", ""간호간병통합서비스 제공기관"", ""측두하악관절자극요법 실시기관"", ""보훈위탁진료요양기관"", ""가정간호실시기관""]"
JDQ4MTYyMiM1MSMkMSMkMCMkODkkMzgxMzUxIzExIyQyIyQzIyQwMCQyNjEyMjIjNjEjJDEjJDQjJDgz,경기도의료원파주병원,종합병원,"경기도 파주시 중앙로 207, 경기도립의료원파주병원 (금촌동)",37.7550649,126.7801502,"[""내과"", ""신경과"", ""외과"", ""정형외과"", ""마취통증의학과"", ""산부인과"", ""소아청소년과"", ""이비인후과"", ""비뇨의학과"", ""영상의학과"", ""진단검사의학과"", ""재활의학과"", ""가정의학과"", ""응급의학과"", ""직업환경의학과"", ""치과보존과"", ""한방내과""]","{""가정의학과"": 2, ""내과"": 1, ""마취통증의학과"": 2, ""비뇨의학과"": 1, ""산부인과"": 1, ""소아청소년과"": 1, ""신경과"": 1, ""심장혈관흉부외과"": 1, ""영상의학과"": 2, ""외과"": 2, ""응급의학과"": 5, ""재활의학과"": 1, ""정형외과"": 3, ""진단검사의학과"": 1, ""통합치의학과"": 2, ""한방내과"": 1}","[""콘빔CT"", ""분만감시기"", ""CT"", ""유방촬영장치"", ""초음파영상진단기"", ""골밀도검사기"", ""인공호흡기"", ""MRI"", ""일반엑스선촬영장치""]","[""성인 중환자실"", ""가정형 호스피스전문기관"", ""일차의료 방문진료 수가 시범기관"", ""장애인 치과 주치의 시범기관"", ""외국인 근로자 등 의료지원 사업시행 의료기관"", ""보훈위탁진료요양기관"", ""간호간병통합서비스 제공기관"", ""입원형 호스피스전문기관"", ""응급의료기관"", ""가정간호실시기관"", ""HPV 국가예방접종사업 참여기관""]"
JDQ4MTYyMiM1MSMkMSMkMCMkODkkMzgxMzUxIzExIyQyIyQzIyQwMCQyNjEwMDIjNzEjJDEjJDgjJDgz,경기도의료원포천병원,종합병원,"경기도 포천시 포천로 1648, (신읍동)",37.9033162,127.1982800,"[""내과"", ""신경과"", ""외과"", ""정형외과"", ""마취통증의학과"", ""산부인과"", ""소아청소년과"", ""이비인후과"", ""비뇨의학과"", ""영상의학과"", ""진단검사의학과"", ""재활의학과"", ""가정의학과"", ""응급의학과"", ""통합치의학과""]","{""가정의학과"": 1, ""내과"": 3, ""마취통증의학과"": 3, ""비뇨의학과"": 1, ""산부인과"": 2, ""소아청소년과"": 1, ""신경과"": 1, ""영상의학과"": 1, ""외과"": 2, ""응급의학과"": 5, ""이비인후과"": 1, ""재활의학과"": 1, ""정형외과"": 1, ""진단검사의학과"": 1}","[""일반엑스선촬영장치"", ""체외충격파쇄석기"", ""MRI"", ""혈액투석을위한인공신장기"", ""분만감시기"", ""골밀도검사기"", ""인공호흡기"", ""CT"", ""초음파영상진단기"", ""유방촬영장치"", ""콘빔CT"", ""인큐베이터""]","[""성인 중환자실"", ""가정간호실시기관"", ""HPV 국가예방접종사업 참여기관"", ""장애인 치과 주치의 시범기관"", ""외국인 근로자 등 의료지원 사업시행 의료기관"", ""간호간병통합서비스 제공기관"", ""보훈위탁진료요양기관"", ""응급의료기관"", ""일차의료 방문진료 수가 시범기관""]"
JDQ4MTYyMiM4MSMkMSMkNCMkODkkMzgxMzUxIzExIyQxIyQzIyQ3OSQyNjEyMjIjODEjJDEjJDYjJDgz,경상남도마산의료원,종합병원,"경상남도 창원시 마산합포구 3·15대로 231, (중앙동3가)",35.1992371,128.5655967,"[""내과"", ""신경과"", ""정신건강의학과"", ""외과"", ""정형외과"", ""신경외과"", ""심장혈관흉부외과"", ""마취통증의학과"", ""산부인과"", ""소아청소년과"", ""이비인후과"", ""피부과"", ""비뇨의학과"", ""영상의학과"", ""진단검사의학과"", ""재활의학과"", ""응급의학과""]","{""내과"": 4, ""마취통증의학과"": 1, ""산부인과"": 1, ""소아청소년과"": 1, ""신경과"": 2, ""신경외과"": 1, ""영상의학과"": 1, ""응급의학과"": 5, ""재활의학과"": 1, ""정형외과"": 2, ""진단검사의학과"": 1}","[""초음파영상진단기"", ""CT"", ""유방촬영장치"", ""ECMO"", ""골밀도검사기"", ""MRI"", ""인큐베이터"", ""혈액투석을위한인공신장기"", ""인공호흡기"", ""일반엑스선촬영장치""]","[""성인 중환자실"", ""응급의료기관"", ""HPV 국가예방접종사업 참여기관"", ""간호간병통합서비스 제공기관"", ""일차의료 방문진료 수가 시범기관"", ""보훈위탁진료요양기관"", ""입원형 호스피스전문기관"", ""외국인 근로자 등 의료지원 사업시행 의료기관""]"
JDQ4MTYyMiM4MSMkMSMkMCMkODkkMzgxMzUxIzExIyQyIyQzIyQwMCQ0NjEwMDIjNjEjJDEjJDAjJDgz,경상북도김천의료원,종합병원,"경상북도 김천시 모암길 24,  (모암동)",36.1227232,128.1264391,"[""내과"", ""신경과"", ""정신건강의학과"", ""외과"", ""정형외과"", ""신경외과"", ""심장혈관흉부외과"", ""성형외과"", ""마취통증의학과"", ""산부인과"", ""소아청소년과"", ""안과"", ""이비인후과"", ""비뇨의학과"", ""영상의학과"", ""진단검사의학과"", ""재활의학과"", ""가정의학과"", ""응급의학과"", ""직업환경의학과"", ""치과보철과""]","{""가정의학과"": 2, ""내과"": 7, ""마취통증의학과"": 2, ""비뇨의학과"": 2, ""산부인과"": 1, ""소아청소년과"": 1, ""신경과"": 1, ""신경외과"": 2, ""안과"": 1, ""영상의학과"": 3, ""외과"": 2, ""응급의학과"": 6, ""이비인후과"": 1, ""재활의학과"": 1, ""정형외과"": 3, ""직업환경의학과"": 1, ""진단검사의학과"": 1, ""통합치의학과"": 1}","[""혈액투석을위한인공신장기"", ""CT"", ""인공호흡기"", ""체외충격파쇄석기"", ""콘빔CT"", ""MRI"", ""일반엑스선촬영장치"", ""골밀도검사기"", ""유방촬영장치"", ""인큐베이터"", ""초음파영상진단기"", ""분만감시기""]","[""입원형 호스피스전문기관"", ""일차의료 방문진료 수가 시범기관"", ""가정간호실시기관"", ""간호간병통합서비스 제공기관"", ""응급의료기관"", ""HPV 국가예방접종사업 참여기관"", ""외국인 근로자 등 의료지원 사업시행 의료기관"", ""성인 중환자실""]"
JDQ4MTYyMiM4MSMkMSMkMCMkODkkMzgxMzUxIzExIyQyIyQzIyQwMCQzNjEwMDIjNDEjJDEjJDgjJDgz,경상북도안동의료원,종합병원,"경상북도 안동시 태사2길 55,  (북문동)",36.5682206,128.7321116,"[""내과"", ""신경과"", ""정신건강의학과"", ""외과"", ""정형외과"", ""신경외과"", ""성형외과"", ""마취통증의학과"", ""산부인과"", ""소아청소년과"", ""안과"", ""이비인후과"", ""피부과"", ""비뇨의학과"", ""영상의학과"", ""진단검사의학과"", ""재활의학과"", ""가정의학과"", ""응급의학과"", ""통합치의학과""]","{""가정의학과"": 2, ""내과"": 4, ""마취통증의학과"": 2, ""방사선종양학과"": 1, ""비뇨의학과"": 1, ""산부인과"": 3, ""소아청소년과"": 1, ""신경과"": 1, ""신경외과"": 1, ""안과"": 1, ""영상의학과"": 2, ""외과"": 2, ""응급의학과"": 1, ""이비인후과"": 1, ""재활의학과"": 1, ""정형외과"": 3, ""진단검사의학과"": 1}","[""일반엑스선촬영장치"", ""혈액투석을위한인공신장기"", ""CT"", ""골밀도검사기"", ""체외충격파쇄석기"", ""MRI"", ""인공호흡기"", ""콘빔CT"", ""유방촬영장치"", ""초음파영상진단기""]","[""HPV 국가예방접종사업 참여기관"", ""보훈위탁진료요양기관"", ""외국인 근로자 등 의료지원 사업시행 의료기관"", ""입원형 호스피스전문기관"", ""간호간병통합서비스 제공기관"", ""난임시술(체외)"", ""난임시술(인공)"", ""응급의료기관"", ""성인 중환자실""]"
JDQ4MTYyMiM4MSMkMSMkMCMkODkkMzgxMzUxIzExIyQxIyQzIyQ3OSQzNjE0ODEjNDEjJDEjJDgjJDgz,경상북도포항의료원,종합병원,"경상북도 포항시 북구 용흥로 36,  (용흥동)",36.0348814,129.3549409,"[""내과"", ""신경과"", ""정신건강의학과"", ""외과"", ""정형외과"", ""신경외과"", ""마취통증의학과"", ""산부인과"", ""소아청소년과"", ""안과"", ""이비인후과"", ""비뇨의학과"", ""영상의학과"", ""진단검사의학과"", ""재활의학과"", ""가정의학과"", ""응급의학과"", ""구강악안면외과"", ""치과보철과"", ""소아치과"", ""치주과"", ""치과보존과"", ""구강내과"", ""영상치의학과"", ""구강병리과"", ""예방치과""]","{""가정의학과"": 1, ""내과"": 4, ""마취통증의학과"": 1, ""병리과"": 1, ""비뇨의학과"": 1, ""산부인과"": 1, ""소아청소년과"": 1, ""신경과"": 1, ""신경외과"": 1, ""안과"": 1, ""영상의학과"": 1, ""외과"": 1, ""응급의학과"": 4, ""이비인후과"": 1, ""재활의학과"": 1, ""정신건강의학과"": 2, ""정형외과"": 3, ""진단검사의학과"": 1, ""치과교정과"": 1}","[""CT"", ""골밀도검사기"", ""인공호흡기"", ""인큐베이터"", ""MRI"", ""콘빔CT"", ""체외충격파쇄석기"", ""일반엑스선촬영장치"", ""초음파영상진단기"", ""유방촬영장치""]","[""일차의료 방문진료 수가 시범기관"", ""보훈위탁진료요양기관"", ""자문형 호스피스전문기관"", ""외국인 근로자 등 의료지원 사업시행 의료기관"", ""간호간병통합서비스 제공기관"", ""응급의료기관"", ""입원형 호스피스전문기관"", ""HPV 국가예방접종사업 참여기관"", ""성인 중환자실""]"
JDQ4MTg4MSM1MSMkMSMkMCMkODkkMzgxMzUxIzExIyQxIyQzIyQ4OSQzNjE4MzIjNjEjJDEjJDgjJDgz,경찰병원,종합병원,"서울특별시 송파구 송이로 123, 국립경찰병원 (가락동)",37.4963836,127.1235089,"[""내과"", ""신경과"", ""정신건강의학과"", ""외과"", ""정형외과"", ""신경외과"", ""심장혈관흉부외과"", ""성형외과"", ""마취통증의학과"", ""산부인과"", ""소아청소년과"", ""안과"", ""이비인후과"", ""피부과"", ""비뇨의학과"", ""영상의학과"", ""병리과"", ""진단검사의학과"", ""재활의학과"", ""가정의학과"", ""응급의학과"", ""치과보철과"", ""치주과""]","{""가정의학과"": 2, ""내과"": 12, ""마취통증의학과"": 5, ""비뇨의학과"": 3, ""산부인과"": 2, ""성형외과"": 2, ""소아청소년과"": 2, ""신경과"": 2, ""신경외과"": 3, ""심장혈관흉부외과"": 1, ""안과"": 2, ""영상의학과"": 1, ""외과"": 5, ""이비인후과"": 4, ""재활의학과"": 2, ""정신건강의학과"": 2, ""정형외과"": 8, ""진단검사의학과"": 1, ""치과보철과"": 1, ""치주과"": 2, ""피부과"": 2, ""핵의학과"": 1}","[""MRI"", ""초음파영상진단기"", ""CT"", ""콘빔CT"", ""혈액투석을위한인공신장기"", ""양전자단층촬영기 (PET)"", ""일반엑스선촬영장치"", ""유방촬영장치"", ""골밀도검사기"", ""인큐베이터"", ""체외충격파쇄석기"", ""인공호흡기""]","[""수면다원검사 실시기관"", ""간호간병통합서비스 제공기관"", ""응급의료기관"", ""성인 중환자실""]"
JDQ4MTYyMiM4MSMkMSMkMCMkODkkMzgxMzUxIzExIyQxIyQzIyQ3MiQzNjEwMDIjNjEjJDEjJDgjJDgz,계명대학교대구동산병원,종합병원,"대구광역시 중구 달성로 56, 계명대학교대구동산병원 (동산동)",35.8694728,128.5831323,"[""내과"", ""신경과"", ""정신건강의학과"", ""외과"", ""정형외과"", ""심장혈관흉부외과"", ""마취통증의학과"", ""산부인과"", ""소아청소년과"", ""안과"", ""이비인후과"", ""비뇨의학과"", ""영상의학과"", ""진단검사의학과"", ""재활의학과"", ""가정의학과"", ""응급의학과"", ""통합치의학과""]","{""가정의학과"": 1, ""내과"": 10, ""마취통증의학과"": 2, ""비뇨의학과"": 1, ""산부인과"": 1, ""소아청소년과"": 3, ""신경과"": 1, ""안과"": 2, ""영상의학과"": 3, ""외과"": 1, ""응급의학과"": 6, ""이비인후과"": 1, ""재활의학과"": 1, ""정신건강의학과"": 1, ""정형외과"": 1, ""진단검사의학과"": 1, ""통합치의학과"": 1}","[""분만감시기"", ""CT"", ""체외충격파쇄석기"", ""인공호흡기"", ""골밀도검사기"", ""일반엑스선촬영장치"", ""유방촬영장치"", ""MRI"", ""초음파영상진단기"", ""혈액투석을위한인공신장기"", ""콘빔CT"", ""인큐베이터""]","[""응급의료기관"", ""HPV 국가예방접종사업 참여기관"", ""가정형 호스피스전문기관"", ""입원형 호스피스전문기관"", ""성인 중환자실""]"
JDQ4MTYyMiM4MSMkMSMkMCMkODkkMzgxMzUxIzExIyQyIyQzIyQwMCQ0NjE0ODEjNjEjJDEjJDgjJDgz,곽병원,종합병원,"대구광역시 중구 국채보상로 531, (수동)",35.8710213,128.5885849,"[""내과"", ""신경과"", ""정신건강의학과"", ""외과"", ""정형외과"", ""신경외과"", ""마취통증의학과"", ""산부인과"", ""소아청소년과"", ""비뇨의학과"", ""영상의학과"", ""병리과"", ""진단검사의학과"", ""가정의학과"", ""응급의학과"", ""통합치의학과""]","{""가정의학과"": 1, ""내과"": 6, ""마취통증의학과"": 2, ""병리과"": 1, ""비뇨의학과"": 1, ""산부인과"": 1, ""소아청소년과"": 1, ""신경과"": 1, ""영상의학과"": 3, ""외과"": 6, ""응급의학과"": 2, ""정형외과"": 3, ""직업환경의학과"": 1}","[""초음파영상진단기"", ""체외충격파쇄석기"", ""골밀도검사기"", ""콘빔CT"", ""혈액투석을위한인공신장기"", ""일반엑스선촬영장치"", ""MRI"", ""CT"", ""인공호흡기"", ""유방촬영장치""]","[""응급의료기관"", ""간호간병통합서비스 제공기관"", ""HPV 국가예방접종사업 참여기관""]"
JDQ4MTYyMiM1MSMkMSMkMCMkODkkMzgxMzUxIzExIyQxIyQzIyQ5OSQyNjEyMjIjODEjJDEjJDIjJDgz,광명성애병원,종합병원,"경기도 광명시 디지털로 36, 광명성애병원 (철산동)",37.4736659,126.8713502,"[""내과"", ""신경과"", ""정신건강의학과"", ""외과"", ""정형외과"", ""신경외과"", ""심장혈관흉부외과"", ""성형외과"", ""마취통증의학과"", ""산부인과"", ""소아청소년과"", ""안과"", ""이비인후과"", ""피부과"", ""비뇨의학과"", ""영상의학과"", ""병리과"", ""진단검사의학과"", ""재활의학과"", ""가정의학과"", ""응급의학과"", ""직업환경의학과"", ""구강악안면외과""]","{""가정의학과"": 3, ""구강악안면외과"": 1, ""내과"": 14, ""마취통증의학과"": 3, ""비뇨의학과"": 1, ""산부인과"": 2, ""성형외과"": 5, ""소아청소년과"": 3, ""신경과"": 4, ""신경외과"": 3, ""안과"": 1, ""영상의학과"": 4, ""외과"": 3, ""응급의학과"": 10, ""이비인후과"": 2, ""재활의학과"": 1, ""정신건강의학과"": 1, ""정형외과"": 6, ""직업환경의학과"": 1, ""진단검사의학과"": 1, ""피부과"": 1}","[""분만감시기"", ""유방촬영장치"", ""초음파영상진단기"", ""혈액투석을위한인공신장기"", ""골밀도검사기"", ""인공호흡기"", ""체외충격파쇄석기"", ""인큐베이터"", ""일반엑스선촬영장치"", ""CT"", ""MRI"", ""콘빔CT""]","[""성인 중환자실"", ""신생아 중환자실"", ""응급의료기관"", ""보훈위탁진료요양기관"", ""1형 당뇨병 환자 재택의료 시범기관"", ""간호간병통합서비스 제공기관"", ""HPV 국가예방접종사업 참여기관""]"
JDQ4MTYyMiM3MSMkMSMkMCMkODkkMzgxMzUxIzExIyQxIyQzIyQ5MiQ0NjE0ODEjNDEjJDEjJDgjJDgz,광양사랑병원,종합병원,"전남광주통합특별시 광양시 공영로 71,  (중동)",34.9361845,127.6969656,"[""내과"", ""신경과"", ""외과"", ""정형외과"", ""신경외과"", ""마취통증의학과"", ""소아청소년과"", ""비뇨의학과"", ""영상의학과"", ""진단검사의학과"", ""직업환경의학과""]","{""가정의학과"": 1, ""내과"": 5, ""마취통증의학과"": 1, ""비뇨의학과"": 1, ""소아청소년과"": 1, ""신경외과"": 1, ""영상의학과"": 2, ""외과"": 2, ""응급의학과"": 1, ""정형외과"": 2, ""직업환경의학과"": 2, ""진단검사의학과"": 1}","[""초음파영상진단기"", ""인공호흡기"", ""체외충격파쇄석기"", ""골밀도검사기"", ""일반엑스선촬영장치"", ""CT"", ""MRI"", ""혈액투석을위한인공신장기"", ""유방촬영장치""]","[""성인 중환자실"", ""HPV 국가예방접종사업 참여기관"", ""보훈위탁진료요양기관"", ""간호간병통합서비스 제공기관"", ""응급의료기관""]"
JDQ4MTYyMiM3MSMkMSMkMCMkODkkMzgxMzUxIzExIyQxIyQzIyQ3OSQyNjE4MzIjNDEjJDEjJDQjJDgz,광주기독병원,종합병원,"전남광주통합특별시 남구 양림로 37,  (양림동)",35.1366650,126.9118749,"[""내과"", ""신경과"", ""정신건강의학과"", ""외과"", ""정형외과"", ""신경외과"", ""심장혈관흉부외과"", ""마취통증의학과"", ""산부인과"", ""소아청소년과"", ""이비인후과"", ""피부과"", ""비뇨의학과"", ""영상의학과"", ""병리과"", ""진단검사의학과"", ""결핵과"", ""재활의학과"", ""핵의학과"", ""가정의학과"", ""응급의학과"", ""구강악안면외과"", ""치과보철과"", ""소아치과"", ""치주과"", ""치과보존과"", ""구강내과"", ""영상치의학과"", ""예방치과""]","{""가정의학과"": 3, ""내과"": 35, ""마취통증의학과"": 5, ""병리과"": 2, ""비뇨의학과"": 5, ""산부인과"": 3, ""소아청소년과"": 9, ""신경과"": 1, ""신경외과"": 6, ""심장혈관흉부외과"": 2, ""영상의학과"": 5, ""외과"": 10, ""응급의학과"": 7, ""이비인후과"": 3, ""재활의학과"": 5, ""정신건강의학과"": 1, ""정형외과"": 6, ""진단검사의학과"": 2, ""치과보존과"": 1, ""치주과"": 1, ""피부과"": 1, ""핵의학과"": 1}","[""일반엑스선촬영장치"", ""유방촬영장치"", ""CT"", ""골밀도검사기"", ""분만감시기"", ""양전자단층촬영기 (PET)"", ""인큐베이터"", ""초음파영상진단기"", ""콘빔CT"", ""인공호흡기"", ""MRI"", ""체외충격파쇄석기"", ""혈액투석을위한인공신장기""]","[""성인 중환자실"", ""신생아 중환자실"", ""측두하악관절자극요법 실시기관"", ""소아 야간·휴일진료기관"", ""수면다원검사 실시기관"", ""입원형 호스피스전문기관"", ""간호간병통합서비스 제공기관"", ""응급의료기관"", ""결핵환자 재택의료 시범기관"", ""HPV 국가예방접종사업 참여기관""]"
JDQ4MTYyMiM3MSMkMSMkMCMkODkkMzgxMzUxIzExIyQxIyQ3IyQ3OSQ0NjE0ODEjNzEjJDEjJDgjJDgz,광주병원,종합병원,"전남광주통합특별시 북구 면앙로139번길 51,  (두암동)",35.1789030,126.9281408,"[""내과"", ""신경과"", ""외과"", ""정형외과"", ""신경외과"", ""심장혈관흉부외과"", ""마취통증의학과"", ""산부인과"", ""비뇨의학과"", ""영상의학과"", ""진단검사의학과"", ""응급의학과""]","{""내과"": 13, ""마취통증의학과"": 3, ""비뇨의학과"": 1, ""산부인과"": 1, ""신경과"": 2, ""신경외과"": 2, ""심장혈관흉부외과"": 1, ""영상의학과"": 3, ""외과"": 3, ""응급의학과"": 4, ""정형외과"": 6, ""진단검사의학과"": 1}","[""골밀도검사기"", ""체외충격파쇄석기"", ""MRI"", ""인공호흡기"", ""일반엑스선촬영장치"", ""유방촬영장치"", ""CT"", ""초음파영상진단기"", ""혈액투석을위한인공신장기""]","[""성인 중환자실"", ""간호간병통합서비스 제공기관"", ""응급의료기관""]"
JDQ4MTYyMiM3MSMkMSMkMCMkODkkMzgxMzUxIzExIyQxIyQzIyQ4OSQyNjE4MzIjNzEjJDEjJDgjJDgz,광주보훈병원,종합병원,"전남광주통합특별시 광산구 첨단월봉로 99,  (산월동)",35.2079032,126.8496719,"[""내과"", ""신경과"", ""정신건강의학과"", ""외과"", ""정형외과"", ""신경외과"", ""마취통증의학과"", ""산부인과"", ""소아청소년과"", ""안과"", ""이비인후과"", ""피부과"", ""비뇨의학과"", ""영상의학과"", ""병리과"", ""진단검사의학과"", ""재활의학과"", ""핵의학과"", ""가정의학과"", ""응급의학과"", ""치과보철과"", ""치주과"", ""구강내과"", ""한방내과""]","{""가정의학과"": 3, ""구강내과"": 1, ""내과"": 12, ""마취통증의학과"": 3, ""병리과"": 1, ""비뇨의학과"": 4, ""산부인과"": 2, ""소아청소년과"": 3, ""신경과"": 3, ""신경외과"": 3, ""안과"": 2, ""영상의학과"": 4, ""외과"": 3, ""응급의학과"": 3, ""이비인후과"": 2, ""재활의학과"": 4, ""정신건강의학과"": 1, ""정형외과"": 3, ""진단검사의학과"": 1, ""치과보철과"": 3, ""치주과"": 2, ""피부과"": 1, ""핵의학과"": 1}","[""일반엑스선촬영장치"", ""혈액투석을위한인공신장기"", ""골밀도검사기"", ""유방촬영장치"", ""양전자단층촬영기 (PET)"", ""초음파영상진단기"", ""CT"", ""체외충격파쇄석기"", ""MRI"", ""인공호흡기"", ""콘빔CT""]","[""성인 중환자실"", ""가정간호실시기관"", ""간호간병통합서비스 제공기관"", ""응급의료기관"", ""인공와우 실시기관"", ""HPV 국가예방접종사업 참여기관"", ""입원형 호스피스전문기관"", ""가정형 호스피스전문기관""]"
JDQ4MTYyMiM3MSMkMSMkMCMkODkkMzgxMzUxIzExIyQxIyQ3IyQ3OSQzNjEyMjIjNDEjJDEjJDgjJDgz,광주센트럴병원,종합병원,"전남광주통합특별시 광산구 수완로 6-0,  A,B,C동 (신가동)",35.1857756,126.8291069,"[""내과"", ""신경과"", ""외과"", ""정형외과"", ""신경외과"", ""심장혈관흉부외과"", ""마취통증의학과"", ""산부인과"", ""소아청소년과"", ""영상의학과"", ""진단검사의학과"", ""재활의학과"", ""가정의학과"", ""응급의학과""]","{""가정의학과"": 2, ""내과"": 7, ""마취통증의학과"": 1, ""산부인과"": 1, ""성형외과"": 1, ""소아청소년과"": 5, ""신경과"": 1, ""신경외과"": 2, ""심장혈관흉부외과"": 1, ""영상의학과"": 2, ""외과"": 1, ""응급의학과"": 1, ""재활의학과"": 1, ""진단검사의학과"": 1}","[""MRI"", ""일반엑스선촬영장치"", ""초음파영상진단기"", ""인공호흡기"", ""CT"", ""혈액투석을위한인공신장기"", ""유방촬영장치"", ""골밀도검사기""]","[""입원형 호스피스전문기관"", ""HPV 국가예방접종사업 참여기관"", ""간호간병통합서비스 제공기관"", ""소아진료 지역협력체계 구축 시범기관(전체)"", ""소아진료 지역협력체계 구축 시범기관(중심기관)"", ""응급의료기관"", ""소아 야간·휴일진료기관""]"
JDQ4MTYyMiM3MSMkMSMkMCMkODkkMzgxMzUxIzExIyQxIyQzIyQwMyQ0NjEwMDIjNzEjJDEjJDgjJDgz,광주수완병원,종합병원,"전남광주통합특별시 광산구 임방울대로 370,  (수완동)",35.1931112,126.8241986,"[""내과"", ""외과"", ""정형외과"", ""신경외과"", ""심장혈관흉부외과"", ""마취통증의학과"", ""산부인과"", ""소아청소년과"", ""이비인후과"", ""비뇨의학과"", ""영상의학과"", ""진단검사의학과"", ""재활의학과"", ""응급의학과""]","{""내과"": 3, ""마취통증의학과"": 1, ""산부인과"": 1, ""신경외과"": 1, ""영상의학과"": 1, ""외과"": 1, ""응급의학과"": 3, ""이비인후과"": 1, ""정형외과"": 4, ""진단검사의학과"": 1}","[""초음파영상진단기"", ""MRI"", ""인공호흡기"", ""골밀도검사기"", ""유방촬영장치"", ""CT"", ""일반엑스선촬영장치""]","[""수면다원검사 실시기관"", ""응급의료기관"", ""간호간병통합서비스 제공기관"", ""HPV 국가예방접종사업 참여기관""]"
JDQ4MTYyMiM3MSMkMSMkMCMkODkkMzgxMzUxIzExIyQxIyQzIyQ3MiQyNjEwMDIjNDEjJDEjJDQjJDgz,광주씨티병원,종합병원,"전남광주통합특별시 남구 서문대로654번길 5,  (진월동)",35.1177147,126.8994848,"[""내과"", ""신경과"", ""외과"", ""정형외과"", ""신경외과"", ""마취통증의학과"", ""소아청소년과"", ""비뇨의학과"", ""영상의학과"", ""진단검사의학과"", ""응급의학과""]","{""내과"": 6, ""마취통증의학과"": 2, ""비뇨의학과"": 1, ""소아청소년과"": 1, ""신경과"": 1, ""신경외과"": 2, ""심장혈관흉부외과"": 1, ""영상의학과"": 2, ""외과"": 1, ""응급의학과"": 1, ""정형외과"": 5, ""진단검사의학과"": 1}","[""일반엑스선촬영장치"", ""인공호흡기"", ""유방촬영장치"", ""CT"", ""골밀도검사기"", ""MRI"", ""초음파영상진단기"", ""체외충격파쇄석기""]","[""응급의료기관"", ""간호간병통합서비스 제공기관"", ""HPV 국가예방접종사업 참여기관""]"
JDQ4MTYyMiM3MSMkMSMkMCMkODkkMzgxMzUxIzExIyQxIyQzIyQxMyQyNjE0ODEjNDEjJDEjJDgjJDgz,광주일곡병원,종합병원,"전남광주통합특별시 북구 양일로 309,  (일곡동)",35.2028543,126.8976135,"[""내과"", ""신경과"", ""외과"", ""정형외과"", ""신경외과"", ""마취통증의학과"", ""소아청소년과"", ""비뇨의학과"", ""영상의학과"", ""진단검사의학과"", ""응급의학과""]","{""내과"": 4, ""마취통증의학과"": 1, ""비뇨의학과"": 1, ""소아청소년과"": 1, ""신경과"": 1, ""신경외과"": 2, ""영상의학과"": 1, ""외과"": 2, ""응급의학과"": 1, ""정형외과"": 3, ""진단검사의학과"": 1}","[""CT"", ""골밀도검사기"", ""혈액투석을위한인공신장기"", ""MRI"", ""일반엑스선촬영장치"", ""체외충격파쇄석기"", ""유방촬영장치"", ""인공호흡기"", ""초음파영상진단기""]","[""간호간병통합서비스 제공기관"", ""응급의료기관"", ""HPV 국가예방접종사업 참여기관""]"
JDQ4MTYyMiM3MSMkMSMkMCMkODkkMzgxMzUxIzExIyQxIyQzIyQxMyQzNjEwMDIjNDEjJDEjJDgjJDgz,광주한국병원,종합병원,"전남광주통합특별시 서구 월드컵4강로 223,  (쌍촌동)",35.1562165,126.8688163,"[""내과"", ""신경과"", ""외과"", ""정형외과"", ""신경외과"", ""마취통증의학과"", ""소아청소년과"", ""비뇨의학과"", ""영상의학과"", ""진단검사의학과"", ""응급의학과""]","{""내과"": 6, ""마취통증의학과"": 2, ""비뇨의학과"": 1, ""소아청소년과"": 1, ""신경과"": 1, ""신경외과"": 3, ""영상의학과"": 2, ""외과"": 2, ""응급의학과"": 4, ""정형외과"": 5, ""진단검사의학과"": 1}","[""체외충격파쇄석기"", ""MRI"", ""인공호흡기"", ""골밀도검사기"", ""초음파영상진단기"", ""유방촬영장치"", ""혈액투석을위한인공신장기"", ""일반엑스선촬영장치"", ""CT""]","[""HPV 국가예방접종사업 참여기관"", ""응급의료기관""]"
JDQ4MTYyMiM3MSMkMSMkMCMkODkkMzgxMzUxIzExIyQxIyQzIyQwMyQ0NjE0ODEjODEjJDEjJDYjJDgz,광주현대병원,종합병원,"전남광주통합특별시 북구 설죽로 291,  (용봉동)",35.1856760,126.8979250,"[""내과"", ""신경과"", ""외과"", ""정형외과"", ""신경외과"", ""마취통증의학과"", ""산부인과"", ""소아청소년과"", ""영상의학과"", ""진단검사의학과"", ""응급의학과""]","{""내과"": 7, ""마취통증의학과"": 3, ""산부인과"": 1, ""소아청소년과"": 1, ""신경과"": 2, ""신경외과"": 2, ""영상의학과"": 1, ""외과"": 8, ""응급의학과"": 4, ""정형외과"": 7, ""진단검사의학과"": 1}","[""CT"", ""일반엑스선촬영장치"", ""MRI"", ""인공호흡기"", ""유방촬영장치"", ""골밀도검사기"", ""혈액투석을위한인공신장기"", ""초음파영상진단기""]","[""개방병원"", ""응급의료기관"", ""HPV 국가예방접종사업 참여기관"", ""간호간병통합서비스 제공기관""]"
JDQ4MTYyMiM3MSMkMSMkMCMkODkkMzgxMzUxIzExIyQxIyQ3IyQ3OSQyNjEwMDIjNDEjJDEjJDQjJDgz,광주희망병원,종합병원,"전남광주통합특별시 북구 하서로 429,  (용두동)",35.2134937,126.8747341,"[""내과"", ""신경과"", ""외과"", ""정형외과"", ""신경외과"", ""마취통증의학과"", ""소아청소년과"", ""비뇨의학과"", ""영상의학과"", ""진단검사의학과"", ""재활의학과"", ""가정의학과"", ""응급의학과""]","{""가정의학과"": 1, ""내과"": 5, ""마취통증의학과"": 1, ""비뇨의학과"": 1, ""소아청소년과"": 1, ""신경과"": 1, ""신경외과"": 2, ""영상의학과"": 2, ""외과"": 2, ""정형외과"": 3, ""진단검사의학과"": 1}","[""MRI"", ""인공호흡기"", ""CT"", ""혈액투석을위한인공신장기"", ""일반엑스선촬영장치"", ""초음파영상진단기"", ""골밀도검사기"", ""유방촬영장치"", ""체외충격파쇄석기""]","[""성인 중환자실"", ""응급의료기관"", ""HPV 국가예방접종사업 참여기관"", ""간호간병통합서비스 제공기관""]"
JDQ4MTg4MSM1MSMkMSMkMCMkODkkMzgxMzUxIzExIyQyIyQ3IyQwMCQ0NjE0ODEjNjEjJDEjJDQjJDgz,구로성심병원,종합병원,"서울특별시 구로구 경인로 427, 구로성심병원 (고척동)",37.4996715,126.8664159,"[""내과"", ""신경과"", ""외과"", ""정형외과"", ""신경외과"", ""심장혈관흉부외과"", ""성형외과"", ""마취통증의학과"", ""산부인과"", ""비뇨의학과"", ""영상의학과"", ""병리과"", ""응급의학과"", ""직업환경의학과""]","{""가정의학과"": 4, ""내과"": 6, ""마취통증의학과"": 2, ""병리과"": 1, ""비뇨의학과"": 1, ""산부인과"": 1, ""성형외과"": 1, ""신경과"": 1, ""신경외과"": 1, ""심장혈관흉부외과"": 1, ""영상의학과"": 3, ""외과"": 4, ""응급의학과"": 6, ""정형외과"": 3, ""직업환경의학과"": 1}","[""MRI"", ""체외충격파쇄석기"", ""CT"", ""인공호흡기"", ""유방촬영장치"", ""혈액투석을위한인공신장기"", ""일반엑스선촬영장치"", ""골밀도검사기"", ""초음파영상진단기""]","[""응급의료기관"", ""간호간병통합서비스 제공기관"", ""성인 중환자실""]"
JDQ4MTYyMiM4MSMkMSMkMCMkODkkMzgxMzUxIzExIyQxIyQzIyQ2MiQyNjEyMjIjNjEjJDEjJDAjJDgz,구미강동병원,종합병원,"경상북도 구미시 인동20길 46,  (진평동)",36.0962390,128.4228695,"[""내과"", ""신경과"", ""외과"", ""정형외과"", ""신경외과"", ""성형외과"", ""마취통증의학과"", ""산부인과"", ""소아청소년과"", ""이비인후과"", ""비뇨의학과"", ""영상의학과"", ""진단검사의학과"", ""가정의학과"", ""응급의학과"", ""직업환경의학과"", ""예방의학과"", ""치과""]","{""가정의학과"": 2, ""내과"": 6, ""마취통증의학과"": 1, ""비뇨의학과"": 1, ""산부인과"": 1, ""신경과"": 1, ""신경외과"": 3, ""영상의학과"": 2, ""외과"": 1, ""응급의학과"": 3, ""정형외과"": 3, ""직업환경의학과"": 4, ""진단검사의학과"": 1}","[""인공호흡기"", ""유방촬영장치"", ""체외충격파쇄석기"", ""MRI"", ""혈액투석을위한인공신장기"", ""일반엑스선촬영장치"", ""골밀도검사기"", ""CT"", ""초음파영상진단기""]","[""HPV 국가예방접종사업 참여기관"", ""간호간병통합서비스 제공기관"", ""입원형 호스피스전문기관"", ""응급의료기관"", ""성인 중환자실""]"
JDQ4MTAxMiM1MSMkMSMkMCMkODkkMzgxMzUxIzExIyQxIyQzIyQ4MiQzNjEyMjIjNzEjJDEjJDgjJDgz,구포성심병원,종합병원,"부산광역시 북구 낙동대로 1786, (구포동)",35.2097133,129.0047235,"[""내과"", ""신경과"", ""외과"", ""정형외과"", ""신경외과"", ""심장혈관흉부외과"", ""마취통증의학과"", ""산부인과"", ""비뇨의학과"", ""영상의학과"", ""진단검사의학과"", ""응급의학과"", ""구강악안면외과""]","{""가정의학과"": 1, ""내과"": 8, ""마취통증의학과"": 2, ""비뇨의학과"": 1, ""산부인과"": 1, ""신경과"": 1, ""신경외과"": 2, ""영상의학과"": 3, ""외과"": 1, ""응급의학과"": 3, ""정형외과"": 5, ""진단검사의학과"": 1}","[""체외충격파쇄석기"", ""혈액투석을위한인공신장기"", ""유방촬영장치"", ""골밀도검사기"", ""초음파영상진단기"", ""인공호흡기"", ""일반엑스선촬영장치"", ""CT"", ""MRI""]","[""결핵환자 재택의료 시범기관"", ""간호간병통합서비스 제공기관"", ""HPV 국가예방접종사업 참여기관"", ""응급의료기관""]"
JDQ4MTYyMiM1MSMkMSMkMCMkODkkMzgxMzUxIzExIyQxIyQzIyQ5MiQzNjEwMDIjODEjJDEjJDYjJDgz,국군수도병원,종합병원,"경기도 성남시 분당구 새마을로177번길 81, (율동)",37.3923789,127.1490674,"[""내과"", ""신경과"", ""정신건강의학과"", ""외과"", ""정형외과"", ""신경외과"", ""심장혈관흉부외과"", ""성형외과"", ""마취통증의학과"", ""산부인과"", ""소아청소년과"", ""안과"", ""이비인후과"", ""피부과"", ""비뇨의학과"", ""영상의학과"", ""병리과"", ""진단검사의학과"", ""재활의학과"", ""핵의학과"", ""응급의학과"", ""구강악안면외과""]","{""구강병리과"": 1, ""구강악안면외과"": 1, ""내과"": 19, ""마취통증의학과"": 11, ""병리과"": 1, ""비뇨의학과"": 3, ""산부인과"": 2, ""성형외과"": 4, ""소아청소년과"": 1, ""신경과"": 3, ""신경외과"": 6, ""심장혈관흉부외과"": 4, ""안과"": 3, ""영상의학과"": 5, ""외과"": 15, ""응급의학과"": 8, ""이비인후과"": 4, ""재활의학과"": 3, ""정신건강의학과"": 4, ""정형외과"": 14, ""진단검사의학과"": 2, ""피부과"": 2, ""핵의학과"": 1}","[""콘빔CT"", ""초음파영상진단기"", ""인공호흡기"", ""체외충격파쇄석기"", ""분만감시기"", ""양전자단층촬영기 (PET)"", ""혈액투석을위한인공신장기"", ""ECMO"", ""골밀도검사기"", ""일반엑스선촬영장치"", ""MRI"", ""유방촬영장치"", ""CT""]","[""성인 중환자실"", ""응급의료기관""]"
JDQ4MTYyMiM1MSMkMSMkOCMkODkkMzgxMzUxIzExIyQxIyQzIyQ5OSQzNjEyMjIjODEjJDEjJDIjJDgz,국립소방병원,종합병원,"충청북도 음성군 맹동면 용두4길 19-0, 국립소방병원",36.9043425,127.5526368,"[""내과"", ""신경과"", ""정신건강의학과"", ""외과"", ""정형외과"", ""신경외과"", ""성형외과"", ""마취통증의학과"", ""산부인과"", ""소아청소년과"", ""이비인후과"", ""영상의학과"", ""진단검사의학과"", ""재활의학과"", ""가정의학과"", ""응급의학과"", ""직업환경의학과""]","{""가정의학과"": 1, ""내과"": 3, ""마취통증의학과"": 2, ""산부인과"": 1, ""성형외과"": 1, ""소아청소년과"": 2, ""신경과"": 1, ""신경외과"": 2, ""영상의학과"": 1, ""외과"": 3, ""응급의학과"": 3, ""이비인후과"": 1, ""재활의학과"": 2, ""정신건강의학과"": 2, ""정형외과"": 2, ""직업환경의학과"": 1, ""진단검사의학과"": 1, ""통합치의학과"": 1}","[""인공호흡기"", ""MRI"", ""혈액투석을위한인공신장기"", ""유방촬영장치"", ""일반엑스선촬영장치"", ""CT"", ""초음파영상진단기"", ""골밀도검사기""]","[""성인 중환자실"", ""장애인 건강 주치의 시범기관(전체)"", ""장애인 건강 주치의 시범기관(방문진료 실시기관)""]"
JDQ4MTYyMiM1MSMkMSMkMCMkODkkMzgxMzUxIzExIyQxIyQzIyQ5MiQzNjE0ODEjNDEjJDEjJDgjJDgz,국립암센터,종합병원,"경기도 고양시 일산동구 일산로 323, (마두동)",37.6632301,126.7834097,"[""내과"", ""신경과"", ""정신건강의학과"", ""외과"", ""정형외과"", ""신경외과"", ""심장혈관흉부외과"", ""마취통증의학과"", ""산부인과"", ""소아청소년과"", ""안과"", ""이비인후과"", ""피부과"", ""비뇨의학과"", ""영상의학과"", ""방사선종양학과"", ""병리과"", ""진단검사의학과"", ""재활의학과"", ""핵의학과"", ""가정의학과"", ""구강악안면외과""]","{""가정의학과"": 7, ""구강악안면외과"": 3, ""내과"": 49, ""마취통증의학과"": 8, ""방사선종양학과"": 7, ""병리과"": 9, ""비뇨의학과"": 6, ""산부인과"": 9, ""소아청소년과"": 3, ""신경과"": 3, ""신경외과"": 4, ""심장혈관흉부외과"": 6, ""안과"": 1, ""영상의학과"": 17, ""예방의학과"": 1, ""외과"": 30, ""응급의학과"": 1, ""이비인후과"": 4, ""재활의학과"": 2, ""정신건강의학과"": 2, ""정형외과"": 3, ""진단검사의학과"": 3, ""피부과"": 1, ""핵의학과"": 3}","[""콘빔CT"", ""종양치료기 (양성자치료기)"", ""인큐베이터"", ""인공호흡기"", ""CT"", ""골밀도검사기"", ""분만감시기"", ""유방촬영장치"", ""ECMO"", ""MRI"", ""초음파영상진단기"", ""일반엑스선촬영장치"", ""양전자단층촬영기 (PET)"", ""혈액투석을위한인공신장기""]","[""성인 중환자실"", ""입원형 호스피스전문기관"", ""신속대응시스템 시범기관"", ""암환자(요루) 재택의료 시범기관"", ""차세대염기서열분석 기반 유전자 패널검사 실시기관"", ""가정형 호스피스전문기관"", ""암환자 재택의료 시범기관"", ""가정간호실시기관"", ""조혈모세포이식 실시기관"", ""간호간병통합서비스 제공기관"", ""비대면진료 시범사업 진료기관(의료기관)"", ""응급의료기관"", ""자문형 호스피스전문기관""]"
JDQ4MTg4MSM1MSMkMSMkMCMkODkkMzgxMzUxIzExIyQyIyQ3IyQwMCQyNjEwMDIjODEjJDEjJDIjJDgz,국립중앙의료원,종합병원,"서울특별시 중구 을지로 245, 국립중앙의료원 (을지로6가)",37.5672137,127.0056709,"[""내과"", ""신경과"", ""정신건강의학과"", ""외과"", ""정형외과"", ""신경외과"", ""심장혈관흉부외과"", ""성형외과"", ""마취통증의학과"", ""산부인과"", ""소아청소년과"", ""안과"", ""이비인후과"", ""피부과"", ""비뇨의학과"", ""영상의학과"", ""방사선종양학과"", ""병리과"", ""진단검사의학과"", ""재활의학과"", ""핵의학과"", ""가정의학과"", ""응급의학과"", ""직업환경의학과"", ""구강악안면외과"", ""치과보철과"", ""치과교정과"", ""치주과"", ""치과보존과"", ""구강내과"", ""영상치의학과"", ""예방치과"", ""통합치의학과"", ""한방내과"", ""한방신경정신과"", ""침구과""]","{""가정의학과"": 3, ""구강악안면외과"": 1, ""내과"": 28, ""마취통증의학과"": 9, ""방사선종양학과"": 1, ""병리과"": 2, ""비뇨의학과"": 4, ""산부인과"": 5, ""성형외과"": 2, ""소아청소년과"": 2, ""신경과"": 8, ""신경외과"": 4, ""심장혈관흉부외과"": 5, ""안과"": 5, ""영상의학과"": 5, ""예방의학과"": 3, ""외과"": 12, ""응급의학과"": 17, ""이비인후과"": 4, ""재활의학과"": 1, ""정신건강의학과"": 4, ""정형외과"": 7, ""진단검사의학과"": 2, ""치과보존과"": 1, ""침구과"": 2, ""통합치의학과"": 3, ""피부과"": 3, ""한방내과"": 1, ""한방신경정신과"": 1, ""핵의학과"": 1}","[""ECMO"", ""초음파영상진단기"", ""CT"", ""혈액투석을위한인공신장기"", ""MRI"", ""체외충격파쇄석기"", ""일반엑스선촬영장치"", ""콘빔CT"", ""인큐베이터"", ""분만감시기"", ""인공호흡기"", ""양전자단층촬영기 (PET)"", ""골밀도검사기"", ""유방촬영장치""]","[""가정간호실시기관"", ""암환자 재택의료 시범기관"", ""HPV 국가예방접종사업 참여기관"", ""의·한협진 활성화를 위한 5단계 시범기관"", ""외국인 근로자 등 의료지원 사업시행 의료기관"", ""수면다원검사 실시기관"", ""차세대염기서열분석 기반 유전자 패널검사 실시기관"", ""난임시술(체외)"", ""난임시술(인공)"", ""첩약 건강보험 적용 2단계 시범사업"", ""간호간병통합서비스 제공기관"", ""응급의료기관"", ""개방병원"", ""결핵환자 재택의료 시범기관"", ""측두하악관절자극요법 실시기관"", ""입원형 호스피스전문기관"", ""성인 중환자실""]"
JDQ4MTYyMiM1MSMkMSMkMCMkODkkMzgxMzUxIzExIyQxIyQzIyQ4MiQzNjE4MzIjODEjJDEjJDIjJDgz,국민건강보험공단일산병원,종합병원,"경기도 고양시 일산동구 일산로 100, (백석동,백석1동 1241외1필지 4층)",37.6454754,126.7930401,"[""내과"", ""신경과"", ""정신건강의학과"", ""외과"", ""정형외과"", ""신경외과"", ""심장혈관흉부외과"", ""성형외과"", ""마취통증의학과"", ""산부인과"", ""소아청소년과"", ""안과"", ""이비인후과"", ""피부과"", ""비뇨의학과"", ""영상의학과"", ""방사선종양학과"", ""병리과"", ""진단검사의학과"", ""재활의학과"", ""핵의학과"", ""가정의학과"", ""응급의학과"", ""구강악안면외과"", ""치과보철과"", ""치과교정과"", ""치주과"", ""치과보존과""]","{""가정의학과"": 10, ""구강악안면외과"": 2, ""내과"": 48, ""마취통증의학과"": 13, ""방사선종양학과"": 1, ""병리과"": 4, ""비뇨의학과"": 4, ""산부인과"": 8, ""성형외과"": 2, ""소아청소년과"": 10, ""신경과"": 8, ""신경외과"": 5, ""심장혈관흉부외과"": 5, ""안과"": 6, ""영상의학과"": 10, ""외과"": 19, ""응급의학과"": 12, ""이비인후과"": 4, ""재활의학과"": 6, ""정신건강의학과"": 5, ""정형외과"": 12, ""진단검사의학과"": 4, ""치과교정과"": 2, ""치과보존과"": 2, ""치과보철과"": 2, ""치주과"": 2, ""피부과"": 3, ""핵의학과"": 1}","[""분만감시기"", ""골밀도검사기"", ""양전자단층촬영기 (PET)"", ""MRI"", ""인공호흡기"", ""초음파영상진단기"", ""CT"", ""체외충격파쇄석기"", ""일반엑스선촬영장치"", ""혈액투석을위한인공신장기"", ""유방촬영장치"", ""콘빔CT"", ""ECMO"", ""인큐베이터""]","[""성인 중환자실"", ""신생아 중환자실"", ""자문형 호스피스전문기관"", ""입원형 호스피스전문기관"", ""복막투석 환자 재택관리 시범기관"", ""결핵환자 재택의료 시범기관"", ""응급의료기관"", ""신속대응시스템 시범기관"", ""가정용 인공호흡기 환자 재택의료 시범기관"", ""가정간호실시기관"", ""인공와우 실시기관"", ""차세대염기서열분석 기반 유전자 패널검사 실시기관"", ""심장질환자 재택의료 시범기관"", ""재활환자 재택의료 시범기관"", ""경피적 대동맥판삽입 실시기관"", ""간호간병통합서비스 제공기관"", ""난임시술(인공)"", ""장애인 건강 주치의 시범기관(방문진료 실시기관)"", ""비대면진료 시범사업 진료기관(의료기관)"", ""장애인 건강 주치의 시범기관(전체)"", ""선천성 악안면 기형의 치과교정 및 악정형 치료 실시기관"", ""(정신질환)병원기반·낮병동 시범기관"", ""가정형 호스피스전문기관"", ""개방병원"", ""HPV 국가예방접종사업 참여기관"", ""수면다원검사 실시기관"", ""1형 당뇨병 환자 재택의료 시범기관"", ""암환자 재택의료 시범기관"", ""암환자(요루) 재택의료 시범기관""]"
JDQ4MTYyMiM2MSMkMSMkMiMkODkkMzgxMzUxIzExIyQyIyQzIyQwMCQyNjEyMjIjNjEjJDEjJDgjJDgz,근로복지공단 대전병원,종합병원,"대전광역시 대덕구 계족로 637,  (법동)",36.3683976,127.4285488,"[""내과"", ""신경과"", ""정신건강의학과"", ""외과"", ""정형외과"", ""신경외과"", ""마취통증의학과"", ""산부인과"", ""이비인후과"", ""비뇨의학과"", ""영상의학과"", ""진단검사의학과"", ""재활의학과"", ""가정의학과"", ""응급의학과"", ""직업환경의학과""]","{""가정의학과"": 2, ""내과"": 2, ""마취통증의학과"": 1, ""산부인과"": 2, ""신경과"": 1, ""신경외과"": 1, ""영상의학과"": 2, ""예방의학과"": 1, ""외과"": 3, ""이비인후과"": 1, ""재활의학과"": 3, ""정신건강의학과"": 2, ""직업환경의학과"": 4, ""진단검사의학과"": 1}","[""CT"", ""인공호흡기"", ""골밀도검사기"", ""일반엑스선촬영장치"", ""유방촬영장치"", ""초음파영상진단기"", ""MRI""]","[""재활환자 재택의료 시범기관"", ""간호간병통합서비스 제공기관"", ""성인 중환자실""]"
JDQ4MTYyMiM1MSMkMSMkNCMkODkkMzgxMzUxIzExIyQxIyQzIyQ5OSQzNjE0ODEjODEjJDEjJDIjJDgz,근로복지공단 동해병원,종합병원,"강원특별자치도 동해시 하평로 11, (평릉동)",37.5321225,129.1060780,"[""내과"", ""외과"", ""정형외과"", ""신경외과"", ""마취통증의학과"", ""산부인과"", ""이비인후과"", ""영상의학과"", ""병리과"", ""재활의학과"", ""응급의학과"", ""직업환경의학과""]","{""내과"": 4, ""마취통증의학과"": 1, ""산부인과"": 2, ""신경외과"": 1, ""영상의학과"": 1, ""외과"": 2, ""이비인후과"": 1, ""재활의학과"": 1, ""정형외과"": 2, ""직업환경의학과"": 2}","[""골밀도검사기"", ""MRI"", ""CT"", ""인공호흡기"", ""일반엑스선촬영장치"", ""유방촬영장치"", ""초음파영상진단기""]","[""성인 중환자실"", ""응급의료기관"", ""간호간병통합서비스 제공기관"", ""재활환자 재택의료 시범기관""]"
JDQ4MTYyMiM3MSMkMSMkMCMkODkkMzgxMzUxIzExIyQxIyQzIyQ5MiQzNjE0ODEjODEjJDEjJDYjJDgz,근로복지공단 순천병원,종합병원,"전남광주통합특별시 순천시 조례1길 24,  (조례동)",34.9611350,127.5249267,"[""내과"", ""정신건강의학과"", ""외과"", ""정형외과"", ""신경외과"", ""마취통증의학과"", ""산부인과"", ""영상의학과"", ""진단검사의학과"", ""재활의학과"", ""응급의학과"", ""직업환경의학과"", ""예방의학과"", ""치과보존과""]","{""가정의학과"": 1, ""내과"": 2, ""마취통증의학과"": 1, ""신경외과"": 1, ""영상의학과"": 2, ""예방의학과"": 1, ""외과"": 1, ""재활의학과"": 3, ""정형외과"": 3, ""직업환경의학과"": 3, ""진단검사의학과"": 1}","[""MRI"", ""CT"", ""인공호흡기"", ""골밀도검사기"", ""일반엑스선촬영장치"", ""유방촬영장치"", ""초음파영상진단기""]","[""성인 중환자실"", ""재활환자 재택의료 시범기관"", ""외국인 근로자 등 의료지원 사업시행 의료기관"", ""간호간병통합서비스 제공기관"", ""HPV 국가예방접종사업 참여기관""]"
JDQ4MTYyMiM4MSMkMSMkNCMkODkkMzgxMzUxIzExIyQxIyQzIyQ3MiQyNjEwMDIjNzEjJDEjJDgjJDgz,근로복지공단 창원병원,종합병원,"경상남도 창원시 성산구 창원대로 721, (중앙동)",35.2187539,128.6717512,"[""내과"", ""신경과"", ""정신건강의학과"", ""외과"", ""정형외과"", ""신경외과"", ""심장혈관흉부외과"", ""마취통증의학과"", ""산부인과"", ""소아청소년과"", ""이비인후과"", ""피부과"", ""비뇨의학과"", ""영상의학과"", ""병리과"", ""진단검사의학과"", ""재활의학과"", ""가정의학과"", ""응급의학과"", ""직업환경의학과"", ""구강악안면외과"", ""치과보철과"", ""치과교정과"", ""소아치과"", ""치주과"", ""치과보존과"", ""구강내과"", ""영상치의학과"", ""구강병리과"", ""예방치과""]","{""내과"": 2, ""마취통증의학과"": 1, ""병리과"": 1, ""산부인과"": 2, ""신경과"": 1, ""신경외과"": 1, ""영상의학과"": 1, ""외과"": 2, ""이비인후과"": 1, ""재활의학과"": 4, ""정형외과"": 4, ""직업환경의학과"": 5}","[""인공호흡기"", ""체외충격파쇄석기"", ""CT"", ""유방촬영장치"", ""콘빔CT"", ""MRI"", ""일반엑스선촬영장치"", ""초음파영상진단기"", ""골밀도검사기""]","[""성인 중환자실"", ""외국인 근로자 등 의료지원 사업시행 의료기관"", ""재활환자 재택의료 시범기관"", ""간호간병통합서비스 제공기관"", ""개방병원"", ""HPV 국가예방접종사업 참여기관""]"
JDQ4MTYyMiM1MSMkMSMkNCMkODkkMzgxMzUxIzExIyQxIyQzIyQ5OSQyNjEyMjIjNDEjJDEjJDgjJDgz,근로복지공단 태백병원,종합병원,"강원특별자치도 태백시 보드미길 8,  (장성동)",37.1040964,129.0043366,"[""내과"", ""정신건강의학과"", ""외과"", ""정형외과"", ""신경외과"", ""마취통증의학과"", ""산부인과"", ""소아청소년과"", ""이비인후과"", ""영상의학과"", ""진단검사의학과"", ""결핵과"", ""재활의학과"", ""응급의학과"", ""직업환경의학과"", ""치과보철과""]","{""내과"": 2, ""마취통증의학과"": 1, ""산부인과"": 3, ""신경외과"": 1, ""심장혈관흉부외과"": 1, ""영상의학과"": 1, ""외과"": 1, ""이비인후과"": 1, ""재활의학과"": 1, ""정신건강의학과"": 1, ""정형외과"": 2, ""직업환경의학과"": 1, ""진단검사의학과"": 1, ""핵의학과"": 1}","[""골밀도검사기"", ""콘빔CT"", ""혈액투석을위한인공신장기"", ""일반엑스선촬영장치"", ""초음파영상진단기"", ""분만감시기"", ""유방촬영장치"", ""MRI"", ""CT"", ""인공호흡기"", ""인큐베이터""]","[""성인 중환자실"", ""HPV 국가예방접종사업 참여기관"", ""간호간병통합서비스 제공기관"", ""보훈위탁진료요양기관"", ""응급의료기관"", ""개방병원""]"
JDQ4MTYyMiM1MSMkMSMkMCMkODkkMzgxMzUxIzExIyQxIyQ3IyQ3OSQyNjEyMjIjNDEjJDEjJDQjJDgz,근로복지공단안산병원,종합병원,"경기도 안산시 상록구 구룡로 87, 근로복지공단안산병원 (일동)",37.3167269,126.8741390,"[""내과"", ""신경과"", ""정신건강의학과"", ""외과"", ""정형외과"", ""신경외과"", ""마취통증의학과"", ""산부인과"", ""소아청소년과"", ""비뇨의학과"", ""영상의학과"", ""진단검사의학과"", ""재활의학과"", ""응급의학과"", ""직업환경의학과"", ""구강악안면외과"", ""치과보철과"", ""치과교정과"", ""소아치과"", ""치주과"", ""치과보존과"", ""구강내과"", ""영상치의학과"", ""구강병리과""]","{""결핵과"": 1, ""내과"": 6, ""마취통증의학과"": 1, ""비뇨의학과"": 1, ""소아청소년과"": 1, ""신경과"": 1, ""신경외과"": 3, ""영상의학과"": 2, ""외과"": 2, ""응급의학과"": 3, ""이비인후과"": 1, ""재활의학과"": 3, ""정신건강의학과"": 1, ""정형외과"": 4, ""직업환경의학과"": 7, ""진단검사의학과"": 1, ""통합치의학과"": 2}","[""골밀도검사기"", ""인공호흡기"", ""콘빔CT"", ""혈액투석을위한인공신장기"", ""MRI"", ""초음파영상진단기"", ""유방촬영장치"", ""CT"", ""일반엑스선촬영장치"", ""체외충격파쇄석기""]","[""성인 중환자실"", ""외국인 근로자 등 의료지원 사업시행 의료기관"", ""개방병원"", ""가정간호실시기관"", ""재활환자 재택의료 시범기관"", ""HPV 국가예방접종사업 참여기관"", ""간호간병통합서비스 제공기관"", ""응급의료기관""]"
JDQ4MTYyMiM1MSMkMSMkMCMkODkkMzgxMzUxIzExIyQxIyQ3IyQ5OSQyNjE0ODEjODEjJDEjJDIjJDgz,근로복지공단인천병원,종합병원,"인천광역시 부평구 무네미로 446, (구산동)",37.4767018,126.7536333,"[""내과"", ""신경과"", ""정신건강의학과"", ""외과"", ""정형외과"", ""신경외과"", ""마취통증의학과"", ""산부인과"", ""소아청소년과"", ""이비인후과"", ""비뇨의학과"", ""영상의학과"", ""진단검사의학과"", ""재활의학과"", ""가정의학과"", ""응급의학과"", ""직업환경의학과"", ""치과보철과""]","{""내과"": 3, ""마취통증의학과"": 1, ""비뇨의학과"": 1, ""산부인과"": 1, ""소아청소년과"": 1, ""신경과"": 2, ""신경외과"": 3, ""영상의학과"": 2, ""외과"": 1, ""이비인후과"": 1, ""재활의학과"": 4, ""정신건강의학과"": 1, ""정형외과"": 2, ""직업환경의학과"": 6, ""진단검사의학과"": 1}","[""골밀도검사기"", ""인공호흡기"", ""초음파영상진단기"", ""MRI"", ""일반엑스선촬영장치"", ""체외충격파쇄석기"", ""유방촬영장치"", ""CT""]","[""성인 중환자실"", ""HPV 국가예방접종사업 참여기관"", ""간호간병통합서비스 제공기관"", ""가정간호실시기관"", ""재활환자 재택의료 시범기관""]"
JDQ4MTg4MSM1MSMkMSMkMCMkODkkMzgxMzUxIzExIyQxIyQ3IyQ2MiQyNjEyMjIjNTEjJDEjJDYjJDgz,기쁨병원,종합병원,"서울특별시 서초구 서초중앙로 4, 기쁨병원 (서초동)",37.4827157,127.0180814,"[""내과"", ""신경과"", ""외과"", ""정형외과"", ""마취통증의학과"", ""산부인과"", ""소아청소년과"", ""이비인후과"", ""피부과"", ""비뇨의학과"", ""영상의학과"", ""진단검사의학과"", ""가정의학과"", ""응급의학과"", ""통합치의학과""]","{""가정의학과"": 2, ""내과"": 9, ""마취통증의학과"": 4, ""비뇨의학과"": 2, ""산부인과"": 2, ""소아청소년과"": 4, ""신경과"": 1, ""영상의학과"": 5, ""외과"": 14, ""진단검사의학과"": 1}","[""인공호흡기"", ""일반엑스선촬영장치"", ""골밀도검사기"", ""CT"", ""체외충격파쇄석기"", ""유방촬영장치"", ""MRI"", ""초음파영상진단기""]","[""소아 야간·휴일진료기관"", ""응급의료기관"", ""HPV 국가예방접종사업 참여기관""]"
JDQ4MTYyMiM4MSMkMSMkMCMkODkkMzgxMzUxIzExIyQxIyQzIyQ3MiQzNjE4MzIjNTEjJDEjJDIjJDgz,나사렛종합병원,종합병원,"대구광역시 달서구 월배로 97, 나사렛병원 (진천동)",35.8147014,128.5251021,"[""내과"", ""신경과"", ""외과"", ""정형외과"", ""신경외과"", ""마취통증의학과"", ""산부인과"", ""소아청소년과"", ""영상의학과"", ""진단검사의학과"", ""재활의학과"", ""응급의학과"", ""직업환경의학과""]","{""가정의학과"": 1, ""내과"": 10, ""마취통증의학과"": 2, ""산부인과"": 1, ""소아청소년과"": 1, ""신경과"": 1, ""신경외과"": 2, ""심장혈관흉부외과"": 1, ""영상의학과"": 4, ""외과"": 3, ""응급의학과"": 4, ""재활의학과"": 1, ""정형외과"": 2, ""직업환경의학과"": 2, ""진단검사의학과"": 1}","[""MRI"", ""인공호흡기"", ""골밀도검사기"", ""초음파영상진단기"", ""ECMO"", ""일반엑스선촬영장치"", ""CT"", ""혈액투석을위한인공신장기"", ""유방촬영장치""]","[""HPV 국가예방접종사업 참여기관"", ""간호간병통합서비스 제공기관"", ""응급의료기관"", ""성인 중환자실""]"
JDQ4MTYyMiM3MSMkMSMkMCMkODkkMzgxMzUxIzExIyQxIyQzIyQwMyQzNjEyMjIjNTEjJDEjJDIjJDgz,나주종합병원,종합병원,"전남광주통합특별시 나주시 영산로 5419, 나주종합병원",35.0363158,126.7213974,"[""내과"", ""신경과"", ""외과"", ""정형외과"", ""신경외과"", ""마취통증의학과"", ""산부인과"", ""영상의학과"", ""진단검사의학과"", ""응급의학과"", ""구강내과""]","{""내과"": 5, ""마취통증의학과"": 1, ""산부인과"": 1, ""신경과"": 1, ""신경외과"": 2, ""영상의학과"": 3, ""외과"": 3, ""응급의학과"": 1, ""정형외과"": 2, ""진단검사의학과"": 1}","[""MRI"", ""인공호흡기"", ""일반엑스선촬영장치"", ""유방촬영장치"", ""골밀도검사기"", ""초음파영상진단기"", ""CT"", ""혈액투석을위한인공신장기""]","[""응급의료기관"", ""보훈위탁진료요양기관"", ""개방병원""]"
JDQ4MTYyMiM1MSMkMSMkMCMkODkkMzgxMzUxIzExIyQxIyQzIyQxMyQ0NjEwMDIjNjEjJDEjJDgjJDgz,남양주 한양병원,종합병원,"경기도 남양주시 오남읍 양지로 47-55, 47",37.6823474,127.2043933,"[""내과"", ""신경과"", ""외과"", ""정형외과"", ""신경외과"", ""심장혈관흉부외과"", ""성형외과"", ""마취통증의학과"", ""산부인과"", ""이비인후과"", ""비뇨의학과"", ""영상의학과"", ""진단검사의학과"", ""응급의학과"", ""구강악안면외과"", ""치과보철과"", ""치과교정과"", ""소아치과"", ""치주과"", ""치과보존과"", ""구강내과"", ""영상치의학과"", ""구강병리과"", ""예방치과"", ""통합치의학과""]","{""가정의학과"": 1, ""내과"": 9, ""마취통증의학과"": 1, ""산부인과"": 1, ""성형외과"": 1, ""신경과"": 2, ""영상의학과"": 2, ""외과"": 4, ""응급의학과"": 4, ""이비인후과"": 1}","[""혈액투석을위한인공신장기"", ""분만감시기"", ""인공호흡기"", ""인큐베이터"", ""MRI"", ""체외충격파쇄석기"", ""일반엑스선촬영장치"", ""CT"", ""골밀도검사기"", ""초음파영상진단기"", ""유방촬영장치"", ""콘빔CT""]","[""성인 중환자실"", ""HPV 국가예방접종사업 참여기관"", ""간호간병통합서비스 제공기관"", ""응급의료기관"", ""측두하악관절자극요법 실시기관""]"
JDQ4MTg4MSM1MSMkMSMkMCMkODkkMzgxMzUxIzExIyQxIyQ3IyQ3OSQyNjEwMDIjNjEjJDEjJDgjJDgz,노원을지대학교병원,종합병원,"서울특별시 노원구 한글비석로 68, 을지병원 (하계동)",37.6364793,127.0699354,"[""내과"", ""신경과"", ""정신건강의학과"", ""외과"", ""정형외과"", ""신경외과"", ""심장혈관흉부외과"", ""성형외과"", ""마취통증의학과"", ""산부인과"", ""소아청소년과"", ""안과"", ""이비인후과"", ""피부과"", ""비뇨의학과"", ""영상의학과"", ""방사선종양학과"", ""병리과"", ""진단검사의학과"", ""재활의학과"", ""핵의학과"", ""가정의학과"", ""응급의학과"", ""구강악안면외과"", ""치과보철과"", ""치과교정과""]","{""가정의학과"": 3, ""내과"": 28, ""마취통증의학과"": 7, ""방사선종양학과"": 1, ""병리과"": 2, ""비뇨의학과"": 5, ""산부인과"": 8, ""성형외과"": 3, ""소아청소년과"": 6, ""신경과"": 7, ""신경외과"": 5, ""심장혈관흉부외과"": 2, ""안과"": 5, ""영상의학과"": 8, ""외과"": 6, ""응급의학과"": 7, ""이비인후과"": 4, ""재활의학과"": 4, ""정신건강의학과"": 7, ""정형외과"": 7, ""진단검사의학과"": 1, ""치과교정과"": 1, ""치주과"": 1, ""피부과"": 3, ""핵의학과"": 1}","[""골밀도검사기"", ""인공호흡기"", ""혈액투석을위한인공신장기"", ""분만감시기"", ""콘빔CT"", ""일반엑스선촬영장치"", ""유방촬영장치"", ""MRI"", ""ECMO"", ""CT"", ""초음파영상진단기"", ""인큐베이터"", ""체외충격파쇄석기"", ""양전자단층촬영기 (PET)""]","[""수면다원검사 실시기관"", ""복막투석 환자 재택관리 시범기관"", ""HPV 국가예방접종사업 참여기관"", ""재활환자 재택의료 시범기관"", ""인공와우 실시기관"", ""응급의료기관"", ""선천성 악안면 기형의 치과교정 및 악정형 치료 실시기관"", ""1형 당뇨병 환자 재택의료 시범기관"", ""난임시술(체외)"", ""난임시술(인공)"", ""간호간병통합서비스 제공기관"", ""성인 중환자실"", ""신생아 중환자실""]"
JDQ4MTg4MSM1MSMkMSMkMCMkODkkMzgxMzUxIzExIyQxIyQ3IyQ5OSQzNjEwMDIjNTEjJDEjJDYjJDgz,녹색병원,종합병원,"서울특별시 중랑구 사가정로49길 53, (면목동)",37.5835731,127.0860738,"[""내과"", ""신경과"", ""정신건강의학과"", ""외과"", ""정형외과"", ""신경외과"", ""마취통증의학과"", ""산부인과"", ""소아청소년과"", ""이비인후과"", ""비뇨의학과"", ""영상의학과"", ""진단검사의학과"", ""재활의학과"", ""가정의학과"", ""응급의학과"", ""직업환경의학과""]","{""가정의학과"": 3, ""내과"": 4, ""마취통증의학과"": 1, ""비뇨의학과"": 1, ""산부인과"": 1, ""소아청소년과"": 1, ""신경과"": 1, ""신경외과"": 2, ""영상의학과"": 2, ""외과"": 2, ""응급의학과"": 6, ""재활의학과"": 2, ""정형외과"": 2, ""직업환경의학과"": 5, ""진단검사의학과"": 1}","[""유방촬영장치"", ""체외충격파쇄석기"", ""초음파영상진단기"", ""분만감시기"", ""CT"", ""일반엑스선촬영장치"", ""골밀도검사기"", ""인큐베이터"", ""인공호흡기"", ""혈액투석을위한인공신장기"", ""MRI""]","[""가정간호실시기관"", ""장애인 건강 주치의 시범기관(전체)"", ""응급의료기관"", ""HPV 국가예방접종사업 참여기관"", ""재활환자 재택의료 시범기관"", ""암환자 재택의료 시범기관"", ""간호간병통합서비스 제공기관"", ""장애인 건강 주치의 시범기관(방문진료 실시기관)"", ""결핵환자 재택의료 시범기관"", ""외국인 근로자 등 의료지원 사업시행 의료기관"", ""성인 중환자실""]"
JDQ4MTYyMiM2MSMkMSMkMiMkODkkMzgxMzUxIzExIyQyIyQzIyQwMCQzNjEwMDIjNDEjJDEjJDgjJDgz,당진종합병원,종합병원,"충청남도 당진시 반촌로 5-15,  (시곡동)",36.9044002,126.6844489,"[""내과"", ""신경과"", ""외과"", ""정형외과"", ""신경외과"", ""마취통증의학과"", ""소아청소년과"", ""비뇨의학과"", ""영상의학과"", ""진단검사의학과"", ""재활의학과"", ""가정의학과"", ""응급의학과"", ""직업환경의학과""]","{""가정의학과"": 1, ""내과"": 7, ""마취통증의학과"": 2, ""소아청소년과"": 1, ""신경과"": 1, ""신경외과"": 2, ""영상의학과"": 2, ""외과"": 2, ""응급의학과"": 9, ""재활의학과"": 1, ""정형외과"": 2, ""직업환경의학과"": 3, ""진단검사의학과"": 1}","[""일반엑스선촬영장치"", ""유방촬영장치"", ""혈액투석을위한인공신장기"", ""골밀도검사기"", ""체외충격파쇄석기"", ""초음파영상진단기"", ""CT"", ""인공호흡기"", ""MRI""]","[""HPV 국가예방접종사업 참여기관"", ""응급의료기관"", ""간호간병통합서비스 제공기관"", ""성인 중환자실""]"
JDQ4MTYyMiM4MSMkMSMkMCMkODkkMzgxMzUxIzExIyQyIyQzIyQwMCQzNjE4MzIjODEjJDEjJDIjJDgz,대구가톨릭대학교 칠곡가톨릭병원,종합병원,"대구광역시 북구 칠곡중앙대로 440, (읍내동)",35.9348614,128.5493894,"[""내과"", ""신경과"", ""외과"", ""정형외과"", ""신경외과"", ""마취통증의학과"", ""산부인과"", ""이비인후과"", ""영상의학과"", ""진단검사의학과"", ""가정의학과"", ""응급의학과"", ""통합치의학과""]","{""가정의학과"": 2, ""내과"": 4, ""마취통증의학과"": 1, ""신경과"": 1, ""신경외과"": 1, ""심장혈관흉부외과"": 1, ""영상의학과"": 2, ""외과"": 3, ""응급의학과"": 2, ""이비인후과"": 1, ""정형외과"": 3, ""진단검사의학과"": 1, ""통합치의학과"": 1}","[""초음파영상진단기"", ""콘빔CT"", ""골밀도검사기"", ""인공호흡기"", ""일반엑스선촬영장치"", ""MRI"", ""유방촬영장치"", ""CT""]","[""HPV 국가예방접종사업 참여기관"", ""응급의료기관"", ""간호간병통합서비스 제공기관"", ""개방병원""]"
JDQ4MTYyMiM4MSMkMSMkMCMkODkkMzgxMzUxIzExIyQxIyQzIyQ3MiQ0NjE0ODEjNDEjJDEjJDgjJDgz,대구굿모닝병원,종합병원,"대구광역시 서구 달서로 42, 지하2층~11층 (내당동)",35.8661072,128.5713825,"[""내과"", ""신경과"", ""신경외과"", ""마취통증의학과"", ""산부인과"", ""소아청소년과"", ""영상의학과"", ""진단검사의학과"", ""재활의학과""]","{""가정의학과"": 1, ""내과"": 3, ""마취통증의학과"": 2, ""산부인과"": 1, ""소아청소년과"": 1, ""신경과"": 6, ""신경외과"": 12, ""영상의학과"": 1, ""재활의학과"": 1, ""진단검사의학과"": 1}","[""MRI"", ""CT"", ""초음파영상진단기"", ""일반엑스선촬영장치"", ""골밀도검사기"", ""인공호흡기""]","[""간호간병통합서비스 제공기관"", ""응급의료기관"", ""성인 중환자실""]"
JDQ4MTYyMiM4MSMkMSMkMCMkODkkMzgxMzUxIzExIyQxIyQzIyQ4OSQ0NjE0ODEjNDEjJDEjJDgjJDgz,대구의료원,종합병원,"대구광역시 서구 평리로 157, (중리동)",35.8596400,128.5405870,"[""내과"", ""신경과"", ""정신건강의학과"", ""외과"", ""정형외과"", ""신경외과"", ""심장혈관흉부외과"", ""마취통증의학과"", ""산부인과"", ""소아청소년과"", ""안과"", ""이비인후과"", ""피부과"", ""비뇨의학과"", ""영상의학과"", ""진단검사의학과"", ""재활의학과"", ""가정의학과"", ""응급의학과"", ""직업환경의학과"", ""통합치의학과""]","{""가정의학과"": 7, ""내과"": 7, ""마취통증의학과"": 2, ""비뇨의학과"": 1, ""산부인과"": 2, ""소아청소년과"": 2, ""신경과"": 2, ""신경외과"": 1, ""심장혈관흉부외과"": 1, ""영상의학과"": 2, ""외과"": 4, ""이비인후과"": 1, ""정신건강의학과"": 2, ""정형외과"": 2, ""직업환경의학과"": 1, ""진단검사의학과"": 1, ""치과교정과"": 1, ""통합치의학과"": 1, ""피부과"": 1}","[""분만감시기"", ""콘빔CT"", ""MRI"", ""일반엑스선촬영장치"", ""유방촬영장치"", ""CT"", ""인큐베이터"", ""혈액투석을위한인공신장기"", ""골밀도검사기"", ""초음파영상진단기"", ""인공호흡기"", ""체외충격파쇄석기""]","[""응급의료기관"", ""측두하악관절자극요법 실시기관"", ""HPV 국가예방접종사업 참여기관"", ""결핵환자 재택의료 시범기관"", ""일차의료 방문진료 수가 시범기관"", ""수면다원검사 실시기관"", ""간호간병통합서비스 제공기관"", ""난임시술(인공)"", ""외국인 근로자 등 의료지원 사업시행 의료기관"", ""가정간호실시기관"", ""입원형 호스피스전문기관"", ""가정형 호스피스전문기관"", ""성인 중환자실""]"
JDQ4MTYyMiM4MSMkMSMkMCMkODkkMzgxMzUxIzExIyQxIyQzIyQ3OSQyNjE4MzIjNTEjJDEjJDYjJDgz,대구파티마병원,종합병원,"대구광역시 동구 아양로 99, (신암동)",35.8842611,128.6244071,"[""내과"", ""신경과"", ""정신건강의학과"", ""외과"", ""정형외과"", ""신경외과"", ""심장혈관흉부외과"", ""성형외과"", ""마취통증의학과"", ""산부인과"", ""소아청소년과"", ""안과"", ""이비인후과"", ""피부과"", ""비뇨의학과"", ""영상의학과"", ""방사선종양학과"", ""병리과"", ""진단검사의학과"", ""재활의학과"", ""핵의학과"", ""응급의학과"", ""구강악안면외과"", ""치과보철과"", ""치과교정과"", ""소아치과"", ""치주과"", ""치과보존과"", ""구강내과"", ""영상치의학과"", ""구강병리과"", ""예방치과""]","{""가정의학과"": 1, ""구강악안면외과"": 1, ""내과"": 34, ""마취통증의학과"": 8, ""방사선종양학과"": 1, ""병리과"": 4, ""비뇨의학과"": 3, ""산부인과"": 4, ""성형외과"": 3, ""소아청소년과"": 6, ""신경과"": 7, ""신경외과"": 5, ""심장혈관흉부외과"": 3, ""안과"": 5, ""영상의학과"": 8, ""외과"": 10, ""응급의학과"": 13, ""이비인후과"": 4, ""재활의학과"": 3, ""정신건강의학과"": 2, ""정형외과"": 6, ""진단검사의학과"": 2, ""통합치의학과"": 1, ""피부과"": 2, ""핵의학과"": 1}","[""분만감시기"", ""골밀도검사기"", ""MRI"", ""인공호흡기"", ""유방촬영장치"", ""ECMO"", ""인큐베이터"", ""체외충격파쇄석기"", ""CT"", ""콘빔CT"", ""초음파영상진단기"", ""혈액투석을위한인공신장기"", ""일반엑스선촬영장치"", ""양전자단층촬영기 (PET)""]","[""인공와우 실시기관"", ""HPV 국가예방접종사업 참여기관"", ""복막투석 환자 재택관리 시범기관"", ""응급의료기관"", ""간호간병통합서비스 제공기관"", ""입원형 호스피스전문기관"", ""가정용 인공호흡기 환자 재택의료 시범기관"", ""가정간호실시기관"", ""수면다원검사 실시기관"", ""성인 중환자실"", ""신생아 중환자실""]"
JDQ4MTAxMiM1MSMkMSMkMCMkODkkMzgxMzUxIzExIyQxIyQzIyQ3OSQ0NjE0ODEjNDEjJDEjJDQjJDgz,대동병원,종합병원,"부산광역시 동래구 충렬대로 187, (명륜동)",35.2042538,129.0802033,"[""내과"", ""신경과"", ""정신건강의학과"", ""외과"", ""정형외과"", ""신경외과"", ""성형외과"", ""마취통증의학과"", ""산부인과"", ""소아청소년과"", ""이비인후과"", ""피부과"", ""비뇨의학과"", ""영상의학과"", ""병리과"", ""진단검사의학과"", ""재활의학과"", ""가정의학과"", ""응급의학과"", ""구강악안면외과"", ""통합치의학과""]","{""가정의학과"": 4, ""구강악안면외과"": 1, ""내과"": 12, ""마취통증의학과"": 5, ""병리과"": 1, ""비뇨의학과"": 2, ""산부인과"": 1, ""소아청소년과"": 3, ""신경과"": 2, ""신경외과"": 4, ""영상의학과"": 5, ""외과"": 5, ""응급의학과"": 7, ""이비인후과"": 3, ""재활의학과"": 1, ""정신건강의학과"": 1, ""정형외과"": 5, ""직업환경의학과"": 1, ""진단검사의학과"": 1, ""통합치의학과"": 1, ""피부과"": 1}","[""MRI"", ""인공호흡기"", ""초음파영상진단기"", ""골밀도검사기"", ""혈액투석을위한인공신장기"", ""유방촬영장치"", ""콘빔CT"", ""CT"", ""체외충격파쇄석기"", ""인큐베이터"", ""일반엑스선촬영장치""]","[""외국인 근로자 등 의료지원 사업시행 의료기관"", ""개방병원"", ""HPV 국가예방접종사업 참여기관"", ""간호간병통합서비스 제공기관"", ""성인 중환자실"", ""결핵환자 재택의료 시범기관"", ""응급의료기관""]"
JDQ4MTg4MSM1MSMkMSMkMCMkODkkMzgxMzUxIzExIyQxIyQzIyQ4MiQ0NjEwMDIjODEjJDEjJDYjJDgz,대림성모병원,종합병원,"서울특별시 영등포구 시흥대로 657, (대림동, 대림성모병원)",37.4906979,126.9072208,"[""내과"", ""신경과"", ""정신건강의학과"", ""외과"", ""정형외과"", ""신경외과"", ""성형외과"", ""마취통증의학과"", ""산부인과"", ""소아청소년과"", ""이비인후과"", ""영상의학과"", ""방사선종양학과"", ""병리과"", ""진단검사의학과"", ""재활의학과"", ""핵의학과"", ""가정의학과"", ""응급의학과"", ""구강내과""]","{""가정의학과"": 2, ""내과"": 10, ""마취통증의학과"": 2, ""방사선종양학과"": 1, ""병리과"": 2, ""산부인과"": 2, ""신경과"": 2, ""영상의학과"": 10, ""외과"": 9, ""응급의학과"": 5, ""이비인후과"": 1, ""재활의학과"": 1, ""정신건강의학과"": 1, ""정형외과"": 2, ""진단검사의학과"": 1, ""핵의학과"": 1}","[""유방촬영장치"", ""MRI"", ""골밀도검사기"", ""인공호흡기"", ""일반엑스선촬영장치"", ""초음파영상진단기"", ""CT""]","[""응급의료기관"", ""간호간병통합서비스 제공기관"", ""HPV 국가예방접종사업 참여기관""]"
JDQ4MTYyMiM1MSMkMSMkMCMkODkkMzgxMzUxIzExIyQxIyQzIyQwMyQ0NjEwMDIjODEjJDEjJDYjJDgz,대아의료재단한도병원,종합병원,"경기도 안산시 단원구 선부광장로 103, (선부동)",37.3340586,126.8076223,"[""내과"", ""신경과"", ""정신건강의학과"", ""외과"", ""정형외과"", ""신경외과"", ""심장혈관흉부외과"", ""마취통증의학과"", ""산부인과"", ""소아청소년과"", ""안과"", ""이비인후과"", ""비뇨의학과"", ""영상의학과"", ""진단검사의학과"", ""재활의학과"", ""가정의학과"", ""응급의학과"", ""직업환경의학과"", ""통합치의학과""]","{""가정의학과"": 2, ""내과"": 14, ""마취통증의학과"": 3, ""비뇨의학과"": 1, ""산부인과"": 1, ""소아청소년과"": 1, ""소아치과"": 1, ""신경과"": 2, ""신경외과"": 5, ""심장혈관흉부외과"": 1, ""안과"": 1, ""영상의학과"": 4, ""외과"": 2, ""응급의학과"": 8, ""이비인후과"": 1, ""재활의학과"": 1, ""정신건강의학과"": 1, ""정형외과"": 3, ""직업환경의학과"": 2, ""진단검사의학과"": 2}","[""골밀도검사기"", ""인공호흡기"", ""혈액투석을위한인공신장기"", ""MRI"", ""체외충격파쇄석기"", ""초음파영상진단기"", ""일반엑스선촬영장치"", ""인큐베이터"", ""콘빔CT"", ""유방촬영장치"", ""CT""]","[""성인 중환자실"", ""보훈위탁진료요양기관"", ""외국인 근로자 등 의료지원 사업시행 의료기관"", ""HPV 국가예방접종사업 참여기관"", ""간호간병통합서비스 제공기관"", ""응급의료기관"", ""측두하악관절자극요법 실시기관""]"
JDQ4MTYyMiM2MSMkMSMkNiMkODkkMzgxMzUxIzExIyQxIyQzIyQ5OSQ0NjE0ODEjNDEjJDEjJDgjJDgz,대자인병원,종합병원,"전북특별자치도 전주시 덕진구 견훤로 390, (우아동3가)",35.8459659,127.1534706,"[""내과"", ""신경과"", ""정신건강의학과"", ""외과"", ""정형외과"", ""신경외과"", ""심장혈관흉부외과"", ""성형외과"", ""마취통증의학과"", ""산부인과"", ""소아청소년과"", ""안과"", ""이비인후과"", ""피부과"", ""비뇨의학과"", ""영상의학과"", ""병리과"", ""진단검사의학과"", ""재활의학과"", ""핵의학과"", ""가정의학과"", ""응급의학과"", ""직업환경의학과"", ""예방의학과"", ""구강악안면외과"", ""치과보철과"", ""치과교정과"", ""소아치과"", ""치주과"", ""치과보존과"", ""구강내과"", ""한방내과"", ""한방부인과"", ""한방신경정신과"", ""침구과"", ""한방재활의학과"", ""사상체질과""]","{""가정의학과"": 5, ""구강악안면외과"": 2, ""내과"": 29, ""마취통증의학과"": 6, ""병리과"": 3, ""비뇨의학과"": 2, ""산부인과"": 4, ""성형외과"": 3, ""소아청소년과"": 4, ""신경과"": 5, ""신경외과"": 8, ""심장혈관흉부외과"": 2, ""영상의학과"": 8, ""외과"": 9, ""응급의학과"": 12, ""이비인후과"": 1, ""재활의학과"": 2, ""정신건강의학과"": 3, ""정형외과"": 6, ""직업환경의학과"": 3, ""진단검사의학과"": 3, ""피부과"": 1, ""핵의학과"": 1}","[""인공호흡기"", ""양전자단층촬영기 (PET)"", ""MRI"", ""초음파영상진단기"", ""ECMO"", ""골밀도검사기"", ""일반엑스선촬영장치"", ""CT"", ""체외충격파쇄석기"", ""유방촬영장치"", ""혈액투석을위한인공신장기"", ""인큐베이터""]","[""개방병원"", ""응급의료기관"", ""결핵환자 재택의료 시범기관"", ""HPV 국가예방접종사업 참여기관"", ""수면다원검사 실시기관"", ""첩약 건강보험 적용 2단계 시범사업"", ""간호간병통합서비스 제공기관"", ""난임시술(체외)"", ""난임시술(인공)"", ""치매관리주치의 시범기관"", ""가정간호실시기관"", ""1형 당뇨병 환자 재택의료 시범기관"", ""측두하악관절자극요법 실시기관"", ""성인 중환자실""]"
JDQ4MTYyMiM2MSMkMSMkMiMkODkkMzgxMzUxIzExIyQxIyQzIyQ5OSQyNjE4MzIjNzEjJDEjJDgjJDgz,대전보훈병원,종합병원,"대전광역시 대덕구 대청로82번길 147, 147",36.4473355,127.4396417,"[""내과"", ""신경과"", ""정신건강의학과"", ""외과"", ""정형외과"", ""신경외과"", ""마취통증의학과"", ""산부인과"", ""소아청소년과"", ""안과"", ""이비인후과"", ""피부과"", ""비뇨의학과"", ""영상의학과"", ""진단검사의학과"", ""재활의학과"", ""가정의학과"", ""응급의학과"", ""구강악안면외과"", ""한방내과""]","{""가정의학과"": 3, ""내과"": 8, ""마취통증의학과"": 3, ""비뇨의학과"": 2, ""산부인과"": 1, ""소아청소년과"": 1, ""신경과"": 2, ""신경외과"": 2, ""안과"": 1, ""영상의학과"": 2, ""외과"": 1, ""이비인후과"": 1, ""재활의학과"": 1, ""정신건강의학과"": 1, ""정형외과"": 3, ""치주과"": 2, ""피부과"": 1}","[""유방촬영장치"", ""골밀도검사기"", ""일반엑스선촬영장치"", ""초음파영상진단기"", ""인공호흡기"", ""체외충격파쇄석기"", ""CT"", ""콘빔CT"", ""MRI"", ""혈액투석을위한인공신장기""]","[""응급의료기관"", ""가정간호실시기관"", ""입원형 호스피스전문기관"", ""간호간병통합서비스 제공기관"", ""가정형 호스피스전문기관"", ""성인 중환자실""]"
JDQ4MTYyMiM2MSMkMSMkMiMkODkkMzgxMzUxIzExIyQxIyQzIyQ2MiQyNjE4MzIjNDEjJDEjJDgjJDgz,대전한국병원,종합병원,"대전광역시 동구 동서대로 1672,  (성남동)",36.3482008,127.4358152,"[""내과"", ""신경과"", ""정신건강의학과"", ""외과"", ""정형외과"", ""신경외과"", ""심장혈관흉부외과"", ""마취통증의학과"", ""산부인과"", ""소아청소년과"", ""이비인후과"", ""비뇨의학과"", ""영상의학과"", ""진단검사의학과"", ""재활의학과"", ""가정의학과"", ""응급의학과"", ""구강악안면외과""]","{""가정의학과"": 2, ""내과"": 7, ""마취통증의학과"": 5, ""비뇨의학과"": 1, ""산부인과"": 1, ""소아청소년과"": 1, ""신경과"": 2, ""신경외과"": 1, ""심장혈관흉부외과"": 2, ""영상의학과"": 1, ""외과"": 2, ""이비인후과"": 1, ""재활의학과"": 1, ""정신건강의학과"": 1, ""정형외과"": 6, ""진단검사의학과"": 2}","[""골밀도검사기"", ""초음파영상진단기"", ""일반엑스선촬영장치"", ""유방촬영장치"", ""CT"", ""MRI"", ""인공호흡기"", ""체외충격파쇄석기"", ""분만감시기"", ""콘빔CT"", ""혈액투석을위한인공신장기"", ""인큐베이터""]","[""간호간병통합서비스 제공기관"", ""HPV 국가예방접종사업 참여기관"", ""결핵환자 재택의료 시범기관"", ""응급의료기관"", ""성인 중환자실""]"
JDQ4MTYyMiM1MSMkMSMkMCMkODkkMzgxMzUxIzExIyQxIyQzIyQ3MiQzNjE4MzIjNDEjJDEjJDgjJDgz,대진의료재단 분당제생병원,종합병원,"경기도 성남시 분당구 서현로180번길 20, (서현동)",37.3882035,127.1217783,"[""내과"", ""신경과"", ""정신건강의학과"", ""외과"", ""정형외과"", ""신경외과"", ""심장혈관흉부외과"", ""성형외과"", ""마취통증의학과"", ""산부인과"", ""소아청소년과"", ""안과"", ""이비인후과"", ""피부과"", ""비뇨의학과"", ""영상의학과"", ""방사선종양학과"", ""병리과"", ""진단검사의학과"", ""재활의학과"", ""핵의학과"", ""가정의학과"", ""응급의학과"", ""구강악안면외과"", ""치과보철과"", ""치과보존과""]","{""가정의학과"": 6, ""구강악안면외과"": 2, ""내과"": 34, ""마취통증의학과"": 9, ""방사선종양학과"": 1, ""병리과"": 3, ""비뇨의학과"": 3, ""산부인과"": 4, ""성형외과"": 3, ""소아청소년과"": 5, ""신경과"": 6, ""신경외과"": 5, ""심장혈관흉부외과"": 4, ""안과"": 2, ""영상의학과"": 12, ""외과"": 7, ""응급의학과"": 10, ""이비인후과"": 4, ""재활의학과"": 4, ""정신건강의학과"": 3, ""정형외과"": 7, ""진단검사의학과"": 2, ""치과보철과"": 1, ""통합치의학과"": 1, ""피부과"": 2, ""핵의학과"": 1}","[""분만감시기"", ""유방촬영장치"", ""콘빔CT"", ""일반엑스선촬영장치"", ""양전자단층촬영기 (PET)"", ""MRI"", ""초음파영상진단기"", ""ECMO"", ""체외충격파쇄석기"", ""혈액투석을위한인공신장기"", ""CT"", ""인큐베이터"", ""인공호흡기"", ""골밀도검사기""]","[""성인 중환자실"", ""신생아 중환자실"", ""응급의료기관"", ""측두하악관절자극요법 실시기관"", ""인공와우 실시기관"", ""간호간병통합서비스 제공기관"", ""가정간호실시기관"", ""HPV 국가예방접종사업 참여기관"", ""수면다원검사 실시기관""]"
JDQ4MTYyMiM2MSMkMSMkMiMkODkkMzgxMzUxIzExIyQxIyQzIyQ2MiQzNjE0ODEjNDEjJDEjJDQjJDgz,대청병원,종합병원,"대전광역시 서구 계백로 1322, (정림동)",36.3082388,127.3705716,"[""내과"", ""신경과"", ""외과"", ""정형외과"", ""신경외과"", ""마취통증의학과"", ""산부인과"", ""비뇨의학과"", ""영상의학과"", ""진단검사의학과"", ""가정의학과"", ""응급의학과""]","{""가정의학과"": 2, ""내과"": 5, ""마취통증의학과"": 1, ""비뇨의학과"": 1, ""산부인과"": 1, ""신경과"": 2, ""신경외과"": 1, ""영상의학과"": 2, ""외과"": 5, ""정형외과"": 2, ""진단검사의학과"": 1}","[""CT"", ""혈액투석을위한인공신장기"", ""골밀도검사기"", ""일반엑스선촬영장치"", ""유방촬영장치"", ""인공호흡기"", ""MRI"", ""초음파영상진단기"", ""체외충격파쇄석기""]","[""간호간병통합서비스 제공기관"", ""응급의료기관"", ""성인 중환자실""]"
JDQ4MTYyMiM4MSMkMSMkMCMkODkkMzgxMzUxIzExIyQxIyQzIyQ3MiQzNjE0ODEjODEjJDEjJDIjJDgz,더블유병원,종합병원,"대구광역시 달서구 달구벌대로 1632, 더블유병원 (감삼동)",35.8526313,128.5449481,"[""내과"", ""신경과"", ""정신건강의학과"", ""외과"", ""정형외과"", ""신경외과"", ""심장혈관흉부외과"", ""성형외과"", ""마취통증의학과"", ""산부인과"", ""소아청소년과"", ""영상의학과"", ""진단검사의학과"", ""재활의학과"", ""응급의학과"", ""통합치의학과""]","{""내과"": 3, ""마취통증의학과"": 5, ""산부인과"": 1, ""성형외과"": 4, ""소아청소년과"": 1, ""신경과"": 1, ""신경외과"": 2, ""심장혈관흉부외과"": 1, ""영상의학과"": 3, ""외과"": 1, ""응급의학과"": 4, ""정신건강의학과"": 1, ""정형외과"": 18, ""진단검사의학과"": 1, ""통합치의학과"": 1}","[""콘빔CT"", ""골밀도검사기"", ""초음파영상진단기"", ""인공호흡기"", ""CT"", ""일반엑스선촬영장치"", ""MRI""]","[""간호간병통합서비스 제공기관"", ""응급의료기관"", ""성인 중환자실""]"
JDQ4MTYyMiM4MSMkMSMkMCMkODkkMzgxMzUxIzExIyQxIyQzIyQ5OSQyNjE0ODEjNTEjJDEjJDYjJDgz,동국대학교의과대학경주병원,종합병원,"경상북도 경주시 동대로 87,  (석장동)",35.8583076,129.1966582,"[""내과"", ""신경과"", ""정신건강의학과"", ""외과"", ""정형외과"", ""신경외과"", ""심장혈관흉부외과"", ""성형외과"", ""마취통증의학과"", ""산부인과"", ""소아청소년과"", ""안과"", ""이비인후과"", ""피부과"", ""비뇨의학과"", ""영상의학과"", ""방사선종양학과"", ""병리과"", ""진단검사의학과"", ""재활의학과"", ""핵의학과"", ""가정의학과"", ""응급의학과"", ""직업환경의학과"", ""구강악안면외과""]","{""가정의학과"": 2, ""내과"": 11, ""마취통증의학과"": 3, ""방사선종양학과"": 1, ""병리과"": 1, ""비뇨의학과"": 3, ""산부인과"": 3, ""성형외과"": 3, ""소아청소년과"": 7, ""신경과"": 2, ""신경외과"": 2, ""심장혈관흉부외과"": 3, ""안과"": 4, ""영상의학과"": 5, ""예방의학과"": 2, ""외과"": 3, ""응급의학과"": 15, ""이비인후과"": 1, ""재활의학과"": 1, ""정신건강의학과"": 2, ""정형외과"": 6, ""직업환경의학과"": 3, ""진단검사의학과"": 1, ""피부과"": 2, ""핵의학과"": 1}","[""ECMO"", ""분만감시기"", ""일반엑스선촬영장치"", ""MRI"", ""체외충격파쇄석기"", ""혈액투석을위한인공신장기"", ""CT"", ""콘빔CT"", ""인공호흡기"", ""골밀도검사기"", ""유방촬영장치"", ""양전자단층촬영기 (PET)"", ""초음파영상진단기"", ""인큐베이터""]","[""HPV 국가예방접종사업 참여기관"", ""1형 당뇨병 환자 재택의료 시범기관"", ""보훈위탁진료요양기관"", ""간호간병통합서비스 제공기관"", ""결핵환자 재택의료 시범기관"", ""개방병원"", ""응급의료기관"", ""(정신질환)낮병동 시범기관"", ""성인 중환자실""]"
JDQ4MTYyMiM1MSMkMSMkMCMkODkkMzgxMzUxIzExIyQxIyQzIyQwMyQ0NjE0ODEjNDEjJDEjJDgjJDgz,동국대학교일산불교병원,종합병원,"경기도 고양시 일산동구 동국로 27, (식사동, 동국대학교일산병원)",37.6763969,126.8064233,"[""내과"", ""신경과"", ""정신건강의학과"", ""외과"", ""정형외과"", ""신경외과"", ""심장혈관흉부외과"", ""성형외과"", ""마취통증의학과"", ""산부인과"", ""소아청소년과"", ""안과"", ""이비인후과"", ""피부과"", ""비뇨의학과"", ""영상의학과"", ""방사선종양학과"", ""병리과"", ""진단검사의학과"", ""재활의학과"", ""핵의학과"", ""가정의학과"", ""응급의학과"", ""구강악안면외과""]","{""가정의학과"": 5, ""내과"": 27, ""마취통증의학과"": 7, ""방사선종양학과"": 1, ""병리과"": 2, ""비뇨의학과"": 4, ""산부인과"": 5, ""성형외과"": 3, ""소아청소년과"": 5, ""신경과"": 8, ""신경외과"": 5, ""심장혈관흉부외과"": 2, ""안과"": 4, ""영상의학과"": 8, ""외과"": 11, ""응급의학과"": 10, ""이비인후과"": 6, ""재활의학과"": 3, ""정신건강의학과"": 4, ""정형외과"": 7, ""진단검사의학과"": 3, ""통합치의학과"": 1, ""피부과"": 4, ""한방내과"": 1, ""핵의학과"": 1}","[""초음파영상진단기"", ""인공호흡기"", ""인큐베이터"", ""유방촬영장치"", ""혈액투석을위한인공신장기"", ""분만감시기"", ""체외충격파쇄석기"", ""CT"", ""골밀도검사기"", ""콘빔CT"", ""양전자단층촬영기 (PET)"", ""일반엑스선촬영장치"", ""MRI"", ""ECMO""]","[""성인 중환자실"", ""신생아 중환자실"", ""인공와우 실시기관"", ""HPV 국가예방접종사업 참여기관"", ""입원형 호스피스전문기관"", ""응급의료기관"", ""차세대염기서열분석 기반 유전자 패널검사 실시기관"", ""수면다원검사 실시기관"", ""복막투석 환자 재택관리 시범기관"", ""신속대응시스템 시범기관"", ""가정용 인공호흡기 환자 재택의료 시범기관"", ""간호간병통합서비스 제공기관"", ""난임시술(체외)"", ""난임시술(인공)"", ""의·한협진 활성화를 위한 5단계 시범기관""]"
JDQ4MTAxMiM1MSMkMSMkMCMkODkkMzgxMzUxIzExIyQxIyQzIyQ4MiQyNjEyMjIjNjEjJDEjJDAjJDgz,동남권원자력의학원원자력병원,종합병원,"부산광역시 기장군 장안읍 좌동길 40, (장안읍)",35.3214002,129.2435492,"[""내과"", ""정신건강의학과"", ""외과"", ""정형외과"", ""신경외과"", ""심장혈관흉부외과"", ""마취통증의학과"", ""산부인과"", ""소아청소년과"", ""이비인후과"", ""비뇨의학과"", ""영상의학과"", ""방사선종양학과"", ""병리과"", ""진단검사의학과"", ""재활의학과"", ""핵의학과"", ""가정의학과"", ""응급의학과""]","{""가정의학과"": 3, ""내과"": 16, ""마취통증의학과"": 4, ""방사선종양학과"": 3, ""병리과"": 2, ""비뇨의학과"": 2, ""산부인과"": 2, ""소아청소년과"": 2, ""신경외과"": 4, ""심장혈관흉부외과"": 1, ""영상의학과"": 4, ""외과"": 8, ""이비인후과"": 3, ""재활의학과"": 1, ""정신건강의학과"": 1, ""정형외과"": 2, ""진단검사의학과"": 2, ""핵의학과"": 1}","[""골밀도검사기"", ""유방촬영장치"", ""MRI"", ""인공호흡기"", ""CT"", ""ECMO"", ""일반엑스선촬영장치"", ""혈액투석을위한인공신장기"", ""양전자단층촬영기 (PET)"", ""초음파영상진단기""]","[""응급의료기관"", ""HPV 국가예방접종사업 참여기관"", ""차세대염기서열분석 기반 유전자 패널검사 실시기관"", ""간호간병통합서비스 제공기관"", ""비대면진료 시범사업 진료기관(의료기관)"", ""성인 중환자실"", ""자문형 호스피스전문기관"", ""암환자 재택의료 시범기관""]"
JDQ4MTAxMiM1MSMkMSMkMCMkODkkMzgxMzUxIzExIyQxIyQzIyQ3MiQyNjEwMDIjODEjJDEjJDYjJDgz,동래봉생병원,종합병원,"부산광역시 동래구 안연로109번길 27, (안락동)",35.1969224,129.0961355,"[""내과"", ""신경과"", ""정신건강의학과"", ""외과"", ""정형외과"", ""신경외과"", ""마취통증의학과"", ""소아청소년과"", ""이비인후과"", ""비뇨의학과"", ""영상의학과"", ""진단검사의학과"", ""재활의학과"", ""가정의학과"", ""응급의학과""]","{""가정의학과"": 1, ""내과"": 11, ""마취통증의학과"": 2, ""비뇨의학과"": 1, ""소아청소년과"": 1, ""신경과"": 3, ""신경외과"": 6, ""영상의학과"": 3, ""외과"": 3, ""응급의학과"": 6, ""이비인후과"": 1, ""재활의학과"": 1, ""정신건강의학과"": 1, ""정형외과"": 2, ""진단검사의학과"": 1}","[""인공호흡기"", ""유방촬영장치"", ""골밀도검사기"", ""혈액투석을위한인공신장기"", ""CT"", ""일반엑스선촬영장치"", ""MRI"", ""체외충격파쇄석기"", ""초음파영상진단기""]","[""수면다원검사 실시기관"", ""응급의료기관"", ""HPV 국가예방접종사업 참여기관"", ""간호간병통합서비스 제공기관"", ""성인 중환자실"", ""복막투석 환자 재택관리 시범기관""]"
JDQ4MTYyMiM3MSMkMSMkMCMkODkkMzgxMzUxIzExIyQxIyQ3IyQ4OSQyNjE0ODEjODEjJDEjJDYjJDgz,동아병원,종합병원,"전남광주통합특별시 남구 대남대로 238, (백운동)",35.1348131,126.8999505,"[""내과"", ""외과"", ""정형외과"", ""신경외과"", ""마취통증의학과"", ""산부인과"", ""영상의학과"", ""진단검사의학과"", ""응급의학과""]","{""내과"": 5, ""마취통증의학과"": 3, ""산부인과"": 1, ""신경외과"": 2, ""심장혈관흉부외과"": 1, ""영상의학과"": 3, ""외과"": 2, ""응급의학과"": 3, ""정형외과"": 8, ""진단검사의학과"": 1}","[""인공호흡기"", ""혈액투석을위한인공신장기"", ""초음파영상진단기"", ""골밀도검사기"", ""일반엑스선촬영장치"", ""유방촬영장치"", ""MRI"", ""CT""]","[""간호간병통합서비스 제공기관"", ""HPV 국가예방접종사업 참여기관"", ""응급의료기관""]"
JDQ4MTYyMiM4MSMkMSMkMCMkODkkMzgxMzUxIzExIyQxIyQzIyQ3MiQzNjEyMjIjNjEjJDEjJDAjJDgz,드림종합병원,종합병원,"대구광역시 남구 대명로 153, (대명동)",35.8395584,128.5744911,"[""내과"", ""신경과"", ""외과"", ""정형외과"", ""심장혈관흉부외과"", ""마취통증의학과"", ""산부인과"", ""소아청소년과"", ""비뇨의학과"", ""영상의학과"", ""진단검사의학과"", ""가정의학과"", ""응급의학과""]","{""가정의학과"": 2, ""내과"": 6, ""마취통증의학과"": 2, ""방사선종양학과"": 1, ""비뇨의학과"": 1, ""산부인과"": 1, ""소아청소년과"": 1, ""신경과"": 1, ""영상의학과"": 3, ""외과"": 4, ""응급의학과"": 4, ""정형외과"": 2, ""직업환경의학과"": 1, ""진단검사의학과"": 1}","[""일반엑스선촬영장치"", ""유방촬영장치"", ""체외충격파쇄석기"", ""MRI"", ""CT"", ""ECMO"", ""골밀도검사기"", ""인공호흡기"", ""초음파영상진단기"", ""혈액투석을위한인공신장기""]","[""개방병원"", ""응급의료기관"", ""간호간병통합서비스 제공기관"", ""암환자 재택의료 시범기관""]"
JDQ4MTYyMiM1MSMkMSMkMCMkODkkMzgxMzUxIzExIyQxIyQ3IyQ2MiQzNjEwMDIjNTEjJDEjJDYjJDgz,메디인병원,종합병원,"경기도 파주시 금릉역로 190, (금촌동)",37.7610733,126.7666690,"[""내과"", ""신경과"", ""외과"", ""정형외과"", ""신경외과"", ""마취통증의학과"", ""산부인과"", ""비뇨의학과"", ""영상의학과"", ""병리과"", ""진단검사의학과"", ""응급의학과""]","{""내과"": 10, ""마취통증의학과"": 3, ""신경과"": 2, ""영상의학과"": 3, ""외과"": 2, ""응급의학과"": 6, ""정형외과"": 7, ""진단검사의학과"": 1}","[""CT"", ""혈액투석을위한인공신장기"", ""일반엑스선촬영장치"", ""유방촬영장치"", ""골밀도검사기"", ""초음파영상진단기"", ""인공호흡기"", ""체외충격파쇄석기"", ""MRI""]","[""성인 중환자실"", ""응급의료기관"", ""결핵환자 재택의료 시범기관"", ""간호간병통합서비스 제공기관""]"
JDU4MTI3MSM1MSMkMSMkNCMkODkkMzgxMzUxIzExIyQxIyQzIyQ3OSQyNjE4MzIjODEjJDEjJDIjJDgz,메디필드한강병원,종합병원,"경기도 용인시 처인구 금령로39번길 8-6, (김량장동)",37.2353957,127.2010803,"[""내과"", ""신경과"", ""외과"", ""정형외과"", ""신경외과"", ""마취통증의학과"", ""산부인과"", ""비뇨의학과"", ""영상의학과"", ""진단검사의학과"", ""응급의학과"", ""직업환경의학과""]","{""내과"": 3, ""마취통증의학과"": 2, ""비뇨의학과"": 1, ""산부인과"": 1, ""신경과"": 1, ""신경외과"": 1, ""영상의학과"": 2, ""외과"": 1, ""응급의학과"": 6, ""정형외과"": 2, ""직업환경의학과"": 1, ""진단검사의학과"": 1}","[""유방촬영장치"", ""CT"", ""골밀도검사기"", ""체외충격파쇄석기"", ""일반엑스선촬영장치"", ""MRI"", ""초음파영상진단기"", ""인공호흡기"", ""혈액투석을위한인공신장기""]","[""응급의료기관"", ""HPV 국가예방접종사업 참여기관"", ""성인 중환자실""]"
JDQ4MTg4MSM1MSMkMSMkMCMkODkkMzgxMzUxIzExIyQxIyQzIyQwMyQ0NjEwMDIjNTEjJDEjJDYjJDgz,명지성모병원,종합병원,"서울특별시 영등포구 도림로 156, 명지성모병원 (대림동)",37.4938623,126.8992626,"[""내과"", ""신경과"", ""외과"", ""정형외과"", ""신경외과"", ""마취통증의학과"", ""산부인과"", ""영상의학과"", ""진단검사의학과"", ""재활의학과"", ""가정의학과"", ""응급의학과""]","{""가정의학과"": 2, ""내과"": 5, ""마취통증의학과"": 3, ""산부인과"": 2, ""신경과"": 3, ""신경외과"": 6, ""영상의학과"": 3, ""외과"": 1, ""응급의학과"": 5, ""재활의학과"": 2, ""정형외과"": 1, ""진단검사의학과"": 1}","[""CT"", ""인큐베이터"", ""골밀도검사기"", ""혈액투석을위한인공신장기"", ""MRI"", ""초음파영상진단기"", ""인공호흡기"", ""분만감시기"", ""유방촬영장치"", ""일반엑스선촬영장치""]","[""응급의료기관"", ""재활환자 재택의료 시범기관"", ""간호간병통합서비스 제공기관"", ""성인 중환자실""]"
JDQ4MTYyMiM3MSMkMSMkMCMkODkkMzgxMzUxIzExIyQxIyQzIyQ4MiQzNjEyMjIjODEjJDEjJDIjJDgz,목포기독병원,종합병원,"전남광주통합특별시 목포시 백년대로 303,  (상동)",34.8045332,126.4205999,"[""내과"", ""신경과"", ""정신건강의학과"", ""외과"", ""정형외과"", ""신경외과"", ""심장혈관흉부외과"", ""마취통증의학과"", ""산부인과"", ""소아청소년과"", ""영상의학과"", ""진단검사의학과"", ""재활의학과"", ""가정의학과"", ""응급의학과"", ""직업환경의학과"", ""예방치과""]","{""가정의학과"": 3, ""내과"": 8, ""마취통증의학과"": 2, ""산부인과"": 1, ""소아청소년과"": 1, ""신경외과"": 5, ""심장혈관흉부외과"": 1, ""영상의학과"": 3, ""외과"": 4, ""응급의학과"": 1, ""정신건강의학과"": 1, ""정형외과"": 5, ""직업환경의학과"": 2, ""진단검사의학과"": 1}","[""MRI"", ""인공호흡기"", ""초음파영상진단기"", ""일반엑스선촬영장치"", ""유방촬영장치"", ""골밀도검사기"", ""CT"", ""혈액투석을위한인공신장기""]","[""성인 중환자실"", ""응급의료기관"", ""간호간병통합서비스 제공기관"", ""치매관리주치의 시범기관"", ""HPV 국가예방접종사업 참여기관"", ""개방병원""]"
JDQ4MTYyMiM3MSMkMSMkMCMkODkkMzgxMzUxIzExIyQxIyQzIyQ5OSQyNjEyMjIjNjEjJDEjJDgjJDgz,목포시의료원,종합병원,"전남광주통합특별시 목포시 이로로 18,  (용해동)",34.8039838,126.4053626,"[""내과"", ""정신건강의학과"", ""외과"", ""정형외과"", ""심장혈관흉부외과"", ""마취통증의학과"", ""산부인과"", ""안과"", ""이비인후과"", ""비뇨의학과"", ""영상의학과"", ""진단검사의학과"", ""재활의학과"", ""가정의학과"", ""응급의학과"", ""예방치과""]","{""가정의학과"": 2, ""내과"": 4, ""마취통증의학과"": 4, ""비뇨의학과"": 3, ""산부인과"": 1, ""심장혈관흉부외과"": 1, ""영상의학과"": 1, ""외과"": 1, ""이비인후과"": 1, ""재활의학과"": 1, ""정신건강의학과"": 1, ""정형외과"": 2, ""진단검사의학과"": 1}","[""인공호흡기"", ""일반엑스선촬영장치"", ""골밀도검사기"", ""체외충격파쇄석기"", ""혈액투석을위한인공신장기"", ""MRI"", ""초음파영상진단기"", ""유방촬영장치"", ""CT""]","[""보훈위탁진료요양기관"", ""장애인 건강 주치의 시범기관(전체)"", ""응급의료기관"", ""일차의료 방문진료 수가 시범기관"", ""간호간병통합서비스 제공기관"", ""치매관리주치의 시범기관"", ""외국인 근로자 등 의료지원 사업시행 의료기관"", ""(정신질환)병원기반 시범기관"", ""재활환자 재택의료 시범기관""]"
JDQ4MTYyMiM3MSMkMSMkMCMkODkkMzgxMzUxIzExIyQxIyQzIyQ2MiQyNjE4MzIjODEjJDEjJDYjJDgz,목포한국병원,종합병원,"전남광주통합특별시 목포시 영산로 483,  (상동)",34.8093820,126.4162693,"[""내과"", ""신경과"", ""정신건강의학과"", ""외과"", ""정형외과"", ""신경외과"", ""심장혈관흉부외과"", ""마취통증의학과"", ""산부인과"", ""소아청소년과"", ""이비인후과"", ""비뇨의학과"", ""영상의학과"", ""병리과"", ""진단검사의학과"", ""재활의학과"", ""가정의학과"", ""응급의학과"", ""직업환경의학과"", ""구강악안면외과""]","{""구강악안면외과"": 1, ""내과"": 14, ""마취통증의학과"": 3, ""병리과"": 1, ""비뇨의학과"": 1, ""산부인과"": 2, ""소아청소년과"": 1, ""신경과"": 1, ""신경외과"": 6, ""심장혈관흉부외과"": 2, ""영상의학과"": 6, ""외과"": 9, ""응급의학과"": 17, ""재활의학과"": 1, ""정신건강의학과"": 1, ""정형외과"": 7, ""직업환경의학과"": 2, ""진단검사의학과"": 2}","[""MRI"", ""CT"", ""콘빔CT"", ""인공호흡기"", ""골밀도검사기"", ""혈액투석을위한인공신장기"", ""인큐베이터"", ""ECMO"", ""일반엑스선촬영장치"", ""체외충격파쇄석기"", ""유방촬영장치"", ""초음파영상진단기""]","[""성인 중환자실"", ""측두하악관절자극요법 실시기관"", ""HPV 국가예방접종사업 참여기관"", ""간호간병통합서비스 제공기관"", ""응급의료기관""]"
JDQ4MTYyMiM3MSMkMSMkMCMkODkkMzgxMzUxIzExIyQxIyQzIyQwMyQzNjE4MzIjNDEjJDEjJDgjJDgz,미래로21병원,종합병원,"전남광주통합특별시 서구 화운로 1,  (화정동)",35.1410330,126.8852856,"[""내과"", ""신경과"", ""외과"", ""정형외과"", ""신경외과"", ""심장혈관흉부외과"", ""마취통증의학과"", ""소아청소년과"", ""영상의학과"", ""진단검사의학과"", ""응급의학과""]","{""내과"": 12, ""마취통증의학과"": 1, ""소아청소년과"": 1, ""신경과"": 1, ""신경외과"": 2, ""심장혈관흉부외과"": 1, ""영상의학과"": 2, ""외과"": 2, ""정형외과"": 4, ""진단검사의학과"": 1}","[""CT"", ""MRI"", ""인공호흡기"", ""골밀도검사기"", ""일반엑스선촬영장치"", ""초음파영상진단기"", ""유방촬영장치"", ""혈액투석을위한인공신장기""]","[""성인 중환자실"", ""간호간병통합서비스 제공기관"", ""HPV 국가예방접종사업 참여기관"", ""응급의료기관""]"
JDQ4MTg4MSM1MSMkMSMkMCMkODkkMzgxMzUxIzExIyQxIyQ3IyQ4OSQ0NjE0ODEjNDEjJDEjJDgjJDgz,미즈메디병원,종합병원,"서울특별시 강서구 강서로 295, (내발산동)",37.5522178,126.8359357,"[""내과"", ""외과"", ""마취통증의학과"", ""산부인과"", ""소아청소년과"", ""비뇨의학과"", ""영상의학과"", ""진단검사의학과"", ""가정의학과""]","{""가정의학과"": 1, ""내과"": 12, ""마취통증의학과"": 5, ""비뇨의학과"": 1, ""산부인과"": 21, ""소아청소년과"": 8, ""영상의학과"": 3, ""외과"": 5, ""진단검사의학과"": 1}","[""일반엑스선촬영장치"", ""분만감시기"", ""골밀도검사기"", ""인공호흡기"", ""체외충격파쇄석기"", ""CT"", ""초음파영상진단기"", ""인큐베이터"", ""유방촬영장치""]","[""난임시술(체외)"", ""난임시술(인공)"", ""간호간병통합서비스 제공기관"", ""HPV 국가예방접종사업 참여기관""]"
JDQ4MTYyMiM4MSMkMSMkNCMkODkkMzgxMzUxIzExIyQyIyQzIyQwMCQzNjE0ODEjNzEjJDEjJDgjJDgz,베데스다복음병원,종합병원,"경상남도 양산시 신기로 28, (신기동)",35.3532447,129.0435924,"[""내과"", ""신경과"", ""외과"", ""정형외과"", ""신경외과"", ""마취통증의학과"", ""소아청소년과"", ""영상의학과"", ""진단검사의학과""]","{""내과"": 2, ""마취통증의학과"": 1, ""소아청소년과"": 1, ""신경과"": 1, ""신경외과"": 1, ""영상의학과"": 1, ""외과"": 1, ""정형외과"": 2, ""진단검사의학과"": 1}","[""일반엑스선촬영장치"", ""MRI"", ""CT"", ""혈액투석을위한인공신장기"", ""골밀도검사기"", ""인공호흡기"", ""초음파영상진단기"", ""유방촬영장치""]","[""응급의료기관"", ""간호간병통합서비스 제공기관"", ""보훈위탁진료요양기관"", ""HPV 국가예방접종사업 참여기관""]"
JDQ4MTg4MSM1MSMkMSMkMCMkODkkMzgxMzUxIzExIyQyIyQ3IyQwMCQyNjE4MzIjNjEjJDEjJDAjJDgz,부민병원,종합병원,"서울특별시 강서구 공항대로 389, 부민병원 (등촌동)",37.5568660,126.8509273,"[""내과"", ""신경과"", ""외과"", ""정형외과"", ""신경외과"", ""마취통증의학과"", ""산부인과"", ""소아청소년과"", ""비뇨의학과"", ""영상의학과"", ""진단검사의학과"", ""재활의학과"", ""가정의학과"", ""응급의학과""]","{""가정의학과"": 2, ""내과"": 9, ""마취통증의학과"": 4, ""비뇨의학과"": 1, ""산부인과"": 1, ""소아청소년과"": 2, ""신경과"": 1, ""신경외과"": 5, ""영상의학과"": 2, ""외과"": 3, ""응급의학과"": 1, ""재활의학과"": 1, ""정형외과"": 18, ""진단검사의학과"": 1}","[""MRI"", ""초음파영상진단기"", ""유방촬영장치"", ""ECMO"", ""CT"", ""혈액투석을위한인공신장기"", ""일반엑스선촬영장치"", ""인큐베이터"", ""골밀도검사기"", ""인공호흡기"", ""콘빔CT""]","[""응급의료기관"", ""간호간병통합서비스 제공기관"", ""HPV 국가예방접종사업 참여기관"", ""성인 중환자실""]"
JDQ4MTAxMiM1MSMkMSMkMCMkODkkMzgxMzUxIzExIyQxIyQzIyQ5OSQyNjE0ODEjODEjJDEjJDYjJDgz,부산광역시의료원,종합병원,"부산광역시 연제구 월드컵대로 359, (거제동, 1동, 5동일부)",35.1872821,129.0592351,"[""내과"", ""신경과"", ""정신건강의학과"", ""외과"", ""정형외과"", ""신경외과"", ""심장혈관흉부외과"", ""마취통증의학과"", ""산부인과"", ""소아청소년과"", ""안과"", ""이비인후과"", ""피부과"", ""비뇨의학과"", ""영상의학과"", ""병리과"", ""진단검사의학과"", ""재활의학과"", ""가정의학과"", ""응급의학과"", ""통합치의학과"", ""침구과""]","{""가정의학과"": 2, ""내과"": 15, ""마취통증의학과"": 2, ""병리과"": 1, ""비뇨의학과"": 2, ""산부인과"": 2, ""소아청소년과"": 2, ""신경과"": 2, ""신경외과"": 1, ""심장혈관흉부외과"": 1, ""안과"": 1, ""영상의학과"": 4, ""외과"": 5, ""응급의학과"": 3, ""이비인후과"": 1, ""재활의학과"": 2, ""정신건강의학과"": 2, ""정형외과"": 6, ""진단검사의학과"": 1, ""통합치의학과"": 1, ""피부과"": 1}","[""콘빔CT"", ""유방촬영장치"", ""CT"", ""인공호흡기"", ""혈액투석을위한인공신장기"", ""초음파영상진단기"", ""인큐베이터"", ""골밀도검사기"", ""일반엑스선촬영장치"", ""MRI"", ""체외충격파쇄석기""]","[""응급의료기관"", ""외국인 근로자 등 의료지원 사업시행 의료기관"", ""장애인 치과 주치의 시범기관"", ""개방병원"", ""결핵환자 재택의료 시범기관"", ""간호간병통합서비스 제공기관"", ""성인 중환자실"", ""HPV 국가예방접종사업 참여기관"", ""일차의료 방문진료 수가 시범기관"", ""의·한협진 활성화를 위한 5단계 시범기관""]"
JDQ4MTAxMiM1MSMkMSMkMCMkODkkMzgxMzUxIzExIyQxIyQzIyQ3OSQzNjEwMDIjNjEjJDEjJDQjJDgz,부산성모병원(재단법인 천주교부산교구유지재단),종합병원,"부산광역시 남구 용호로232번길 25-14, (용호동)",35.1104571,129.1091250,"[""내과"", ""신경과"", ""정신건강의학과"", ""외과"", ""정형외과"", ""신경외과"", ""마취통증의학과"", ""산부인과"", ""소아청소년과"", ""안과"", ""이비인후과"", ""비뇨의학과"", ""영상의학과"", ""병리과"", ""진단검사의학과"", ""재활의학과"", ""핵의학과"", ""가정의학과"", ""응급의학과"", ""구강악안면외과"", ""치과보철과"", ""소아치과"", ""치주과"", ""치과보존과"", ""구강내과"", ""영상치의학과""]","{""가정의학과"": 2, ""구강악안면외과"": 1, ""내과"": 18, ""마취통증의학과"": 3, ""병리과"": 1, ""비뇨의학과"": 1, ""산부인과"": 2, ""소아청소년과"": 7, ""신경과"": 2, ""신경외과"": 2, ""안과"": 2, ""영상의학과"": 5, ""외과"": 3, ""응급의학과"": 6, ""이비인후과"": 4, ""재활의학과"": 1, ""정신건강의학과"": 1, ""정형외과"": 4, ""진단검사의학과"": 2, ""치과보존과"": 1}","[""유방촬영장치"", ""초음파영상진단기"", ""체외충격파쇄석기"", ""CT"", ""콘빔CT"", ""골밀도검사기"", ""일반엑스선촬영장치"", ""혈액투석을위한인공신장기"", ""인큐베이터"", ""MRI"", ""분만감시기"", ""인공호흡기""]","[""결핵환자 재택의료 시범기관"", ""HPV 국가예방접종사업 참여기관"", ""응급의료기관"", ""입원형 호스피스전문기관"", ""수면다원검사 실시기관"", ""간호간병통합서비스 제공기관"", ""성인 중환자실"", ""신생아 중환자실"", ""측두하악관절자극요법 실시기관"", ""가정형 호스피스전문기관""]"
JDQ4MTYyMiM2MSMkMSMkNiMkODkkMzgxMzUxIzExIyQxIyQzIyQ5OSQzNjEwMDIjNzEjJDEjJDgjJDgz,부안성모병원,종합병원,"전북특별자치도 부안군 부안읍 오정2길 24, (부안읍)",35.7248401,126.7345709,"[""내과"", ""신경과"", ""외과"", ""정형외과"", ""신경외과"", ""마취통증의학과"", ""산부인과"", ""소아청소년과"", ""영상의학과"", ""진단검사의학과"", ""응급의학과""]","{""내과"": 4, ""마취통증의학과"": 1, ""산부인과"": 1, ""신경외과"": 1, ""영상의학과"": 1, ""외과"": 1, ""응급의학과"": 1, ""정형외과"": 2, ""진단검사의학과"": 1}","[""인공호흡기"", ""혈액투석을위한인공신장기"", ""일반엑스선촬영장치"", ""초음파영상진단기"", ""유방촬영장치"", ""MRI"", ""CT"", ""골밀도검사기""]","[""HPV 국가예방접종사업 참여기관"", ""응급의료기관"", ""가정간호실시기관"", ""성인 중환자실""]"
JDQ4MTYyMiM1MSMkMSMkMCMkODkkMzgxMzUxIzExIyQxIyQzIyQ4OSQyNjEyMjIjNDEjJDEjJDgjJDgz,부천세종병원,종합병원,"경기도 부천시 소사구 호현로489번길 28, (소사본동, 세종병원)",37.4809661,126.7913172,"[""내과"", ""신경과"", ""정신건강의학과"", ""외과"", ""정형외과"", ""신경외과"", ""심장혈관흉부외과"", ""마취통증의학과"", ""산부인과"", ""소아청소년과"", ""안과"", ""이비인후과"", ""피부과"", ""비뇨의학과"", ""영상의학과"", ""병리과"", ""진단검사의학과"", ""재활의학과"", ""핵의학과"", ""가정의학과"", ""응급의학과"", ""구강악안면외과"", ""치과보철과"", ""소아치과"", ""치주과"", ""치과보존과"", ""구강내과"", ""영상치의학과"", ""구강병리과"", ""예방치과""]","{""가정의학과"": 2, ""내과"": 26, ""마취통증의학과"": 4, ""병리과"": 1, ""비뇨의학과"": 1, ""산부인과"": 2, ""소아청소년과"": 9, ""신경과"": 1, ""신경외과"": 2, ""심장혈관흉부외과"": 9, ""영상의학과"": 4, ""외과"": 3, ""응급의학과"": 12, ""재활의학과"": 1, ""정신건강의학과"": 1, ""정형외과"": 1, ""진단검사의학과"": 1, ""핵의학과"": 1}","[""CT"", ""골밀도검사기"", ""분만감시기"", ""ECMO"", ""인큐베이터"", ""일반엑스선촬영장치"", ""유방촬영장치"", ""MRI"", ""혈액투석을위한인공신장기"", ""초음파영상진단기"", ""인공호흡기""]","[""성인 중환자실"", ""심실 보조장치 치료술 실시기관(체외형&이식형)"", ""경피적 좌심방이 폐색술 실시기관"", ""응급의료기관"", ""경피적 대동맥판삽입 실시기관"", ""간호간병통합서비스 제공기관"", ""HPV 국가예방접종사업 참여기관"", ""1형 당뇨병 환자 재택의료 시범기관"", ""신속대응시스템 시범기관"", ""심장질환자 재택의료 시범기관""]"
JDQ4MTYyMiM1MSMkMSMkMCMkODkkMzgxMzUxIzExIyQyIyQ3IyQwMCQ0NjE0ODEjNDEjJDEjJDgjJDgz,부천우리병원,종합병원,"경기도 부천시 오정구 소사로 726, (원종동)",37.5208668,126.8052027,"[""내과"", ""신경과"", ""외과"", ""정형외과"", ""신경외과"", ""마취통증의학과"", ""산부인과"", ""이비인후과"", ""비뇨의학과"", ""영상의학과"", ""진단검사의학과"", ""가정의학과"", ""구강내과"", ""통합치의학과""]","{""가정의학과"": 1, ""내과"": 7, ""마취통증의학과"": 1, ""비뇨의학과"": 1, ""산부인과"": 1, ""신경과"": 2, ""신경외과"": 1, ""영상의학과"": 2, ""외과"": 1, ""이비인후과"": 1, ""정형외과"": 2, ""진단검사의학과"": 1}","[""초음파영상진단기"", ""유방촬영장치"", ""CT"", ""인공호흡기"", ""일반엑스선촬영장치"", ""체외충격파쇄석기"", ""MRI"", ""골밀도검사기""]","[""성인 중환자실"", ""결핵환자 재택의료 시범기관"", ""간호간병통합서비스 제공기관"", ""가정간호실시기관"", ""HPV 국가예방접종사업 참여기관""]"
JDQ4MTYyMiM1MSMkMSMkMCMkODkkMzgxMzUxIzExIyQxIyQzIyQ4OSQzNjE4MzIjNDEjJDEjJDgjJDgz,부평세림병원,종합병원,"인천광역시 부평구 부평대로 175,  (청천동)",37.5068720,126.7199858,"[""내과"", ""신경과"", ""정신건강의학과"", ""외과"", ""정형외과"", ""신경외과"", ""마취통증의학과"", ""산부인과"", ""소아청소년과"", ""비뇨의학과"", ""영상의학과"", ""진단검사의학과"", ""가정의학과"", ""응급의학과"", ""직업환경의학과"", ""예방의학과"", ""예방치과""]","{""가정의학과"": 4, ""내과"": 11, ""마취통증의학과"": 1, ""비뇨의학과"": 1, ""산부인과"": 1, ""소아청소년과"": 1, ""신경과"": 1, ""신경외과"": 4, ""영상의학과"": 2, ""예방의학과"": 1, ""외과"": 3, ""응급의학과"": 7, ""정신건강의학과"": 1, ""정형외과"": 4, ""직업환경의학과"": 3, ""진단검사의학과"": 1}","[""MRI"", ""CT"", ""체외충격파쇄석기"", ""일반엑스선촬영장치"", ""초음파영상진단기"", ""유방촬영장치"", ""인공호흡기"", ""혈액투석을위한인공신장기"", ""ECMO"", ""골밀도검사기""]","[""성인 중환자실"", ""HPV 국가예방접종사업 참여기관"", ""간호간병통합서비스 제공기관"", ""외국인 근로자 등 의료지원 사업시행 의료기관"", ""결핵환자 재택의료 시범기관"", ""응급의료기관"", ""보훈위탁진료요양기관""]"
JDQ4MTAxMiM1MSMkMSMkMCMkODkkMzgxMzUxIzExIyQxIyQzIyQ5MiQyNjE0ODEjNjEjJDEjJDQjJDgz,비에스길종합병원,종합병원,"부산광역시 연제구 중앙대로 1055, 지하3층~지하1층 일부, 지상1층 일부, 지상4층~14층 (연산동)",35.1825257,129.0784270,"[""내과"", ""외과"", ""정형외과"", ""신경외과"", ""마취통증의학과"", ""소아청소년과"", ""영상의학과"", ""진단검사의학과"", ""응급의학과""]","{""내과"": 2, ""마취통증의학과"": 2, ""소아청소년과"": 1, ""신경외과"": 1, ""영상의학과"": 2, ""외과"": 1, ""정형외과"": 5, ""진단검사의학과"": 1}","[""일반엑스선촬영장치"", ""MRI"", ""유방촬영장치"", ""골밀도검사기"", ""CT""]","[""간호간병통합서비스 제공기관""]"
JDQ4MTYyMiM1MSMkMSMkMCMkODkkMzgxMzUxIzExIyQyIyQ3IyQwMCQyNjE4MzIjNDEjJDEjJDQjJDgz,비에스종합병원,종합병원,"인천광역시 강화군 강화읍 충렬사로 31-0,",37.7360478,126.4859924,"[""내과"", ""신경과"", ""외과"", ""정형외과"", ""신경외과"", ""심장혈관흉부외과"", ""마취통증의학과"", ""산부인과"", ""안과"", ""비뇨의학과"", ""영상의학과"", ""진단검사의학과"", ""재활의학과"", ""가정의학과"", ""응급의학과"", ""치과교정과""]","{""가정의학과"": 1, ""내과"": 3, ""마취통증의학과"": 1, ""산부인과"": 1, ""신경과"": 1, ""신경외과"": 1, ""안과"": 1, ""영상의학과"": 1, ""외과"": 2, ""응급의학과"": 1, ""재활의학과"": 1, ""정형외과"": 2, ""진단검사의학과"": 1}","[""유방촬영장치"", ""CT"", ""일반엑스선촬영장치"", ""골밀도검사기"", ""MRI"", ""초음파영상진단기"", ""체외충격파쇄석기"", ""콘빔CT"", ""혈액투석을위한인공신장기"", ""인공호흡기"", ""분만감시기"", ""인큐베이터""]","[""성인 중환자실"", ""신생아 중환자실"", ""응급의료기관"", ""보훈위탁진료요양기관"", ""암환자(요루) 재택의료 시범기관"", ""간호간병통합서비스 제공기관"", ""HPV 국가예방접종사업 참여기관"", ""결핵환자 재택의료 시범기관""]"
JDQ4MTAxMiM1MSMkMSMkMCMkODkkMzgxMzUxIzExIyQxIyQzIyQ3MiQzNjEwMDIjNDEjJDEjJDgjJDgz,비에이치에스한서병원,종합병원,"부산광역시 수영구 수영로 615, (광안동)",35.1608800,129.1131037,"[""내과"", ""신경과"", ""정신건강의학과"", ""외과"", ""정형외과"", ""신경외과"", ""심장혈관흉부외과"", ""마취통증의학과"", ""산부인과"", ""소아청소년과"", ""이비인후과"", ""비뇨의학과"", ""영상의학과"", ""병리과"", ""진단검사의학과"", ""재활의학과"", ""가정의학과"", ""응급의학과"", ""통합치의학과""]","{""가정의학과"": 2, ""내과"": 16, ""마취통증의학과"": 1, ""병리과"": 1, ""비뇨의학과"": 2, ""산부인과"": 2, ""소아청소년과"": 2, ""신경과"": 2, ""신경외과"": 1, ""심장혈관흉부외과"": 2, ""영상의학과"": 3, ""외과"": 3, ""응급의학과"": 6, ""이비인후과"": 1, ""재활의학과"": 1, ""정신건강의학과"": 1, ""정형외과"": 3, ""진단검사의학과"": 1, ""통합치의학과"": 1}","[""초음파영상진단기"", ""유방촬영장치"", ""인큐베이터"", ""인공호흡기"", ""혈액투석을위한인공신장기"", ""CT"", ""일반엑스선촬영장치"", ""콘빔CT"", ""MRI"", ""골밀도검사기"", ""ECMO"", ""체외충격파쇄석기""]","[""HPV 국가예방접종사업 참여기관"", ""응급의료기관"", ""간호간병통합서비스 제공기관"", ""성인 중환자실""]"
JDQ4MTAxMiM1MSMkMSMkMCMkODkkMzgxMzUxIzExIyQxIyQzIyQ4MiQ0NjEwMDIjNDEjJDEjJDgjJDgz,빌리브세웅병원,종합병원,"부산광역시 동래구 충렬대로 455, (안락동)",35.1960144,129.1082196,"[""내과"", ""신경과"", ""외과"", ""정형외과"", ""신경외과"", ""성형외과"", ""마취통증의학과"", ""소아청소년과"", ""이비인후과"", ""피부과"", ""영상의학과"", ""진단검사의학과"", ""가정의학과""]","{""가정의학과"": 1, ""내과"": 7, ""마취통증의학과"": 1, ""성형외과"": 1, ""소아청소년과"": 1, ""신경과"": 1, ""신경외과"": 2, ""영상의학과"": 2, ""외과"": 1, ""응급의학과"": 1, ""정형외과"": 3, ""진단검사의학과"": 1}","[""일반엑스선촬영장치"", ""유방촬영장치"", ""초음파영상진단기"", ""골밀도검사기"", ""CT"", ""인공호흡기"", ""혈액투석을위한인공신장기"", ""MRI""]","[""HPV 국가예방접종사업 참여기관"", ""간호간병통합서비스 제공기관"", ""성인 중환자실""]"
JDQ4MTYyMiM3MSMkMSMkMCMkODkkMzgxMzUxIzExIyQxIyQ3IyQ3OSQ0NjEwMDIjNjEjJDEjJDQjJDgz,빛가람종합병원,종합병원,"전남광주통합특별시 나주시 정보화길 49-0,  (빛가람동)",35.0242155,126.7987186,"[""내과"", ""신경과"", ""외과"", ""정형외과"", ""신경외과"", ""마취통증의학과"", ""산부인과"", ""소아청소년과"", ""영상의학과"", ""진단검사의학과"", ""가정의학과""]","{""가정의학과"": 2, ""내과"": 5, ""마취통증의학과"": 1, ""산부인과"": 1, ""소아청소년과"": 1, ""신경과"": 1, ""신경외과"": 3, ""영상의학과"": 2, ""외과"": 1, ""정형외과"": 3, ""진단검사의학과"": 1}","[""유방촬영장치"", ""인공호흡기"", ""골밀도검사기"", ""CT"", ""혈액투석을위한인공신장기"", ""일반엑스선촬영장치"", ""MRI"", ""초음파영상진단기""]","[""응급의료기관""]"
JDQ4MTYyMiM3MSMkMSMkMCMkODkkMzgxMzUxIzExIyQxIyQzIyQxMyQzNjE0ODEjNTEjJDEjJDYjJDgz,빛고을전남대학교병원,종합병원,"전남광주통합특별시 남구 덕남길 80-0,  1동 (덕남동,전남대학교병원류마티스전문질환센터)",35.0941933,126.8961985,"[""내과"", ""신경과"", ""외과"", ""정형외과"", ""신경외과"", ""마취통증의학과"", ""산부인과"", ""소아청소년과"", ""비뇨의학과"", ""영상의학과"", ""병리과"", ""진단검사의학과"", ""재활의학과"", ""가정의학과""]","{""내과"": 3, ""산부인과"": 1, ""예방의학과"": 2, ""외과"": 1}","[""혈액투석을위한인공신장기"", ""일반엑스선촬영장치"", ""인공호흡기"", ""초음파영상진단기"", ""유방촬영장치"", ""골밀도검사기""]","[""성인 중환자실""]"
JDQ4MTAxMiM1MSMkMSMkMCMkODkkMzgxMzUxIzExIyQxIyQzIyQ5OSQyNjEyMjIjNjEjJDEjJDQjJDgz,삼육부산병원,종합병원,"부산광역시 서구 대티로 170, (서대신동2가)",35.1127675,129.0110653,"[""내과"", ""신경과"", ""정신건강의학과"", ""외과"", ""정형외과"", ""신경외과"", ""심장혈관흉부외과"", ""마취통증의학과"", ""산부인과"", ""소아청소년과"", ""안과"", ""이비인후과"", ""비뇨의학과"", ""영상의학과"", ""방사선종양학과"", ""병리과"", ""진단검사의학과"", ""재활의학과"", ""가정의학과"", ""응급의학과"", ""직업환경의학과"", ""구강악안면외과"", ""치과보철과"", ""치과교정과"", ""소아치과"", ""치주과"", ""치과보존과"", ""구강내과"", ""영상치의학과"", ""구강병리과"", ""예방치과""]","{""가정의학과"": 2, ""내과"": 13, ""마취통증의학과"": 1, ""병리과"": 1, ""비뇨의학과"": 1, ""산부인과"": 1, ""소아청소년과"": 1, ""신경과"": 2, ""신경외과"": 2, ""심장혈관흉부외과"": 1, ""안과"": 1, ""영상의학과"": 2, ""외과"": 3, ""응급의학과"": 8, ""이비인후과"": 1, ""재활의학과"": 2, ""정신건강의학과"": 1, ""정형외과"": 3, ""직업환경의학과"": 1, ""진단검사의학과"": 1}","[""일반엑스선촬영장치"", ""혈액투석을위한인공신장기"", ""인공호흡기"", ""체외충격파쇄석기"", ""유방촬영장치"", ""CT"", ""초음파영상진단기"", ""골밀도검사기"", ""MRI"", ""ECMO"", ""인큐베이터"", ""분만감시기"", ""콘빔CT""]","[""응급의료기관"", ""HPV 국가예방접종사업 참여기관"", ""간호간병통합서비스 제공기관"", ""성인 중환자실""]"
JDQ4MTg4MSM1MSMkMSMkMCMkODkkMzgxMzUxIzExIyQxIyQzIyQ4OSQzNjE0ODEjNDEjJDEjJDgjJDgz,삼육서울병원,종합병원,"서울특별시 동대문구 망우로 82, (휘경동)",37.5879909,127.0653065,"[""내과"", ""신경과"", ""정신건강의학과"", ""외과"", ""정형외과"", ""신경외과"", ""심장혈관흉부외과"", ""마취통증의학과"", ""산부인과"", ""소아청소년과"", ""안과"", ""이비인후과"", ""피부과"", ""비뇨의학과"", ""영상의학과"", ""병리과"", ""진단검사의학과"", ""재활의학과"", ""가정의학과"", ""응급의학과"", ""직업환경의학과"", ""통합치의학과""]","{""가정의학과"": 3, ""내과"": 29, ""마취통증의학과"": 3, ""병리과"": 1, ""비뇨의학과"": 3, ""산부인과"": 3, ""소아청소년과"": 3, ""신경과"": 3, ""신경외과"": 3, ""심장혈관흉부외과"": 2, ""안과"": 4, ""영상의학과"": 5, ""외과"": 5, ""응급의학과"": 6, ""이비인후과"": 2, ""재활의학과"": 4, ""정신건강의학과"": 3, ""정형외과"": 5, ""직업환경의학과"": 2, ""진단검사의학과"": 1, ""피부과"": 1, ""핵의학과"": 1}","[""골밀도검사기"", ""혈액투석을위한인공신장기"", ""CT"", ""체외충격파쇄석기"", ""일반엑스선촬영장치"", ""양전자단층촬영기 (PET)"", ""인공호흡기"", ""초음파영상진단기"", ""유방촬영장치"", ""ECMO"", ""분만감시기"", ""MRI"", ""인큐베이터""]","[""응급의료기관"", ""HPV 국가예방접종사업 참여기관"", ""개방병원"", ""경피적 좌심방이 폐색술 실시기관"", ""간호간병통합서비스 제공기관"", ""수면다원검사 실시기관"", ""성인 중환자실"", ""신생아 중환자실""]"
JDQ4MTYyMiM4MSMkMSMkMCMkODkkMzgxMzUxIzExIyQxIyQzIyQ3MiQyNjE4MzIjNDEjJDEjJDQjJDgz,삼일병원,종합병원,"대구광역시 달서구 월배로 436, 지하1,지상1~11층 (송현동)",35.8324956,128.5535826,"[""내과"", ""신경과"", ""외과"", ""정형외과"", ""신경외과"", ""성형외과"", ""마취통증의학과"", ""산부인과"", ""소아청소년과"", ""영상의학과"", ""진단검사의학과"", ""재활의학과"", ""가정의학과"", ""응급의학과""]","{""가정의학과"": 1, ""내과"": 7, ""마취통증의학과"": 4, ""산부인과"": 1, ""성형외과"": 1, ""소아청소년과"": 1, ""신경과"": 1, ""신경외과"": 1, ""영상의학과"": 5, ""외과"": 13, ""응급의학과"": 5, ""재활의학과"": 1, ""정형외과"": 2, ""진단검사의학과"": 1}","[""혈액투석을위한인공신장기"", ""CT"", ""일반엑스선촬영장치"", ""MRI"", ""유방촬영장치"", ""골밀도검사기"", ""초음파영상진단기"", ""인공호흡기""]","[""간호간병통합서비스 제공기관"", ""응급의료기관""]"
JDQ4MTYyMiM3MSMkMSMkMCMkODkkMzgxMzUxIzExIyQxIyQ3IyQ3OSQzNjE4MzIjODEjJDEjJDYjJDgz,상무병원,종합병원,"전남광주통합특별시 서구 상무자유로 181-7,  (치평동)",35.1527509,126.8538803,"[""내과"", ""신경과"", ""외과"", ""정형외과"", ""신경외과"", ""심장혈관흉부외과"", ""마취통증의학과"", ""소아청소년과"", ""이비인후과"", ""비뇨의학과"", ""영상의학과"", ""진단검사의학과"", ""응급의학과""]","{""내과"": 4, ""마취통증의학과"": 3, ""비뇨의학과"": 1, ""소아청소년과"": 1, ""신경과"": 1, ""신경외과"": 1, ""심장혈관흉부외과"": 1, ""영상의학과"": 1, ""외과"": 3, ""응급의학과"": 2, ""이비인후과"": 1, ""정형외과"": 4, ""진단검사의학과"": 1}","[""일반엑스선촬영장치"", ""유방촬영장치"", ""초음파영상진단기"", ""인공호흡기"", ""MRI"", ""체외충격파쇄석기"", ""CT"", ""골밀도검사기""]","[""응급의료기관"", ""간호간병통합서비스 제공기관"", ""HPV 국가예방접종사업 참여기관""]"
JDQ4MTYyMiM4MSMkMSMkMCMkODkkMzgxMzUxIzExIyQxIyQzIyQ2MiQyNjE0ODEjODEjJDEjJDIjJDgz,상주적십자병원,종합병원,"경상북도 상주시 상서문로 53,  (남성동)",36.4146221,128.1555556,"[""내과"", ""신경과"", ""외과"", ""정형외과"", ""신경외과"", ""마취통증의학과"", ""산부인과"", ""소아청소년과"", ""이비인후과"", ""비뇨의학과"", ""영상의학과"", ""진단검사의학과"", ""가정의학과"", ""응급의학과""]","{""가정의학과"": 2, ""내과"": 2, ""마취통증의학과"": 1, ""비뇨의학과"": 1, ""소아청소년과"": 1, ""신경과"": 1, ""신경외과"": 1, ""영상의학과"": 1, ""외과"": 2, ""이비인후과"": 1, ""정형외과"": 2, ""진단검사의학과"": 1}","[""골밀도검사기"", ""CT"", ""MRI"", ""분만감시기"", ""인공호흡기"", ""체외충격파쇄석기"", ""초음파영상진단기"", ""혈액투석을위한인공신장기"", ""일반엑스선촬영장치"", ""유방촬영장치"", ""인큐베이터""]","[""외국인 근로자 등 의료지원 사업시행 의료기관"", ""응급의료기관"", ""HPV 국가예방접종사업 참여기관"", ""간호간병통합서비스 제공기관"", ""성인 중환자실""]"
JDQ4MTYyMiM4MSMkMSMkNCMkODkkMzgxMzUxIzExIyQxIyQzIyQ5MiQyNjE0ODEjNTEjJDEjJDYjJDgz,새통영병원,종합병원,"경상남도 통영시 무전7길 192, (무전동)",34.8653483,128.4207171,"[""내과"", ""신경과"", ""외과"", ""정형외과"", ""신경외과"", ""마취통증의학과"", ""산부인과"", ""비뇨의학과"", ""영상의학과"", ""진단검사의학과""]","{""가정의학과"": 1, ""내과"": 4, ""마취통증의학과"": 1, ""비뇨의학과"": 1, ""산부인과"": 1, ""신경과"": 3, ""신경외과"": 1, ""영상의학과"": 2, ""외과"": 1, ""정형외과"": 3, ""진단검사의학과"": 1}","[""CT"", ""인공호흡기"", ""MRI"", ""초음파영상진단기"", ""혈액투석을위한인공신장기"", ""골밀도검사기"", ""체외충격파쇄석기"", ""일반엑스선촬영장치"", ""유방촬영장치""]","[""치매관리주치의 시범기관"", ""응급의료기관""]"
JDQ4MTYyMiM3MSMkMSMkMCMkODkkMzgxMzUxIzExIyQxIyQzIyQ5MiQyNjE4MzIjNDEjJDEjJDgjJDgz,서광병원,종합병원,"전남광주통합특별시 서구 금화로59번길 6,  (금호동)",35.1325949,126.8557303,"[""내과"", ""신경과"", ""정신건강의학과"", ""외과"", ""정형외과"", ""신경외과"", ""마취통증의학과"", ""산부인과"", ""소아청소년과"", ""비뇨의학과"", ""영상의학과"", ""진단검사의학과"", ""응급의학과""]","{""내과"": 6, ""마취통증의학과"": 1, ""비뇨의학과"": 1, ""산부인과"": 1, ""소아청소년과"": 1, ""신경외과"": 2, ""영상의학과"": 1, ""외과"": 3, ""응급의학과"": 5, ""정형외과"": 2, ""진단검사의학과"": 1}","[""유방촬영장치"", ""CT"", ""혈액투석을위한인공신장기"", ""일반엑스선촬영장치"", ""골밀도검사기"", ""MRI"", ""초음파영상진단기"", ""인공호흡기"", ""체외충격파쇄석기""]","[""성인 중환자실"", ""개방병원"", ""간호간병통합서비스 제공기관"", ""응급의료기관"", ""HPV 국가예방접종사업 참여기관""]"
JDQ4MTYyMiM3MSMkMSMkMCMkODkkMzgxMzUxIzExIyQyIyQzIyQwMCQyNjEyMjIjNTEjJDEjJDYjJDgz,서남대학교병원,종합병원,"전남광주통합특별시 동구 천변우로 415,  (불로동)",35.1447273,126.9150205,"[""내과"", ""외과"", ""정형외과"", ""신경외과"", ""마취통증의학과"", ""산부인과"", ""소아청소년과"", ""이비인후과"", ""영상의학과"", ""병리과"", ""치과""]",{},"[""초음파영상진단기"", ""인공호흡기"", ""인큐베이터""]",[]
JDQ4MTYyMiM2MSMkMSMkMiMkODkkMzgxMzUxIzExIyQxIyQzIyQ4OSQ0NjE0ODEjNDEjJDEjJDgjJDgz,서산중앙병원,종합병원,"충청남도 서산시 수석산업로 5, (수석동)",36.7810108,126.5034636,"[""내과"", ""신경과"", ""외과"", ""정형외과"", ""신경외과"", ""마취통증의학과"", ""산부인과"", ""소아청소년과"", ""비뇨의학과"", ""영상의학과"", ""진단검사의학과"", ""재활의학과"", ""가정의학과"", ""응급의학과"", ""구강악안면외과""]","{""가정의학과"": 1, ""구강악안면외과"": 1, ""내과"": 8, ""마취통증의학과"": 2, ""비뇨의학과"": 1, ""소아청소년과"": 1, ""신경과"": 2, ""신경외과"": 3, ""심장혈관흉부외과"": 1, ""영상의학과"": 3, ""외과"": 3, ""응급의학과"": 5, ""재활의학과"": 1, ""정형외과"": 5, ""진단검사의학과"": 1, ""통합치의학과"": 1}","[""초음파영상진단기"", ""일반엑스선촬영장치"", ""혈액투석을위한인공신장기"", ""CT"", ""체외충격파쇄석기"", ""유방촬영장치"", ""MRI"", ""골밀도검사기"", ""인공호흡기"", ""콘빔CT""]","[""응급의료기관"", ""결핵환자 재택의료 시범기관"", ""간호간병통합서비스 제공기관"", ""HPV 국가예방접종사업 참여기관"", ""성인 중환자실""]"
JDQ4MTYyMiM4MSMkMSMkNCMkODkkMzgxMzUxIzExIyQxIyQzIyQ4OSQzNjEwMDIjNDEjJDEjJDgjJDgz,서울산보람병원,종합병원,"울산광역시 울주군 삼남읍 중평로 53, 서울산보람병원",35.5597987,129.1210036,"[""내과"", ""외과"", ""정형외과"", ""신경외과"", ""마취통증의학과"", ""산부인과"", ""소아청소년과"", ""영상의학과"", ""병리과"", ""가정의학과"", ""응급의학과"", ""치과보철과"", ""치주과""]","{""가정의학과"": 1, ""마취통증의학과"": 1, ""병리과"": 1, ""산부인과"": 1, ""소아청소년과"": 1, ""신경외과"": 3, ""영상의학과"": 1, ""외과"": 1, ""응급의학과"": 3, ""정형외과"": 2}","[""콘빔CT"", ""CT"", ""골밀도검사기"", ""인공호흡기"", ""혈액투석을위한인공신장기"", ""일반엑스선촬영장치"", ""유방촬영장치"", ""초음파영상진단기"", ""체외충격파쇄석기"", ""MRI"", ""분만감시기""]","[""HPV 국가예방접종사업 참여기관"", ""응급의료기관"", ""보훈위탁진료요양기관""]"
JDQ4MTg4MSM1MSMkMSMkMCMkODkkMzgxMzUxIzExIyQxIyQzIyQxMyQyNjE0ODEjNzEjJDEjJDgjJDgz,서울성심병원,종합병원,"서울특별시 동대문구 왕산로 259, 서울성심병원 (청량리동)",37.5843076,127.0497296,"[""내과"", ""신경과"", ""정신건강의학과"", ""외과"", ""정형외과"", ""마취통증의학과"", ""산부인과"", ""소아청소년과"", ""영상의학과"", ""병리과"", ""진단검사의학과"", ""재활의학과"", ""치과교정과""]","{""내과"": 4, ""마취통증의학과"": 5, ""병리과"": 1, ""산부인과"": 2, ""소아청소년과"": 1, ""신경과"": 1, ""영상의학과"": 1, ""외과"": 3, ""정신건강의학과"": 1, ""정형외과"": 9, ""진단검사의학과"": 1}","[""유방촬영장치"", ""골밀도검사기"", ""초음파영상진단기"", ""CT"", ""일반엑스선촬영장치"", ""혈액투석을위한인공신장기"", ""MRI"", ""인공호흡기""]","[""응급의료기관"", ""HPV 국가예방접종사업 참여기관"", ""간호간병통합서비스 제공기관"", ""성인 중환자실""]"
JDQ4MTg4MSM1MSMkMSMkMCMkODkkMzgxMzUxIzExIyQxIyQzIyQ4OSQyNjE0ODEjODEjJDEjJDYjJDgz,서울적십자병원,종합병원,"서울특별시 종로구 새문안로 9, 적십자병원 (평동)",37.5671805,126.9669974,"[""내과"", ""신경과"", ""정신건강의학과"", ""외과"", ""정형외과"", ""마취통증의학과"", ""산부인과"", ""소아청소년과"", ""안과"", ""이비인후과"", ""피부과"", ""비뇨의학과"", ""영상의학과"", ""병리과"", ""진단검사의학과"", ""가정의학과"", ""응급의학과"", ""통합치의학과""]","{""가정의학과"": 2, ""내과"": 11, ""마취통증의학과"": 2, ""병리과"": 1, ""비뇨의학과"": 1, ""산부인과"": 2, ""소아청소년과"": 1, ""신경과"": 1, ""심장혈관흉부외과"": 1, ""안과"": 1, ""영상의학과"": 2, ""외과"": 3, ""응급의학과"": 1, ""이비인후과"": 1, ""정신건강의학과"": 1, ""정형외과"": 5, ""진단검사의학과"": 1, ""통합치의학과"": 1}","[""MRI"", ""일반엑스선촬영장치"", ""초음파영상진단기"", ""인공호흡기"", ""체외충격파쇄석기"", ""CT"", ""유방촬영장치"", ""혈액투석을위한인공신장기"", ""콘빔CT"", ""골밀도검사기""]","[""응급의료기관"", ""보훈위탁진료요양기관"", ""HPV 국가예방접종사업 참여기관"", ""결핵환자 재택의료 시범기관"", ""간호간병통합서비스 제공기관"", ""외국인 근로자 등 의료지원 사업시행 의료기관"", ""입원형 호스피스전문기관"", ""성인 중환자실""]"
JDQ4MTg4MSM1MSMkMSMkMCMkODkkMzgxMzUxIzExIyQxIyQzIyQ4OSQyNjE4MzIjNTEjJDEjJDYjJDgz,서울특별시 동부병원,종합병원,"서울특별시 동대문구 무학로 124, (용두동)",37.5753681,127.0313409,"[""내과"", ""신경과"", ""정신건강의학과"", ""외과"", ""정형외과"", ""마취통증의학과"", ""산부인과"", ""소아청소년과"", ""안과"", ""이비인후과"", ""비뇨의학과"", ""영상의학과"", ""병리과"", ""진단검사의학과"", ""재활의학과"", ""가정의학과"", ""응급의학과"", ""치과보철과"", ""소아치과"", ""치주과"", ""치과보존과"", ""구강내과"", ""통합치의학과""]","{""가정의학과"": 4, ""내과"": 5, ""마취통증의학과"": 2, ""비뇨의학과"": 1, ""산부인과"": 1, ""소아청소년과"": 1, ""신경과"": 2, ""안과"": 1, ""영상의학과"": 2, ""외과"": 1, ""응급의학과"": 2, ""이비인후과"": 1, ""정신건강의학과"": 1, ""정형외과"": 2, ""진단검사의학과"": 1, ""통합치의학과"": 1}","[""일반엑스선촬영장치"", ""MRI"", ""유방촬영장치"", ""골밀도검사기"", ""인큐베이터"", ""혈액투석을위한인공신장기"", ""CT"", ""체외충격파쇄석기"", ""초음파영상진단기"", ""인공호흡기""]","[""입원형 호스피스전문기관"", ""HPV 국가예방접종사업 참여기관"", ""응급의료기관"", ""간호간병통합서비스 제공기관"", ""측두하악관절자극요법 실시기관"", ""성인 중환자실""]"
JDQ4MTg4MSM1MSMkMSMkMCMkODkkMzgxMzUxIzExIyQxIyQzIyQ5OSQzNjE0ODEjODEjJDEjJDYjJDgz,서울특별시보라매병원,종합병원,"서울특별시 동작구 보라매로5길 20, (신대방동)",37.4934414,126.9239058,"[""내과"", ""신경과"", ""정신건강의학과"", ""외과"", ""정형외과"", ""신경외과"", ""심장혈관흉부외과"", ""성형외과"", ""마취통증의학과"", ""산부인과"", ""소아청소년과"", ""안과"", ""이비인후과"", ""피부과"", ""비뇨의학과"", ""영상의학과"", ""방사선종양학과"", ""병리과"", ""진단검사의학과"", ""재활의학과"", ""핵의학과"", ""가정의학과"", ""응급의학과"", ""직업환경의학과"", ""구강악안면외과"", ""치과보철과"", ""치과교정과"", ""치주과"", ""치과보존과""]","{""가정의학과"": 8, ""구강악안면외과"": 2, ""내과"": 65, ""마취통증의학과"": 12, ""방사선종양학과"": 4, ""병리과"": 7, ""비뇨의학과"": 6, ""산부인과"": 8, ""성형외과"": 3, ""소아청소년과"": 13, ""신경과"": 9, ""신경외과"": 6, ""심장혈관흉부외과"": 6, ""안과"": 7, ""영상의학과"": 21, ""예방의학과"": 2, ""외과"": 16, ""응급의학과"": 10, ""이비인후과"": 9, ""재활의학과"": 3, ""정신건강의학과"": 8, ""정형외과"": 19, ""직업환경의학과"": 1, ""진단검사의학과"": 5, ""치과교정과"": 1, ""치과보존과"": 1, ""치과보철과"": 1, ""치주과"": 1, ""피부과"": 3, ""핵의학과"": 2}","[""CT"", ""골밀도검사기"", ""초음파영상진단기"", ""혈액투석을위한인공신장기"", ""MRI"", ""인큐베이터"", ""일반엑스선촬영장치"", ""콘빔CT"", ""ECMO"", ""유방촬영장치"", ""인공호흡기"", ""체외충격파쇄석기"", ""분만감시기"", ""양전자단층촬영기 (PET)""]","[""인공와우 실시기관"", ""차세대염기서열분석 기반 유전자 패널검사 실시기관"", ""복막투석 환자 재택관리 시범기관"", ""외국인 근로자 등 의료지원 사업시행 의료기관"", ""신속대응시스템 시범기관"", ""선천성 악안면 기형의 치과교정 및 악정형 치료 실시기관"", ""경피적 좌심방이 폐색술 실시기관"", ""경피적 대동맥판삽입 실시기관"", ""난임시술(인공)"", ""간호간병통합서비스 제공기관"", ""측두하악관절자극요법 실시기관"", ""HPV 국가예방접종사업 참여기관"", ""수면다원검사 실시기관"", ""응급의료기관"", ""성인 중환자실"", ""신생아 중환자실""]"
JDQ4MTg4MSM1MSMkMSMkMCMkODkkMzgxMzUxIzExIyQyIyQ3IyQwMCQzNjE4MzIjNzEjJDEjJDgjJDgz,서울특별시서남병원,종합병원,"서울특별시 양천구 신정이펜1로 20, (신정동)",37.5120195,126.8331531,"[""내과"", ""신경과"", ""정신건강의학과"", ""외과"", ""정형외과"", ""신경외과"", ""심장혈관흉부외과"", ""마취통증의학과"", ""산부인과"", ""소아청소년과"", ""이비인후과"", ""비뇨의학과"", ""영상의학과"", ""병리과"", ""진단검사의학과"", ""재활의학과"", ""가정의학과"", ""응급의학과"", ""구강악안면외과""]","{""가정의학과"": 3, ""내과"": 12, ""마취통증의학과"": 2, ""병리과"": 1, ""비뇨의학과"": 1, ""산부인과"": 1, ""소아청소년과"": 2, ""신경과"": 2, ""신경외과"": 1, ""심장혈관흉부외과"": 1, ""영상의학과"": 3, ""외과"": 3, ""응급의학과"": 8, ""이비인후과"": 1, ""재활의학과"": 2, ""정형외과"": 6, ""진단검사의학과"": 1, ""치주과"": 1}","[""인공호흡기"", ""MRI"", ""콘빔CT"", ""ECMO"", ""일반엑스선촬영장치"", ""유방촬영장치"", ""골밀도검사기"", ""CT"", ""초음파영상진단기"", ""혈액투석을위한인공신장기""]","[""응급의료기관"", ""외국인 근로자 등 의료지원 사업시행 의료기관"", ""입원형 호스피스전문기관"", ""HPV 국가예방접종사업 참여기관"", ""측두하악관절자극요법 실시기관"", ""간호간병통합서비스 제공기관"", ""성인 중환자실""]"
JDQ4MTg4MSM1MSMkMSMkMCMkODkkMzgxMzUxIzExIyQyIyQ3IyQwMCQyNjEyMjIjNjEjJDEjJDgjJDgz,서울특별시서울의료원,종합병원,"서울특별시 중랑구 신내로 156, (신내동)",37.6132762,127.0978309,"[""내과"", ""신경과"", ""정신건강의학과"", ""외과"", ""정형외과"", ""신경외과"", ""심장혈관흉부외과"", ""성형외과"", ""마취통증의학과"", ""산부인과"", ""소아청소년과"", ""안과"", ""이비인후과"", ""피부과"", ""비뇨의학과"", ""영상의학과"", ""방사선종양학과"", ""병리과"", ""진단검사의학과"", ""재활의학과"", ""핵의학과"", ""가정의학과"", ""응급의학과"", ""직업환경의학과"", ""구강악안면외과"", ""치과보철과"", ""치과보존과"", ""침구과""]","{""가정의학과"": 7, ""결핵과"": 1, ""구강악안면외과"": 1, ""내과"": 39, ""마취통증의학과"": 5, ""방사선종양학과"": 1, ""병리과"": 3, ""비뇨의학과"": 4, ""산부인과"": 4, ""소아청소년과"": 9, ""신경과"": 7, ""신경외과"": 6, ""심장혈관흉부외과"": 2, ""안과"": 1, ""영상의학과"": 8, ""예방의학과"": 1, ""외과"": 11, ""응급의학과"": 15, ""이비인후과"": 3, ""재활의학과"": 3, ""정신건강의학과"": 5, ""정형외과"": 7, ""직업환경의학과"": 2, ""진단검사의학과"": 3, ""치과보철과"": 1, ""통합치의학과"": 1, ""피부과"": 2, ""핵의학과"": 1}","[""ECMO"", ""혈액투석을위한인공신장기"", ""콘빔CT"", ""골밀도검사기"", ""MRI"", ""일반엑스선촬영장치"", ""유방촬영장치"", ""양전자단층촬영기 (PET)"", ""인큐베이터"", ""분만감시기"", ""CT"", ""초음파영상진단기"", ""체외충격파쇄석기"", ""인공호흡기""]","[""외국인 근로자 등 의료지원 사업시행 의료기관"", ""수면다원검사 실시기관"", ""HPV 국가예방접종사업 참여기관"", ""응급의료기관"", ""난임시술(체외)"", ""난임시술(인공)"", ""간호간병통합서비스 제공기관"", ""측두하악관절자극요법 실시기관"", ""입원형 호스피스전문기관"", ""성인 중환자실"", ""신생아 중환자실""]"
JDQ4MTg4MSM1MSMkMSMkMCMkODkkMzgxMzUxIzExIyQxIyQ3IyQ2MiQyNjE4MzIjNDEjJDEjJDgjJDgz,서울현대병원,종합병원,"서울특별시 강북구 도봉로 374, (번동, 서울현대병원)",37.6402555,127.0285199,"[""내과"", ""신경과"", ""외과"", ""정형외과"", ""신경외과"", ""성형외과"", ""마취통증의학과"", ""산부인과"", ""영상의학과"", ""진단검사의학과"", ""가정의학과""]","{""가정의학과"": 2, ""내과"": 3, ""마취통증의학과"": 1, ""성형외과"": 1, ""신경과"": 1, ""신경외과"": 1, ""영상의학과"": 1, ""외과"": 1, ""정형외과"": 5, ""진단검사의학과"": 1}","[""골밀도검사기"", ""일반엑스선촬영장치"", ""유방촬영장치"", ""인공호흡기"", ""MRI"", ""혈액투석을위한인공신장기"", ""초음파영상진단기"", ""CT""]","[""간호간병통합서비스 제공기관"", ""성인 중환자실""]"
JDQ4MTYyMiM3MSMkMSMkMCMkODkkMzgxMzUxIzExIyQxIyQzIyQxMyQyNjEyMjIjNzEjJDEjJDgjJDgz,선한병원,종합병원,"전남광주통합특별시 서구 무진대로 975-0, (광천동)",35.1615964,126.8869934,"[""내과"", ""신경과"", ""외과"", ""정형외과"", ""신경외과"", ""마취통증의학과"", ""산부인과"", ""영상의학과"", ""진단검사의학과"", ""가정의학과""]","{""가정의학과"": 1, ""내과"": 4, ""마취통증의학과"": 2, ""산부인과"": 1, ""신경과"": 1, ""신경외과"": 4, ""영상의학과"": 1, ""외과"": 1, ""정형외과"": 3, ""진단검사의학과"": 1}","[""일반엑스선촬영장치"", ""CT"", ""골밀도검사기"", ""초음파영상진단기"", ""인공호흡기"", ""MRI"", ""유방촬영장치""]","[""간호간병통합서비스 제공기관"", ""비대면진료 시범사업 진료기관(의료기관)"", ""HPV 국가예방접종사업 참여기관""]"
JDQ4MTYyMiM3MSMkMSMkMCMkODkkMzgxMzUxIzExIyQyIyQzIyQwMCQyNjE4MzIjNDEjJDEjJDgjJDgz,성가롤로병원,종합병원,"전남광주통합특별시 순천시 순광로 221,  (조례동)",34.9647333,127.5437073,"[""내과"", ""신경과"", ""정신건강의학과"", ""외과"", ""정형외과"", ""신경외과"", ""심장혈관흉부외과"", ""성형외과"", ""마취통증의학과"", ""산부인과"", ""소아청소년과"", ""안과"", ""이비인후과"", ""피부과"", ""비뇨의학과"", ""영상의학과"", ""방사선종양학과"", ""병리과"", ""진단검사의학과"", ""재활의학과"", ""핵의학과"", ""가정의학과"", ""응급의학과"", ""구강악안면외과"", ""치과보철과"", ""소아치과"", ""치주과"", ""치과보존과"", ""구강내과"", ""구강병리과"", ""예방치과"", ""통합치의학과""]","{""가정의학과"": 5, ""내과"": 22, ""마취통증의학과"": 4, ""방사선종양학과"": 2, ""병리과"": 2, ""비뇨의학과"": 2, ""산부인과"": 4, ""소아청소년과"": 2, ""신경과"": 5, ""신경외과"": 3, ""심장혈관흉부외과"": 4, ""영상의학과"": 8, ""외과"": 6, ""응급의학과"": 15, ""이비인후과"": 3, ""재활의학과"": 1, ""정신건강의학과"": 1, ""정형외과"": 5, ""진단검사의학과"": 1, ""치과보철과"": 1, ""핵의학과"": 1}","[""인공호흡기"", ""혈액투석을위한인공신장기"", ""콘빔CT"", ""CT"", ""인큐베이터"", ""체외충격파쇄석기"", ""유방촬영장치"", ""분만감시기"", ""MRI"", ""초음파영상진단기"", ""양전자단층촬영기 (PET)"", ""ECMO"", ""일반엑스선촬영장치"", ""골밀도검사기""]","[""성인 중환자실"", ""입원형 호스피스전문기관"", ""응급의료기관"", ""경피적 대동맥판삽입 실시기관"", ""간호간병통합서비스 제공기관"", ""보훈위탁진료요양기관"", ""HPV 국가예방접종사업 참여기관"", ""가정간호실시기관"", ""인공와우 실시기관"", ""결핵환자 재택의료 시범기관""]"
JDQ4MTYyMiM1MSMkMSMkMCMkODkkMzgxMzUxIzExIyQyIyQ3IyQwMCQzNjEyMjIjNjEjJDEjJDAjJDgz,성남시의료원,종합병원,"경기도 성남시 수정구 수정로171번길 10, 성남시의료원 (태평동)",37.4449939,127.1390646,"[""내과"", ""신경과"", ""정신건강의학과"", ""외과"", ""정형외과"", ""신경외과"", ""심장혈관흉부외과"", ""마취통증의학과"", ""산부인과"", ""소아청소년과"", ""안과"", ""이비인후과"", ""피부과"", ""비뇨의학과"", ""영상의학과"", ""병리과"", ""진단검사의학과"", ""재활의학과"", ""가정의학과"", ""응급의학과"", ""소아치과"", ""치주과"", ""통합치의학과"", ""침구과""]","{""가정의학과"": 2, ""내과"": 16, ""마취통증의학과"": 3, ""병리과"": 1, ""비뇨의학과"": 2, ""산부인과"": 1, ""소아청소년과"": 1, ""소아치과"": 1, ""신경과"": 3, ""신경외과"": 2, ""심장혈관흉부외과"": 1, ""안과"": 1, ""영상의학과"": 5, ""외과"": 4, ""응급의학과"": 7, ""이비인후과"": 1, ""재활의학과"": 3, ""정신건강의학과"": 1, ""정형외과"": 2, ""진단검사의학과"": 1, ""치주과"": 1, ""침구과"": 1, ""통합치의학과"": 1, ""피부과"": 1}","[""일반엑스선촬영장치"", ""혈액투석을위한인공신장기"", ""초음파영상진단기"", ""인큐베이터"", ""인공호흡기"", ""체외충격파쇄석기"", ""CT"", ""골밀도검사기"", ""콘빔CT"", ""ECMO"", ""분만감시기"", ""유방촬영장치"", ""MRI""]","[""성인 중환자실"", ""가정간호실시기관"", ""응급의료기관"", ""외국인 근로자 등 의료지원 사업시행 의료기관"", ""HPV 국가예방접종사업 참여기관"", ""간호간병통합서비스 제공기관"", ""일차의료 방문진료 수가 시범기관"", ""의·한협진 활성화를 위한 5단계 시범기관"", ""입원형 호스피스전문기관""]"
JDQ4MTYyMiM1MSMkMSMkMCMkODkkMzgxMzUxIzExIyQxIyQzIyQ3OSQzNjE4MzIjNjEjJDEjJDAjJDgz,성남중앙병원,종합병원,"경기도 성남시 중원구 산성대로476번길 12, (금광동)",37.4528497,127.1619932,"[""내과"", ""신경과"", ""외과"", ""정형외과"", ""신경외과"", ""마취통증의학과"", ""산부인과"", ""소아청소년과"", ""이비인후과"", ""비뇨의학과"", ""영상의학과"", ""병리과"", ""가정의학과"", ""응급의학과"", ""구강악안면외과"", ""치과보철과"", ""소아치과"", ""치주과"", ""치과보존과"", ""구강내과"", ""영상치의학과"", ""구강병리과"", ""예방치과""]","{""가정의학과"": 1, ""내과"": 4, ""마취통증의학과"": 1, ""병리과"": 1, ""비뇨의학과"": 1, ""산부인과"": 1, ""소아청소년과"": 1, ""신경외과"": 1, ""영상의학과"": 3, ""외과"": 2, ""정형외과"": 2, ""치과보철과"": 1}","[""체외충격파쇄석기"", ""일반엑스선촬영장치"", ""유방촬영장치"", ""초음파영상진단기"", ""MRI"", ""인공호흡기"", ""혈액투석을위한인공신장기"", ""골밀도검사기"", ""인큐베이터"", ""CT""]","[""응급의료기관"", ""측두하악관절자극요법 실시기관"", ""보훈위탁진료요양기관"", ""간호간병통합서비스 제공기관"", ""HPV 국가예방접종사업 참여기관""]"
JDQ4MTg4MSM1MSMkMSMkMCMkODkkMzgxMzUxIzExIyQxIyQzIyQ5MiQyNjEyMjIjODEjJDEjJDYjJDgz,성심의료재단강동성심병원,종합병원,"서울특별시 강동구 성안로 150, (길동)",37.5359971,127.1353780,"[""내과"", ""신경과"", ""정신건강의학과"", ""외과"", ""정형외과"", ""신경외과"", ""심장혈관흉부외과"", ""성형외과"", ""마취통증의학과"", ""산부인과"", ""소아청소년과"", ""안과"", ""이비인후과"", ""피부과"", ""비뇨의학과"", ""영상의학과"", ""방사선종양학과"", ""병리과"", ""진단검사의학과"", ""재활의학과"", ""가정의학과"", ""응급의학과"", ""구강악안면외과"", ""치과보철과"", ""치과교정과""]","{""가정의학과"": 3, ""구강악안면외과"": 1, ""내과"": 52, ""마취통증의학과"": 9, ""방사선종양학과"": 1, ""병리과"": 2, ""비뇨의학과"": 5, ""산부인과"": 2, ""성형외과"": 4, ""소아청소년과"": 6, ""신경과"": 6, ""신경외과"": 6, ""심장혈관흉부외과"": 2, ""안과"": 5, ""영상의학과"": 9, ""외과"": 9, ""응급의학과"": 10, ""이비인후과"": 3, ""재활의학과"": 2, ""정신건강의학과"": 5, ""정형외과"": 6, ""진단검사의학과"": 4, ""치과보철과"": 1, ""통합치의학과"": 1, ""피부과"": 2, ""핵의학과"": 1}","[""초음파영상진단기"", ""콘빔CT"", ""분만감시기"", ""골밀도검사기"", ""일반엑스선촬영장치"", ""유방촬영장치"", ""CT"", ""혈액투석을위한인공신장기"", ""ECMO"", ""양전자단층촬영기 (PET)"", ""MRI"", ""인공호흡기"", ""인큐베이터"", ""체외충격파쇄석기""]","[""인공와우 실시기관"", ""수면다원검사 실시기관"", ""HPV 국가예방접종사업 참여기관"", ""치매관리주치의 시범기관"", ""심장질환자 재택의료 시범기관"", ""측두하악관절자극요법 실시기관"", ""응급의료기관"", ""난임시술(인공)"", ""간호간병통합서비스 제공기관"", ""가정간호실시기관"", ""복막투석 환자 재택관리 시범기관"", ""차세대염기서열분석 기반 유전자 패널검사 실시기관"", ""성인 중환자실"", ""신생아 중환자실""]"
JDQ4MTg4MSM1MSMkMSMkMCMkODkkMzgxMzUxIzExIyQyIyQzIyQwMCQ0NjEwMDIjNzEjJDEjJDgjJDgz,성애의료재단 성애병원,종합병원,"서울특별시 영등포구 여의대방로53길 22, (신길동, 성애병원)",37.5120274,126.9225003,"[""내과"", ""신경과"", ""정신건강의학과"", ""외과"", ""정형외과"", ""신경외과"", ""성형외과"", ""마취통증의학과"", ""산부인과"", ""소아청소년과"", ""안과"", ""이비인후과"", ""피부과"", ""비뇨의학과"", ""영상의학과"", ""병리과"", ""진단검사의학과"", ""재활의학과"", ""가정의학과"", ""응급의학과"", ""구강악안면외과"", ""치과보철과"", ""치주과"", ""치과보존과""]","{""가정의학과"": 3, ""구강악안면외과"": 1, ""내과"": 15, ""마취통증의학과"": 4, ""병리과"": 1, ""비뇨의학과"": 1, ""산부인과"": 2, ""소아청소년과"": 4, ""신경과"": 2, ""신경외과"": 1, ""안과"": 1, ""영상의학과"": 3, ""외과"": 2, ""응급의학과"": 7, ""이비인후과"": 1, ""재활의학과"": 1, ""정신건강의학과"": 1, ""정형외과"": 5, ""진단검사의학과"": 1, ""피부과"": 1}","[""일반엑스선촬영장치"", ""유방촬영장치"", ""CT"", ""MRI"", ""초음파영상진단기"", ""인공호흡기"", ""체외충격파쇄석기"", ""분만감시기"", ""혈액투석을위한인공신장기"", ""인큐베이터"", ""골밀도검사기"", ""콘빔CT""]","[""응급의료기관"", ""외국인 근로자 등 의료지원 사업시행 의료기관"", ""HPV 국가예방접종사업 참여기관"", ""간호간병통합서비스 제공기관"", ""성인 중환자실"", ""신생아 중환자실""]"
JDQ4MTg4MSM1MSMkMSMkMCMkODkkMzgxMzUxIzExIyQxIyQ3IyQ3OSQzNjEwMDIjODEjJDEjJDYjJDgz,세란병원,종합병원,"서울특별시 종로구 통일로 256, (무악동)",37.5751835,126.9574606,"[""내과"", ""신경과"", ""외과"", ""정형외과"", ""신경외과"", ""성형외과"", ""마취통증의학과"", ""산부인과"", ""소아청소년과"", ""안과"", ""비뇨의학과"", ""영상의학과"", ""진단검사의학과"", ""가정의학과"", ""응급의학과"", ""구강악안면외과"", ""치과보철과"", ""치과교정과"", ""소아치과"", ""치주과"", ""치과보존과"", ""구강내과"", ""영상치의학과"", ""구강병리과"", ""예방치과"", ""통합치의학과""]","{""가정의학과"": 3, ""구강악안면외과"": 1, ""내과"": 6, ""마취통증의학과"": 3, ""비뇨의학과"": 1, ""산부인과"": 1, ""성형외과"": 2, ""신경과"": 5, ""신경외과"": 5, ""안과"": 2, ""영상의학과"": 7, ""외과"": 6, ""응급의학과"": 4, ""정형외과"": 9, ""진단검사의학과"": 1}","[""MRI"", ""초음파영상진단기"", ""골밀도검사기"", ""일반엑스선촬영장치"", ""유방촬영장치"", ""인공호흡기"", ""CT"", ""양전자단층촬영기 (PET)"", ""콘빔CT""]","[""응급의료기관"", ""수면다원검사 실시기관""]"
JDU4MTI3MSM1MSMkMSMkNCMkODkkMzgxMzUxIzExIyQxIyQzIyQ3OSQyNjEwMDIjNDEjJDEjJDgjJDgz,세종여주병원,종합병원,"경기도 여주시 청심로 39, 세종여주병원 (하동)",37.3014840,127.6253003,"[""내과"", ""신경과"", ""외과"", ""정형외과"", ""신경외과"", ""마취통증의학과"", ""소아청소년과"", ""안과"", ""영상의학과"", ""진단검사의학과"", ""재활의학과"", ""응급의학과""]","{""내과"": 7, ""마취통증의학과"": 1, ""소아청소년과"": 1, ""신경외과"": 1, ""안과"": 2, ""영상의학과"": 1, ""외과"": 2, ""응급의학과"": 4, ""재활의학과"": 1, ""정형외과"": 4, ""진단검사의학과"": 1}","[""인공호흡기"", ""혈액투석을위한인공신장기"", ""골밀도검사기"", ""MRI"", ""일반엑스선촬영장치"", ""초음파영상진단기"", ""유방촬영장치"", ""CT""]","[""간호간병통합서비스 제공기관"", ""응급의료기관"", ""HPV 국가예방접종사업 참여기관"", ""보훈위탁진료요양기관""]"
JDQ4MTYyMiM2MSMkMSMkMiMkODkkMzgxMzUxIzExIyQxIyQzIyQ2MiQyNjEwMDIjNjEjJDEjJDQjJDgz,세종충남대학교병원,종합병원,"세종특별자치시 보듬7로 20, 세종충남대학교병원 (도담동)",36.5195133,127.2579427,"[""내과"", ""신경과"", ""정신건강의학과"", ""외과"", ""정형외과"", ""신경외과"", ""심장혈관흉부외과"", ""성형외과"", ""마취통증의학과"", ""산부인과"", ""소아청소년과"", ""안과"", ""이비인후과"", ""피부과"", ""비뇨의학과"", ""영상의학과"", ""방사선종양학과"", ""병리과"", ""진단검사의학과"", ""재활의학과"", ""핵의학과"", ""가정의학과"", ""응급의학과"", ""구강악안면외과""]","{""가정의학과"": 5, ""구강악안면외과"": 1, ""내과"": 29, ""마취통증의학과"": 7, ""방사선종양학과"": 2, ""병리과"": 2, ""비뇨의학과"": 3, ""산부인과"": 6, ""성형외과"": 3, ""소아청소년과"": 15, ""신경과"": 4, ""신경외과"": 3, ""심장혈관흉부외과"": 1, ""안과"": 3, ""영상의학과"": 4, ""예방의학과"": 1, ""외과"": 6, ""응급의학과"": 12, ""이비인후과"": 3, ""재활의학과"": 2, ""정신건강의학과"": 2, ""정형외과"": 5, ""진단검사의학과"": 2, ""치과보철과"": 1, ""피부과"": 1, ""핵의학과"": 1}","[""CT"", ""MRI"", ""유방촬영장치"", ""골밀도검사기"", ""ECMO"", ""혈액투석을위한인공신장기"", ""분만감시기"", ""양전자단층촬영기 (PET)"", ""일반엑스선촬영장치"", ""체외충격파쇄석기"", ""초음파영상진단기"", ""콘빔CT"", ""인큐베이터"", ""인공호흡기""]","[""인공와우 실시기관"", ""수면다원검사 실시기관"", ""외국인 근로자 등 의료지원 사업시행 의료기관"", ""간호간병통합서비스 제공기관"", ""난임시술(체외)"", ""난임시술(인공)"", ""응급의료기관"", ""HPV 국가예방접종사업 참여기관"", ""신속대응시스템 시범기관"", ""복막투석 환자 재택관리 시범기관"", ""심장질환자 재택의료 시범기관"", ""성인 중환자실"", ""신생아 중환자실""]"
JDQ4MTYyMiM1MSMkMSMkMCMkODkkMzgxMzUxIzExIyQxIyQ3IyQ3OSQzNjE0ODEjNjEjJDEjJDgjJDgz,순천의료재단 성남정병원,종합병원,"경기도 성남시 수정구 수정로 76, 지하3~9층 (수진동)",37.4398589,127.1290046,"[""내과"", ""신경과"", ""외과"", ""정형외과"", ""신경외과"", ""마취통증의학과"", ""산부인과"", ""소아청소년과"", ""영상의학과"", ""진단검사의학과"", ""재활의학과"", ""응급의학과""]","{""가정의학과"": 3, ""내과"": 4, ""마취통증의학과"": 2, ""소아청소년과"": 1, ""신경과"": 1, ""신경외과"": 1, ""심장혈관흉부외과"": 1, ""영상의학과"": 1, ""외과"": 1, ""응급의학과"": 1, ""정형외과"": 8, ""진단검사의학과"": 1}","[""혈액투석을위한인공신장기"", ""유방촬영장치"", ""초음파영상진단기"", ""일반엑스선촬영장치"", ""CT"", ""인공호흡기"", ""골밀도검사기"", ""MRI""]","[""성인 중환자실"", ""응급의료기관"", ""간호간병통합서비스 제공기관""]"
JDQ4MTYyMiM3MSMkMSMkMCMkODkkMzgxMzUxIzExIyQxIyQzIyQ5OSQzNjEwMDIjNDEjJDEjJDgjJDgz,순천중앙병원,종합병원,"전남광주통합특별시 순천시 장명로 5,  (장천동)",34.9514574,127.4844458,"[""내과"", ""신경과"", ""외과"", ""정형외과"", ""마취통증의학과"", ""소아청소년과"", ""영상의학과"", ""진단검사의학과""]","{""내과"": 3, ""마취통증의학과"": 1, ""소아청소년과"": 1, ""신경과"": 1, ""영상의학과"": 1, ""외과"": 1, ""응급의학과"": 1, ""정형외과"": 2, ""진단검사의학과"": 1}","[""일반엑스선촬영장치"", ""골밀도검사기"", ""CT"", ""MRI"", ""혈액투석을위한인공신장기"", ""초음파영상진단기"", ""인공호흡기"", ""유방촬영장치""]","[""개방병원"", ""간호간병통합서비스 제공기관"", ""HPV 국가예방접종사업 참여기관"", ""치매관리주치의 시범기관"", ""응급의료기관""]"
JDQ4MTYyMiM4MSMkMSMkMCMkODkkMzgxMzUxIzExIyQxIyQzIyQ2MiQzNjE0ODEjNDEjJDEjJDgjJDgz,순천향대학교 부속 구미병원,종합병원,"경상북도 구미시 1공단로 179,  (공단동)",36.1029182,128.3827377,"[""내과"", ""신경과"", ""정신건강의학과"", ""외과"", ""정형외과"", ""신경외과"", ""심장혈관흉부외과"", ""성형외과"", ""마취통증의학과"", ""산부인과"", ""소아청소년과"", ""안과"", ""이비인후과"", ""피부과"", ""비뇨의학과"", ""영상의학과"", ""병리과"", ""진단검사의학과"", ""재활의학과"", ""가정의학과"", ""응급의학과"", ""직업환경의학과"", ""통합치의학과""]","{""가정의학과"": 2, ""내과"": 13, ""마취통증의학과"": 3, ""병리과"": 2, ""비뇨의학과"": 2, ""산부인과"": 1, ""성형외과"": 3, ""소아청소년과"": 8, ""신경과"": 3, ""신경외과"": 3, ""심장혈관흉부외과"": 1, ""안과"": 1, ""영상의학과"": 5, ""예방의학과"": 1, ""외과"": 3, ""응급의학과"": 8, ""이비인후과"": 2, ""재활의학과"": 1, ""정신건강의학과"": 1, ""정형외과"": 4, ""직업환경의학과"": 6, ""진단검사의학과"": 1, ""통합치의학과"": 2}","[""골밀도검사기"", ""초음파영상진단기"", ""MRI"", ""인공호흡기"", ""유방촬영장치"", ""분만감시기"", ""CT"", ""ECMO"", ""체외충격파쇄석기"", ""혈액투석을위한인공신장기"", ""인큐베이터"", ""일반엑스선촬영장치""]","[""복막투석 환자 재택관리 시범기관"", ""간호간병통합서비스 제공기관"", ""보훈위탁진료요양기관"", ""응급의료기관"", ""결핵환자 재택의료 시범기관"", ""HPV 국가예방접종사업 참여기관"", ""수면다원검사 실시기관"", ""성인 중환자실""]"
JDQ4MTg4MSM1MSMkMSMkMCMkODkkMzgxMzUxIzExIyQxIyQzIyQ5OSQyNjEyMjIjNTEjJDEjJDIjJDgz,순천향대학교 부속 서울병원,종합병원,"서울특별시 용산구 대사관로 59, (한남동)",37.5338040,127.0042579,"[""내과"", ""신경과"", ""정신건강의학과"", ""외과"", ""정형외과"", ""신경외과"", ""심장혈관흉부외과"", ""성형외과"", ""마취통증의학과"", ""산부인과"", ""소아청소년과"", ""안과"", ""이비인후과"", ""피부과"", ""비뇨의학과"", ""영상의학과"", ""방사선종양학과"", ""병리과"", ""진단검사의학과"", ""재활의학과"", ""핵의학과"", ""가정의학과"", ""응급의학과"", ""직업환경의학과"", ""예방의학과"", ""구강악안면외과"", ""치과보철과"", ""치과교정과"", ""소아치과"", ""치주과"", ""치과보존과"", ""구강내과"", ""영상치의학과"", ""구강병리과"", ""예방치과""]","{""가정의학과"": 5, ""구강악안면외과"": 1, ""내과"": 60, ""마취통증의학과"": 10, ""방사선종양학과"": 2, ""병리과"": 7, ""비뇨의학과"": 6, ""산부인과"": 7, ""성형외과"": 4, ""소아청소년과"": 14, ""신경과"": 8, ""신경외과"": 6, ""심장혈관흉부외과"": 7, ""안과"": 9, ""영상의학과"": 13, ""예방의학과"": 1, ""외과"": 10, ""응급의학과"": 13, ""이비인후과"": 6, ""재활의학과"": 3, ""정신건강의학과"": 5, ""정형외과"": 14, ""직업환경의학과"": 2, ""진단검사의학과"": 6, ""치과교정과"": 1, ""치과보존과"": 1, ""치과보철과"": 1, ""피부과"": 3, ""핵의학과"": 2}","[""콘빔CT"", ""종양치료기 (Cyber Knife)"", ""인큐베이터"", ""골밀도검사기"", ""일반엑스선촬영장치"", ""체외충격파쇄석기"", ""MRI"", ""ECMO"", ""CT"", ""혈액투석을위한인공신장기"", ""양전자단층촬영기 (PET)"", ""인공호흡기"", ""초음파영상진단기"", ""분만감시기"", ""유방촬영장치""]","[""(정신질환)병원기반 시범기관"", ""암환자 재택의료 시범기관"", ""조혈모세포이식 실시기관"", ""신속대응시스템 시범기관"", ""응급의료기관"", ""차세대염기서열분석 기반 유전자 패널검사 실시기관"", ""수면다원검사 실시기관"", ""복막투석 환자 재택관리 시범기관"", ""인공와우 실시기관"", ""간호간병통합서비스 제공기관"", ""개방병원"", ""측두하악관절자극요법 실시기관"", ""HPV 국가예방접종사업 참여기관"", ""암환자(요루) 재택의료 시범기관"", ""성인 중환자실"", ""신생아 중환자실""]"
JDQ4MTYyMiM2MSMkMSMkMiMkODkkMzgxMzUxIzExIyQxIyQzIyQ5OSQ0NjEwMDIjNjEjJDEjJDgjJDgz,순천향대학교부속 천안병원,종합병원,"충청남도 천안시 동남구 순천향6길 31,  5동 (봉명동,순천향대학교병원)",36.8027381,127.1358588,"[""내과"", ""신경과"", ""정신건강의학과"", ""외과"", ""정형외과"", ""신경외과"", ""심장혈관흉부외과"", ""성형외과"", ""마취통증의학과"", ""산부인과"", ""소아청소년과"", ""안과"", ""이비인후과"", ""피부과"", ""비뇨의학과"", ""영상의학과"", ""방사선종양학과"", ""병리과"", ""진단검사의학과"", ""재활의학과"", ""핵의학과"", ""가정의학과"", ""응급의학과"", ""직업환경의학과"", ""구강악안면외과"", ""치과보철과"", ""치주과""]","{""가정의학과"": 6, ""구강악안면외과"": 1, ""내과"": 62, ""마취통증의학과"": 14, ""방사선종양학과"": 3, ""병리과"": 1, ""비뇨의학과"": 6, ""산부인과"": 8, ""성형외과"": 5, ""소아청소년과"": 21, ""신경과"": 5, ""신경외과"": 6, ""심장혈관흉부외과"": 4, ""안과"": 5, ""영상의학과"": 11, ""예방의학과"": 1, ""외과"": 19, ""응급의학과"": 12, ""이비인후과"": 5, ""재활의학과"": 2, ""정신건강의학과"": 6, ""정형외과"": 7, ""직업환경의학과"": 8, ""진단검사의학과"": 3, ""치과보철과"": 1, ""통합치의학과"": 2, ""피부과"": 4, ""핵의학과"": 4}","[""유방촬영장치"", ""CT"", ""골밀도검사기"", ""혈액투석을위한인공신장기"", ""MRI"", ""분만감시기"", ""인공호흡기"", ""체외충격파쇄석기"", ""일반엑스선촬영장치"", ""양전자단층촬영기 (PET)"", ""초음파영상진단기"", ""인큐베이터"", ""ECMO"", ""콘빔CT""]","[""HPV 국가예방접종사업 참여기관"", ""심장질환자 재택의료 시범기관"", ""응급의료기관"", ""차세대염기서열분석 기반 유전자 패널검사 실시기관"", ""인공와우 실시기관"", ""복막투석 환자 재택관리 시범기관"", ""재활환자 재택의료 시범기관"", ""자문형 호스피스전문기관"", ""수면다원검사 실시기관"", ""치매관리주치의 시범기관"", ""결핵환자 재택의료 시범기관"", ""경피적 대동맥판삽입 실시기관"", ""간호간병통합서비스 제공기관"", ""측두하악관절자극요법 실시기관"", ""신속대응시스템 시범기관"", ""(정신질환)낮병동 시범기관"", ""1형 당뇨병 환자 재택의료 시범기관"", ""성인 중환자실"", ""신생아 중환자실""]"
JDQ4MTYyMiM3MSMkMSMkMCMkODkkMzgxMzUxIzExIyQxIyQzIyQ3MiQyNjEyMjIjODEjJDEjJDIjJDgz,신가병원,종합병원,"전남광주통합특별시 광산구 목련로 316,  (신가동)",35.1774148,126.8296527,"[""내과"", ""신경과"", ""외과"", ""정형외과"", ""신경외과"", ""마취통증의학과"", ""산부인과"", ""영상의학과"", ""진단검사의학과"", ""재활의학과"", ""응급의학과""]","{""내과"": 4, ""마취통증의학과"": 2, ""산부인과"": 1, ""신경과"": 1, ""신경외과"": 2, ""영상의학과"": 3, ""외과"": 1, ""응급의학과"": 4, ""재활의학과"": 2, ""정형외과"": 2, ""진단검사의학과"": 1}","[""MRI"", ""인공호흡기"", ""유방촬영장치"", ""초음파영상진단기"", ""일반엑스선촬영장치"", ""CT"", ""혈액투석을위한인공신장기"", ""골밀도검사기"", ""체외충격파쇄석기""]","[""HPV 국가예방접종사업 참여기관"", ""결핵환자 재택의료 시범기관"", ""간호간병통합서비스 제공기관"", ""응급의료기관""]"
JDQ4MTg4MSM1MSMkMSMkMCMkODkkMzgxMzUxIzExIyQxIyQ3IyQ5OSQzNjE0ODEjNjEjJDEjJDQjJDgz,씨엠병원,종합병원,"서울특별시 영등포구 영등포로36길 13, (영등포동4가, 충무병원)",37.5188597,126.9041862,"[""내과"", ""신경과"", ""외과"", ""정형외과"", ""신경외과"", ""성형외과"", ""마취통증의학과"", ""산부인과"", ""영상의학과"", ""진단검사의학과""]","{""내과"": 5, ""마취통증의학과"": 1, ""산부인과"": 1, ""성형외과"": 1, ""신경과"": 1, ""신경외과"": 1, ""영상의학과"": 2, ""외과"": 2, ""정형외과"": 11, ""진단검사의학과"": 1}","[""일반엑스선촬영장치"", ""유방촬영장치"", ""골밀도검사기"", ""인공호흡기"", ""초음파영상진단기"", ""MRI"", ""CT""]","[""응급의료기관""]"
JDQ4MTYyMiM2MSMkMSMkMiMkODkkMzgxMzUxIzExIyQyIyQzIyQwMCQzNjE0ODEjNTEjJDEjJDIjJDgz,아산충무병원,종합병원,"충청남도 아산시 문화로 381,  (모종동)",36.7792647,127.0198062,"[""내과"", ""신경과"", ""정신건강의학과"", ""외과"", ""정형외과"", ""신경외과"", ""심장혈관흉부외과"", ""마취통증의학과"", ""산부인과"", ""소아청소년과"", ""안과"", ""이비인후과"", ""피부과"", ""비뇨의학과"", ""영상의학과"", ""진단검사의학과"", ""재활의학과"", ""가정의학과"", ""응급의학과"", ""직업환경의학과"", ""구강악안면외과"", ""치과보철과"", ""치과교정과"", ""소아치과"", ""치주과"", ""치과보존과"", ""구강내과"", ""영상치의학과"", ""구강병리과"", ""예방치과""]","{""가정의학과"": 4, ""내과"": 16, ""마취통증의학과"": 4, ""비뇨의학과"": 2, ""산부인과"": 1, ""성형외과"": 1, ""소아청소년과"": 4, ""신경과"": 1, ""신경외과"": 5, ""안과"": 1, ""영상의학과"": 3, ""예방의학과"": 1, ""외과"": 3, ""응급의학과"": 8, ""이비인후과"": 2, ""재활의학과"": 1, ""정신건강의학과"": 1, ""정형외과"": 4, ""직업환경의학과"": 1, ""진단검사의학과"": 2, ""피부과"": 1}","[""인공호흡기"", ""MRI"", ""초음파영상진단기"", ""ECMO"", ""체외충격파쇄석기"", ""콘빔CT"", ""혈액투석을위한인공신장기"", ""일반엑스선촬영장치"", ""유방촬영장치"", ""CT"", ""골밀도검사기""]","[""보훈위탁진료요양기관"", ""HPV 국가예방접종사업 참여기관"", ""소아 야간·휴일진료기관"", ""결핵환자 재택의료 시범기관"", ""간호간병통합서비스 제공기관"", ""응급의료기관"", ""성인 중환자실""]"
JDQ4MTYyMiM4MSMkMSMkMCMkODkkMzgxMzUxIzExIyQxIyQzIyQ4OSQyNjEwMDIjNjEjJDEjJDAjJDgz,안동성소병원,종합병원,"경상북도 안동시 서동문로 99,  (금곡동)",36.5672422,128.7228172,"[""내과"", ""신경과"", ""정신건강의학과"", ""외과"", ""정형외과"", ""신경외과"", ""심장혈관흉부외과"", ""성형외과"", ""마취통증의학과"", ""산부인과"", ""소아청소년과"", ""안과"", ""이비인후과"", ""비뇨의학과"", ""영상의학과"", ""병리과"", ""진단검사의학과"", ""재활의학과"", ""가정의학과"", ""응급의학과"", ""직업환경의학과"", ""예방의학과"", ""구강악안면외과""]","{""가정의학과"": 3, ""내과"": 6, ""마취통증의학과"": 3, ""병리과"": 1, ""비뇨의학과"": 1, ""산부인과"": 2, ""성형외과"": 1, ""소아청소년과"": 2, ""신경과"": 1, ""신경외과"": 2, ""심장혈관흉부외과"": 1, ""안과"": 1, ""영상의학과"": 3, ""외과"": 3, ""응급의학과"": 6, ""이비인후과"": 1, ""정신건강의학과"": 4, ""정형외과"": 3, ""직업환경의학과"": 1, ""진단검사의학과"": 1}","[""골밀도검사기"", ""일반엑스선촬영장치"", ""CT"", ""분만감시기"", ""체외충격파쇄석기"", ""유방촬영장치"", ""콘빔CT"", ""혈액투석을위한인공신장기"", ""MRI"", ""초음파영상진단기"", ""인큐베이터"", ""인공호흡기""]","[""응급의료기관"", ""간호간병통합서비스 제공기관"", ""결핵환자 재택의료 시범기관"", ""HPV 국가예방접종사업 참여기관"", ""성인 중환자실""]"
JDQ4MTYyMiM1MSMkMSMkMCMkODkkMzgxMzUxIzExIyQyIyQ3IyQwMCQyNjEyMjIjNDEjJDEjJDgjJDgz,안성성모병원,종합병원,"경기도 안성시 시장길 58, (서인동)",37.0062179,127.2709213,"[""내과"", ""신경과"", ""외과"", ""정형외과"", ""신경외과"", ""마취통증의학과"", ""산부인과"", ""비뇨의학과"", ""영상의학과"", ""진단검사의학과"", ""가정의학과"", ""응급의학과"", ""직업환경의학과""]","{""내과"": 9, ""마취통증의학과"": 1, ""비뇨의학과"": 1, ""산부인과"": 1, ""신경과"": 1, ""신경외과"": 1, ""영상의학과"": 2, ""외과"": 1, ""응급의학과"": 5, ""정형외과"": 2, ""직업환경의학과"": 2, ""진단검사의학과"": 1}","[""MRI"", ""초음파영상진단기"", ""혈액투석을위한인공신장기"", ""유방촬영장치"", ""골밀도검사기"", ""일반엑스선촬영장치"", ""CT"", ""인공호흡기"", ""체외충격파쇄석기""]","[""성인 중환자실"", ""HPV 국가예방접종사업 참여기관"", ""가정간호실시기관"", ""가정용 인공호흡기 환자 재택의료 시범기관"", ""간호간병통합서비스 제공기관"", ""응급의료기관""]"
JDQ4MTYyMiM4MSMkMSMkNCMkODkkMzgxMzUxIzExIyQxIyQzIyQ5MiQyNjEyMjIjNDEjJDEjJDQjJDgz,양산성모병원,종합병원,"경상남도 양산시 서창로 59, (명동)",35.4063625,129.1645144,"[""내과"", ""신경과"", ""외과"", ""정형외과"", ""신경외과"", ""마취통증의학과"", ""소아청소년과"", ""영상의학과"", ""진단검사의학과"", ""가정의학과"", ""응급의학과"", ""통합치의학과""]","{""내과"": 2, ""마취통증의학과"": 1, ""산부인과"": 2, ""소아청소년과"": 1, ""영상의학과"": 1, ""외과"": 1, ""응급의학과"": 1, ""정형외과"": 2, ""직업환경의학과"": 1, ""진단검사의학과"": 1, ""통합치의학과"": 1}","[""골밀도검사기"", ""유방촬영장치"", ""콘빔CT"", ""초음파영상진단기"", ""혈액투석을위한인공신장기"", ""인공호흡기"", ""일반엑스선촬영장치"", ""CT"", ""MRI""]","[""성인 중환자실"", ""HPV 국가예방접종사업 참여기관"", ""응급의료기관""]"
JDQ4MTYyMiM4MSMkMSMkMCMkODkkMzgxMzUxIzExIyQxIyQzIyQ2MiQzNjE4MzIjNjEjJDEjJDQjJDgz,에스포항병원,종합병원,"경상북도 포항시 남구 희망대로 352,  (이동)",36.0348843,129.3314538,"[""내과"", ""신경과"", ""외과"", ""정형외과"", ""신경외과"", ""마취통증의학과"", ""산부인과"", ""영상의학과"", ""진단검사의학과"", ""재활의학과""]","{""내과"": 6, ""마취통증의학과"": 5, ""산부인과"": 1, ""신경과"": 4, ""신경외과"": 16, ""영상의학과"": 6, ""외과"": 3, ""재활의학과"": 3, ""정형외과"": 3, ""진단검사의학과"": 1}","[""일반엑스선촬영장치"", ""인공호흡기"", ""CT"", ""초음파영상진단기"", ""골밀도검사기"", ""유방촬영장치"", ""혈액투석을위한인공신장기"", ""MRI""]","[""간호간병통합서비스 제공기관"", ""응급의료기관"", ""성인 중환자실""]"
JDQ4MTYyMiM3MSMkMSMkMCMkODkkMzgxMzUxIzExIyQxIyQzIyQ2MiQzNjE4MzIjNDEjJDEjJDgjJDgz,여수전남병원,종합병원,"전남광주통합특별시 여수시 좌수영로 49,  (광무동)",34.7450673,127.7280181,"[""내과"", ""신경과"", ""정신건강의학과"", ""외과"", ""정형외과"", ""신경외과"", ""마취통증의학과"", ""산부인과"", ""소아청소년과"", ""안과"", ""이비인후과"", ""비뇨의학과"", ""영상의학과"", ""병리과"", ""진단검사의학과"", ""가정의학과"", ""응급의학과"", ""직업환경의학과""]","{""가정의학과"": 5, ""내과"": 7, ""마취통증의학과"": 3, ""비뇨의학과"": 1, ""산부인과"": 1, ""소아청소년과"": 1, ""신경과"": 1, ""신경외과"": 1, ""영상의학과"": 3, ""외과"": 5, ""응급의학과"": 5, ""정신건강의학과"": 2, ""정형외과"": 3, ""직업환경의학과"": 3, ""진단검사의학과"": 2, ""치주과"": 1}","[""초음파영상진단기"", ""인공호흡기"", ""혈액투석을위한인공신장기"", ""유방촬영장치"", ""체외충격파쇄석기"", ""MRI"", ""일반엑스선촬영장치"", ""골밀도검사기"", ""CT"", ""인큐베이터""]","[""성인 중환자실"", ""HPV 국가예방접종사업 참여기관"", ""간호간병통합서비스 제공기관"", ""보훈위탁진료요양기관"", ""응급의료기관""]"
JDQ4MTYyMiM3MSMkMSMkMCMkODkkMzgxMzUxIzExIyQxIyQ3IyQ3OSQyNjEyMjIjODEjJDEjJDIjJDgz,여천전남병원,종합병원,"전남광주통합특별시 여수시 무선로 95,  (선원동)",34.7690278,127.6542286,"[""내과"", ""정신건강의학과"", ""외과"", ""정형외과"", ""신경외과"", ""마취통증의학과"", ""산부인과"", ""소아청소년과"", ""이비인후과"", ""비뇨의학과"", ""영상의학과"", ""병리과"", ""진단검사의학과"", ""가정의학과"", ""응급의학과"", ""직업환경의학과"", ""치과보존과""]","{""가정의학과"": 5, ""내과"": 6, ""마취통증의학과"": 2, ""병리과"": 1, ""비뇨의학과"": 1, ""산부인과"": 2, ""소아청소년과"": 1, ""신경외과"": 2, ""영상의학과"": 4, ""외과"": 5, ""응급의학과"": 4, ""이비인후과"": 1, ""정신건강의학과"": 1, ""정형외과"": 4, ""직업환경의학과"": 3, ""진단검사의학과"": 1, ""통합치의학과"": 2, ""핵의학과"": 1}","[""CT"", ""초음파영상진단기"", ""골밀도검사기"", ""혈액투석을위한인공신장기"", ""인공호흡기"", ""MRI"", ""일반엑스선촬영장치"", ""인큐베이터"", ""유방촬영장치"", ""체외충격파쇄석기""]","[""성인 중환자실"", ""응급의료기관"", ""HPV 국가예방접종사업 참여기관"", ""간호간병통합서비스 제공기관""]"
JDQ4MTYyMiM1MSMkMSMkMCMkODkkMzgxMzUxIzExIyQxIyQzIyQ2MiQyNjE4MzIjNDEjJDEjJDgjJDgz,연세대학교 의과대학 용인세브란스병원,종합병원,"경기도 용인시 기흥구 동백죽전대로 363, (중동)",37.2708050,127.1485144,"[""내과"", ""신경과"", ""정신건강의학과"", ""외과"", ""정형외과"", ""신경외과"", ""심장혈관흉부외과"", ""성형외과"", ""마취통증의학과"", ""산부인과"", ""소아청소년과"", ""안과"", ""이비인후과"", ""피부과"", ""비뇨의학과"", ""영상의학과"", ""방사선종양학과"", ""병리과"", ""진단검사의학과"", ""재활의학과"", ""핵의학과"", ""가정의학과"", ""응급의학과"", ""구강악안면외과"", ""치과보철과"", ""치과보존과"", ""통합치의학과""]","{""가정의학과"": 6, ""구강악안면외과"": 2, ""내과"": 58, ""마취통증의학과"": 17, ""방사선종양학과"": 3, ""병리과"": 5, ""비뇨의학과"": 3, ""산부인과"": 9, ""성형외과"": 3, ""소아청소년과"": 18, ""신경과"": 11, ""신경외과"": 8, ""심장혈관흉부외과"": 3, ""안과"": 8, ""영상의학과"": 16, ""외과"": 16, ""응급의학과"": 10, ""이비인후과"": 6, ""재활의학과"": 4, ""정신건강의학과"": 6, ""정형외과"": 11, ""진단검사의학과"": 4, ""치과보존과"": 1, ""치과보철과"": 1, ""통합치의학과"": 1, ""피부과"": 2, ""핵의학과"": 2}","[""ECMO"", ""체외충격파쇄석기"", ""유방촬영장치"", ""혈액투석을위한인공신장기"", ""일반엑스선촬영장치"", ""골밀도검사기"", ""인큐베이터"", ""분만감시기"", ""초음파영상진단기"", ""인공호흡기"", ""양전자단층촬영기 (PET)"", ""MRI"", ""CT"", ""콘빔CT""]","[""성인 중환자실"", ""신생아 중환자실"", ""인공와우 실시기관"", ""1형 당뇨병 환자 재택의료 시범기관"", ""암환자 재택의료 시범기관"", ""수면다원검사 실시기관"", ""HPV 국가예방접종사업 참여기관"", ""결핵환자 재택의료 시범기관"", ""응급의료기관"", ""차세대염기서열분석 기반 유전자 패널검사 실시기관"", ""복막투석 환자 재택관리 시범기관"", ""경피적 대동맥판삽입 실시기관"", ""간호간병통합서비스 제공기관"", ""신속대응시스템 시범기관"", ""경피적 좌심방이 폐색술 실시기관""]"
JDQ4MTYyMiM4MSMkMSMkNCMkODkkMzgxMzUxIzExIyQxIyQzIyQ2MiQyNjE4MzIjNjEjJDEjJDgjJDgz,연세에스병원,종합병원,"경상남도 창원시 진해구 해원로32번길 13, (이동)",35.1547267,128.6983467,"[""내과"", ""신경과"", ""외과"", ""정형외과"", ""신경외과"", ""마취통증의학과"", ""소아청소년과"", ""영상의학과"", ""병리과"", ""가정의학과"", ""응급의학과""]","{""가정의학과"": 1, ""내과"": 4, ""마취통증의학과"": 1, ""병리과"": 1, ""소아청소년과"": 1, ""신경과"": 1, ""신경외과"": 2, ""심장혈관흉부외과"": 1, ""영상의학과"": 1, ""외과"": 1, ""정형외과"": 2}","[""혈액투석을위한인공신장기"", ""골밀도검사기"", ""초음파영상진단기"", ""인공호흡기"", ""일반엑스선촬영장치"", ""CT"", ""MRI"", ""유방촬영장치"", ""체외충격파쇄석기""]","[""성인 중환자실"", ""응급의료기관"", ""보훈위탁진료요양기관"", ""간호간병통합서비스 제공기관"", ""HPV 국가예방접종사업 참여기관"", ""개방병원""]"
JDQ4MTYyMiM3MSMkMSMkMCMkODkkMzgxMzUxIzExIyQxIyQzIyQ3OSQ0NjE0ODEjNDEjJDEjJDgjJDgz,영광종합병원,종합병원,"전남광주통합특별시 영광군 영광읍 와룡로 3, (영광읍)",35.2844615,126.4989779,"[""내과"", ""신경과"", ""외과"", ""정형외과"", ""신경외과"", ""마취통증의학과"", ""산부인과"", ""소아청소년과"", ""영상의학과"", ""진단검사의학과"", ""응급의학과"", ""통합치의학과""]","{""가정의학과"": 1, ""내과"": 6, ""마취통증의학과"": 2, ""산부인과"": 1, ""소아청소년과"": 2, ""신경과"": 1, ""신경외과"": 1, ""영상의학과"": 3, ""외과"": 1, ""응급의학과"": 1, ""정형외과"": 2, ""진단검사의학과"": 1}","[""인큐베이터"", ""인공호흡기"", ""분만감시기"", ""일반엑스선촬영장치"", ""MRI"", ""초음파영상진단기"", ""혈액투석을위한인공신장기"", ""콘빔CT"", ""CT"", ""골밀도검사기"", ""유방촬영장치""]","[""성인 중환자실"", ""응급의료기관"", ""간호간병통합서비스 제공기관"", ""개방병원"", ""가정간호실시기관"", ""HPV 국가예방접종사업 참여기관""]"
JDQ4MTYyMiM4MSMkMSMkMCMkODkkMzgxMzUxIzExIyQyIyQzIyQwMCQyNjE4MzIjNjEjJDEjJDQjJDgz,영남대학교의과대학부속영천병원,종합병원,"경상북도 영천시 오수1길 10, (오수동)",35.9572850,128.9132120,"[""내과"", ""신경과"", ""정신건강의학과"", ""외과"", ""정형외과"", ""신경외과"", ""성형외과"", ""마취통증의학과"", ""산부인과"", ""소아청소년과"", ""안과"", ""비뇨의학과"", ""영상의학과"", ""병리과"", ""가정의학과""]","{""가정의학과"": 1, ""내과"": 4, ""마취통증의학과"": 1, ""병리과"": 1, ""산부인과"": 1, ""신경과"": 2, ""영상의학과"": 1, ""외과"": 2, ""이비인후과"": 1, ""정형외과"": 2}","[""인공호흡기"", ""MRI"", ""혈액투석을위한인공신장기"", ""유방촬영장치"", ""초음파영상진단기"", ""일반엑스선촬영장치"", ""골밀도검사기"", ""CT""]","[""응급의료기관"", ""간호간병통합서비스 제공기관"", ""HPV 국가예방접종사업 참여기관"", ""보훈위탁진료요양기관"", ""결핵환자 재택의료 시범기관"", ""성인 중환자실""]"
JDQ4MTAxMiM1MSMkMSMkMCMkODkkMzgxMzUxIzExIyQxIyQzIyQ3MiQyNjE4MzIjNjEjJDEjJDQjJDgz,영도병원,종합병원,"부산광역시 영도구 태종로 85, (대교동2가)",35.0922416,129.0405236,"[""내과"", ""신경과"", ""외과"", ""정형외과"", ""신경외과"", ""마취통증의학과"", ""산부인과"", ""소아청소년과"", ""비뇨의학과"", ""영상의학과"", ""병리과"", ""가정의학과"", ""직업환경의학과"", ""치주과""]","{""가정의학과"": 3, ""내과"": 8, ""마취통증의학과"": 1, ""병리과"": 1, ""비뇨의학과"": 1, ""산부인과"": 1, ""소아청소년과"": 1, ""신경과"": 1, ""영상의학과"": 2, ""외과"": 7, ""정형외과"": 3, ""직업환경의학과"": 2}","[""유방촬영장치"", ""CT"", ""골밀도검사기"", ""초음파영상진단기"", ""체외충격파쇄석기"", ""MRI"", ""일반엑스선촬영장치"", ""콘빔CT"", ""인공호흡기"", ""혈액투석을위한인공신장기""]","[""응급의료기관"", ""HPV 국가예방접종사업 참여기관"", ""비대면진료 시범사업 진료기관(의료기관)"", ""간호간병통합서비스 제공기관"", ""성인 중환자실""]"
JDQ4MTYyMiM4MSMkMSMkMCMkODkkMzgxMzUxIzExIyQxIyQzIyQ3MiQyNjEwMDIjNTEjJDEjJDYjJDgz,영주적십자병원,종합병원,"경상북도 영주시 대학로 327-0, 영주적십자병원",36.8252688,128.6039024,"[""내과"", ""신경과"", ""외과"", ""정형외과"", ""신경외과"", ""마취통증의학과"", ""소아청소년과"", ""비뇨의학과"", ""영상의학과"", ""진단검사의학과"", ""가정의학과"", ""응급의학과""]","{""가정의학과"": 1, ""내과"": 3, ""마취통증의학과"": 1, ""방사선종양학과"": 1, ""비뇨의학과"": 1, ""소아청소년과"": 1, ""신경과"": 1, ""신경외과"": 1, ""영상의학과"": 1, ""외과"": 2, ""응급의학과"": 1, ""정형외과"": 2, ""진단검사의학과"": 1}","[""CT"", ""혈액투석을위한인공신장기"", ""체외충격파쇄석기"", ""MRI"", ""골밀도검사기"", ""유방촬영장치"", ""인공호흡기"", ""일반엑스선촬영장치"", ""초음파영상진단기""]","[""외국인 근로자 등 의료지원 사업시행 의료기관"", ""응급의료기관"", ""간호간병통합서비스 제공기관"", ""HPV 국가예방접종사업 참여기관"", ""성인 중환자실""]"
JDQ4MTYyMiM1MSMkMSMkMCMkODkkMzgxMzUxIzExIyQxIyQzIyQxMyQzNjEyMjIjNDEjJDEjJDgjJDgz,오산한국병원,종합병원,"경기도 오산시 밀머리로1번길 16, (원동)",37.1412709,127.0753662,"[""내과"", ""신경과"", ""정신건강의학과"", ""외과"", ""정형외과"", ""신경외과"", ""심장혈관흉부외과"", ""마취통증의학과"", ""산부인과"", ""소아청소년과"", ""이비인후과"", ""비뇨의학과"", ""영상의학과"", ""진단검사의학과"", ""재활의학과"", ""가정의학과"", ""응급의학과"", ""직업환경의학과"", ""구강악안면외과"", ""치과보철과"", ""치과교정과"", ""소아치과"", ""치과보존과""]","{""가정의학과"": 3, ""내과"": 11, ""마취통증의학과"": 2, ""비뇨의학과"": 1, ""산부인과"": 1, ""소아청소년과"": 1, ""신경과"": 1, ""신경외과"": 4, ""심장혈관흉부외과"": 2, ""영상의학과"": 4, ""외과"": 3, ""응급의학과"": 4, ""이비인후과"": 1, ""재활의학과"": 1, ""정형외과"": 4, ""직업환경의학과"": 3, ""진단검사의학과"": 1, ""치과보철과"": 1}","[""MRI"", ""일반엑스선촬영장치"", ""혈액투석을위한인공신장기"", ""유방촬영장치"", ""CT"", ""체외충격파쇄석기"", ""인공호흡기"", ""초음파영상진단기"", ""콘빔CT"", ""골밀도검사기""]","[""성인 중환자실"", ""응급의료기관"", ""가정간호실시기관"", ""HPV 국가예방접종사업 참여기관"", ""간호간병통합서비스 제공기관""]"
JDQ4MTYyMiM1MSMkMSMkMCMkODkkMzgxMzUxIzExIyQxIyQ3IyQ3OSQzNjE4MzIjNDEjJDEjJDgjJDgz,온누리병원,종합병원,"인천광역시 검단구 완정로 199, (왕길동)",37.6027927,126.6543363,"[""내과"", ""신경과"", ""외과"", ""정형외과"", ""신경외과"", ""성형외과"", ""마취통증의학과"", ""산부인과"", ""소아청소년과"", ""영상의학과"", ""진단검사의학과"", ""가정의학과"", ""응급의학과"", ""직업환경의학과"", ""예방의학과""]","{""가정의학과"": 2, ""내과"": 4, ""마취통증의학과"": 1, ""산부인과"": 1, ""소아청소년과"": 1, ""신경과"": 1, ""신경외과"": 2, ""영상의학과"": 1, ""예방의학과"": 1, ""외과"": 2, ""정형외과"": 2, ""직업환경의학과"": 1, ""진단검사의학과"": 1}","[""CT"", ""골밀도검사기"", ""인공호흡기"", ""일반엑스선촬영장치"", ""체외충격파쇄석기"", ""유방촬영장치"", ""초음파영상진단기"", ""MRI"", ""혈액투석을위한인공신장기""]","[""응급의료기관"", ""간호간병통합서비스 제공기관"", ""HPV 국가예방접종사업 참여기관""]"
JDQ4MTYyMiM1MSMkMSMkNCMkODkkMzgxMzUxIzExIyQxIyQzIyQ5OSQyNjE4MzIjNDEjJDEjJDQjJDgz,온재병원,종합병원,"강원특별자치도 속초시 중앙로 11-0, 속초보광병원",38.1980014,128.5783901,"[""내과"", ""신경과"", ""정신건강의학과"", ""외과"", ""정형외과"", ""마취통증의학과"", ""산부인과"", ""소아청소년과"", ""이비인후과"", ""비뇨의학과"", ""영상의학과"", ""병리과"", ""진단검사의학과"", ""재활의학과"", ""가정의학과"", ""응급의학과""]","{""내과"": 3, ""마취통증의학과"": 1, ""비뇨의학과"": 1, ""산부인과"": 2, ""신경과"": 2, ""영상의학과"": 2, ""외과"": 2, ""정신건강의학과"": 1, ""정형외과"": 4, ""진단검사의학과"": 1}","[""CT"", ""골밀도검사기"", ""체외충격파쇄석기"", ""일반엑스선촬영장치"", ""MRI"", ""인공호흡기"", ""혈액투석을위한인공신장기"", ""초음파영상진단기"", ""유방촬영장치""]","[""성인 중환자실"", ""간호간병통합서비스 제공기관"", ""결핵환자 재택의료 시범기관"", ""응급의료기관""]"
JDQ4MTg4MSM1MSMkMSMkMCMkODkkMzgxMzUxIzExIyQyIyQ3IyQwMCQzNjE0ODEjNTEjJDEjJDIjJDgz,우리들병원,종합병원,"서울특별시 강서구 하늘길 70, (과해동)",37.5620454,126.7963265,"[""내과"", ""외과"", ""정형외과"", ""신경외과"", ""마취통증의학과"", ""산부인과"", ""영상의학과"", ""진단검사의학과"", ""재활의학과""]","{""내과"": 1, ""마취통증의학과"": 3, ""신경외과"": 7, ""영상의학과"": 2, ""외과"": 1, ""재활의학과"": 1, ""정형외과"": 4, ""진단검사의학과"": 1}","[""MRI"", ""초음파영상진단기"", ""CT"", ""일반엑스선촬영장치"", ""인공호흡기"", ""골밀도검사기""]","[""간호간병통합서비스 제공기관""]"
JDQ4MTYyMiM3MSMkMSMkMCMkODkkMzgxMzUxIzExIyQxIyQzIyQxMyQ0NjE0ODEjNjEjJDEjJDgjJDgz,운암한국병원,종합병원,"전남광주통합특별시 북구 북문대로 191,  (운암동)",35.1850041,126.8696693,"[""내과"", ""신경과"", ""외과"", ""정형외과"", ""신경외과"", ""마취통증의학과"", ""소아청소년과"", ""비뇨의학과"", ""영상의학과"", ""진단검사의학과"", ""응급의학과""]","{""내과"": 6, ""마취통증의학과"": 1, ""비뇨의학과"": 1, ""소아청소년과"": 1, ""신경과"": 1, ""신경외과"": 3, ""영상의학과"": 1, ""외과"": 1, ""응급의학과"": 1, ""정형외과"": 4, ""진단검사의학과"": 1}","[""유방촬영장치"", ""MRI"", ""골밀도검사기"", ""체외충격파쇄석기"", ""인공호흡기"", ""초음파영상진단기"", ""혈액투석을위한인공신장기"", ""일반엑스선촬영장치"", ""CT""]","[""응급의료기관"", ""HPV 국가예방접종사업 참여기관""]"
JDQ4MTYyMiM4MSMkMSMkNCMkODkkMzgxMzUxIzExIyQyIyQzIyQwMCQyNjEyMjIjNDEjJDEjJDgjJDgz,울산병원,종합병원,"울산광역시 남구 월평로171번길 13, (신정동)",35.5462648,129.3231103,"[""내과"", ""신경과"", ""정신건강의학과"", ""외과"", ""정형외과"", ""신경외과"", ""심장혈관흉부외과"", ""마취통증의학과"", ""산부인과"", ""소아청소년과"", ""안과"", ""이비인후과"", ""비뇨의학과"", ""영상의학과"", ""진단검사의학과"", ""재활의학과"", ""가정의학과"", ""응급의학과"", ""통합치의학과""]","{""가정의학과"": 2, ""내과"": 18, ""마취통증의학과"": 2, ""비뇨의학과"": 1, ""산부인과"": 1, ""소아청소년과"": 2, ""신경과"": 4, ""신경외과"": 2, ""안과"": 1, ""영상의학과"": 4, ""예방의학과"": 1, ""외과"": 2, ""응급의학과"": 5, ""이비인후과"": 1, ""재활의학과"": 1, ""정신건강의학과"": 1, ""정형외과"": 4, ""진단검사의학과"": 1, ""통합치의학과"": 1}","[""유방촬영장치"", ""분만감시기"", ""MRI"", ""인공호흡기"", ""ECMO"", ""콘빔CT"", ""체외충격파쇄석기"", ""골밀도검사기"", ""초음파영상진단기"", ""혈액투석을위한인공신장기"", ""일반엑스선촬영장치"", ""CT""]","[""성인 중환자실"", ""응급의료기관"", ""결핵환자 재택의료 시범기관"", ""보훈위탁진료요양기관"", ""간호간병통합서비스 제공기관"", ""HPV 국가예방접종사업 참여기관""]"
JDQ4MTYyMiM4MSMkMSMkNCMkODkkMzgxMzUxIzExIyQxIyQzIyQ4MiQ0NjEwMDIjNDEjJDEjJDQjJDgz,울산엘리야병원,종합병원,"울산광역시 북구 호계로 285, (호계동)",35.6288626,129.3505372,"[""내과"", ""신경과"", ""외과"", ""정형외과"", ""신경외과"", ""마취통증의학과"", ""소아청소년과"", ""이비인후과"", ""피부과"", ""비뇨의학과"", ""영상의학과"", ""진단검사의학과"", ""재활의학과""]","{""내과"": 6, ""마취통증의학과"": 2, ""산부인과"": 1, ""소아청소년과"": 1, ""신경외과"": 1, ""영상의학과"": 2, ""외과"": 1, ""정형외과"": 5, ""진단검사의학과"": 1}","[""일반엑스선촬영장치"", ""골밀도검사기"", ""MRI"", ""초음파영상진단기"", ""혈액투석을위한인공신장기"", ""CT"", ""인공호흡기"", ""체외충격파쇄석기"", ""유방촬영장치""]","[""간호간병통합서비스 제공기관"", ""HPV 국가예방접종사업 참여기관""]"
JDQ4MTYyMiM1MSMkMSMkMCMkODkkMzgxMzUxIzExIyQxIyQzIyQ5MiQyNjE4MzIjNTEjJDEjJDIjJDgz,원광대학교 산본병원,종합병원,"경기도 군포시 산본로 321, (산본동)",37.3594127,126.9336147,"[""내과"", ""신경과"", ""정신건강의학과"", ""외과"", ""정형외과"", ""신경외과"", ""심장혈관흉부외과"", ""마취통증의학과"", ""산부인과"", ""소아청소년과"", ""안과"", ""이비인후과"", ""비뇨의학과"", ""영상의학과"", ""병리과"", ""진단검사의학과"", ""재활의학과"", ""가정의학과"", ""응급의학과"", ""구강악안면외과""]","{""가정의학과"": 1, ""내과"": 11, ""마취통증의학과"": 3, ""병리과"": 1, ""비뇨의학과"": 1, ""산부인과"": 2, ""소아청소년과"": 1, ""신경과"": 3, ""신경외과"": 1, ""영상의학과"": 4, ""외과"": 2, ""응급의학과"": 6, ""이비인후과"": 1, ""재활의학과"": 1, ""정신건강의학과"": 1, ""정형외과"": 4, ""진단검사의학과"": 1}","[""초음파영상진단기"", ""MRI"", ""CT"", ""유방촬영장치"", ""체외충격파쇄석기"", ""인공호흡기"", ""골밀도검사기"", ""일반엑스선촬영장치"", ""인큐베이터"", ""혈액투석을위한인공신장기""]","[""성인 중환자실"", ""보훈위탁진료요양기관"", ""결핵환자 재택의료 시범기관"", ""응급의료기관"", ""비대면진료 시범사업 진료기관(의료기관)"", ""간호간병통합서비스 제공기관"", ""HPV 국가예방접종사업 참여기관""]"
JDQ4MTYyMiM1MSMkMSMkMCMkODkkMzgxMzUxIzExIyQxIyQ3IyQ5OSQzNjEwMDIjODEjJDEjJDYjJDgz,의료법인 갈렌의료재단 박병원,종합병원,"경기도 평택시 송탄로 33, (장당동)",37.0482657,127.0570008,"[""내과"", ""신경과"", ""외과"", ""정형외과"", ""신경외과"", ""마취통증의학과"", ""산부인과"", ""영상의학과"", ""진단검사의학과"", ""재활의학과"", ""가정의학과"", ""응급의학과"", ""직업환경의학과""]","{""가정의학과"": 1, ""내과"": 5, ""마취통증의학과"": 1, ""산부인과"": 1, ""신경과"": 1, ""신경외과"": 4, ""영상의학과"": 2, ""외과"": 2, ""응급의학과"": 4, ""재활의학과"": 1, ""정형외과"": 2, ""직업환경의학과"": 1, ""진단검사의학과"": 1}","[""인공호흡기"", ""CT"", ""유방촬영장치"", ""MRI"", ""골밀도검사기"", ""일반엑스선촬영장치"", ""초음파영상진단기""]","[""성인 중환자실"", ""HPV 국가예방접종사업 참여기관"", ""장애인 건강 주치의 시범기관(전체)"", ""응급의료기관"", ""간호간병통합서비스 제공기관"", ""가정간호실시기관""]"
JDQ4MTYyMiM1MSMkMSMkNCMkODkkMzgxMzUxIzExIyQxIyQzIyQ3OSQ0NjEwMDIjNjEjJDEjJDAjJDgz,의료법인 강릉동인병원,종합병원,"강원특별자치도 강릉시 강릉대로419번길 42-0,  (포남동)",37.7743500,128.9073500,"[""내과"", ""신경과"", ""정신건강의학과"", ""외과"", ""정형외과"", ""신경외과"", ""심장혈관흉부외과"", ""성형외과"", ""마취통증의학과"", ""산부인과"", ""소아청소년과"", ""안과"", ""이비인후과"", ""비뇨의학과"", ""영상의학과"", ""병리과"", ""진단검사의학과"", ""재활의학과"", ""가정의학과"", ""응급의학과"", ""직업환경의학과"", ""치과보철과""]","{""가정의학과"": 1, ""내과"": 7, ""마취통증의학과"": 2, ""비뇨의학과"": 1, ""산부인과"": 1, ""성형외과"": 1, ""소아청소년과"": 1, ""신경과"": 2, ""신경외과"": 2, ""심장혈관흉부외과"": 1, ""안과"": 1, ""영상의학과"": 1, ""외과"": 2, ""응급의학과"": 4, ""이비인후과"": 1, ""재활의학과"": 1, ""정신건강의학과"": 2, ""정형외과"": 1, ""직업환경의학과"": 1, ""진단검사의학과"": 1}","[""혈액투석을위한인공신장기"", ""유방촬영장치"", ""초음파영상진단기"", ""MRI"", ""체외충격파쇄석기"", ""콘빔CT"", ""골밀도검사기"", ""일반엑스선촬영장치"", ""CT"", ""인공호흡기""]","[""성인 중환자실"", ""보훈위탁진료요양기관"", ""간호간병통합서비스 제공기관"", ""응급의료기관"", ""HPV 국가예방접종사업 참여기관""]"
JDQ4MTYyMiM4MSMkMSMkNCMkODkkMzgxMzUxIzExIyQxIyQzIyQ3OSQzNjE0ODEjNjEjJDEjJDQjJDgz,의료법인 거붕 백병원,종합병원,"경상남도 거제시 계룡로5길 14, (상동동)",34.8736094,128.6261659,"[""내과"", ""정신건강의학과"", ""외과"", ""정형외과"", ""신경외과"", ""마취통증의학과"", ""산부인과"", ""소아청소년과"", ""이비인후과"", ""비뇨의학과"", ""영상의학과"", ""진단검사의학과"", ""응급의학과"", ""직업환경의학과"", ""구강악안면외과""]","{""가정의학과"": 1, ""내과"": 6, ""마취통증의학과"": 2, ""비뇨의학과"": 1, ""산부인과"": 1, ""소아청소년과"": 1, ""신경외과"": 3, ""영상의학과"": 2, ""외과"": 3, ""이비인후과"": 1, ""정신건강의학과"": 1, ""정형외과"": 3, ""직업환경의학과"": 2, ""진단검사의학과"": 1}","[""분만감시기"", ""CT"", ""콘빔CT"", ""MRI"", ""초음파영상진단기"", ""혈액투석을위한인공신장기"", ""일반엑스선촬영장치"", ""골밀도검사기"", ""유방촬영장치"", ""인공호흡기"", ""체외충격파쇄석기""]","[""성인 중환자실"", ""HPV 국가예방접종사업 참여기관"", ""응급의료기관"", ""간호간병통합서비스 제공기관""]"
JDQ4MTYyMiM1MSMkMSMkOCMkODkkMzgxMzUxIzExIyQxIyQzIyQ5OSQyNjE4MzIjNTEjJDEjJDYjJDgz,의료법인 건명의료재단 중앙제일병원,종합병원,"충청북도 진천군 진천읍 중앙북로 36-0, 진천성모병원",36.8585629,127.4404044,"[""내과"", ""신경과"", ""외과"", ""정형외과"", ""신경외과"", ""마취통증의학과"", ""산부인과"", ""소아청소년과"", ""비뇨의학과"", ""영상의학과"", ""진단검사의학과"", ""가정의학과"", ""응급의학과"", ""직업환경의학과""]","{""내과"": 5, ""마취통증의학과"": 1, ""비뇨의학과"": 2, ""산부인과"": 1, ""소아청소년과"": 1, ""신경과"": 1, ""신경외과"": 1, ""영상의학과"": 2, ""외과"": 5, ""정형외과"": 3, ""직업환경의학과"": 1, ""진단검사의학과"": 1}","[""초음파영상진단기"", ""CT"", ""분만감시기"", ""유방촬영장치"", ""골밀도검사기"", ""일반엑스선촬영장치"", ""인공호흡기"", ""혈액투석을위한인공신장기"", ""MRI"", ""체외충격파쇄석기""]","[""성인 중환자실"", ""응급의료기관"", ""간호간병통합서비스 제공기관"", ""HPV 국가예방접종사업 참여기관"", ""보훈위탁진료요양기관""]"
JDQ4MTAxMiM1MSMkMSMkMCMkODkkMzgxMzUxIzExIyQxIyQzIyQ2MiQzNjEwMDIjNjEjJDEjJDAjJDgz,의료법인 광혜의료재단 광혜병원,종합병원,"부산광역시 동래구 충렬대로 96, (온천동, 광혜병원)",35.2070104,129.0711482,"[""내과"", ""신경과"", ""외과"", ""정형외과"", ""마취통증의학과"", ""산부인과"", ""소아청소년과"", ""이비인후과"", ""비뇨의학과"", ""영상의학과"", ""진단검사의학과"", ""재활의학과"", ""가정의학과""]","{""가정의학과"": 2, ""내과"": 6, ""마취통증의학과"": 1, ""비뇨의학과"": 1, ""산부인과"": 1, ""소아청소년과"": 1, ""신경과"": 1, ""영상의학과"": 2, ""외과"": 2, ""이비인후과"": 1, ""재활의학과"": 2, ""정형외과"": 2, ""진단검사의학과"": 1}","[""골밀도검사기"", ""유방촬영장치"", ""MRI"", ""초음파영상진단기"", ""일반엑스선촬영장치"", ""CT"", ""인공호흡기"", ""혈액투석을위한인공신장기""]","[""HPV 국가예방접종사업 참여기관"", ""간호간병통합서비스 제공기관"", ""성인 중환자실"", ""응급의료기관""]"
JDQ4MTYyMiM4MSMkMSMkMCMkODkkMzgxMzUxIzExIyQxIyQzIyQ2MiQ0NjE0ODEjNTEjJDEjJDYjJDgz,의료법인 근원의료재단 경산중앙병원,종합병원,"경상북도 경산시 경안로 11,  (백천동)",35.8088799,128.7401912,"[""내과"", ""신경과"", ""정신건강의학과"", ""외과"", ""정형외과"", ""신경외과"", ""마취통증의학과"", ""산부인과"", ""소아청소년과"", ""안과"", ""비뇨의학과"", ""영상의학과"", ""진단검사의학과"", ""가정의학과"", ""응급의학과"", ""치주과"", ""통합치의학과""]","{""구강악안면외과"": 1, ""내과"": 7, ""마취통증의학과"": 1, ""산부인과"": 1, ""소아청소년과"": 1, ""신경과"": 2, ""신경외과"": 1, ""영상의학과"": 3, ""외과"": 3, ""응급의학과"": 4, ""정신건강의학과"": 3, ""정형외과"": 4, ""진단검사의학과"": 1}","[""체외충격파쇄석기"", ""콘빔CT"", ""골밀도검사기"", ""유방촬영장치"", ""인공호흡기"", ""CT"", ""MRI"", ""혈액투석을위한인공신장기"", ""일반엑스선촬영장치"", ""초음파영상진단기""]","[""장애인 치과 주치의 시범기관"", ""간호간병통합서비스 제공기관"", ""응급의료기관"", ""성인 중환자실""]"
JDQ4MTYyMiM1MSMkMSMkMCMkODkkMzgxMzUxIzExIyQyIyQ3IyQwMCQyNjEwMDIjNTEjJDEjJDYjJDgz,의료법인 남촌의료재단 시화병원,종합병원,"경기도 시흥시 군자천로 381, 시화병원 (정왕동)",37.3499313,126.7369422,"[""내과"", ""신경과"", ""정신건강의학과"", ""외과"", ""정형외과"", ""신경외과"", ""심장혈관흉부외과"", ""마취통증의학과"", ""산부인과"", ""소아청소년과"", ""영상의학과"", ""병리과"", ""진단검사의학과"", ""재활의학과"", ""가정의학과"", ""응급의학과"", ""직업환경의학과"", ""예방의학과"", ""통합치의학과""]","{""마취통증의학과"": 6, ""병리과"": 1, ""산부인과"": 1, ""소아청소년과"": 1, ""신경과"": 3, ""신경외과"": 6, ""심장혈관흉부외과"": 2, ""영상의학과"": 9, ""예방의학과"": 1, ""외과"": 5, ""응급의학과"": 9, ""재활의학과"": 2, ""정신건강의학과"": 1, ""정형외과"": 5, ""직업환경의학과"": 6, ""진단검사의학과"": 2, ""통합치의학과"": 1, ""핵의학과"": 1}","[""CT"", ""MRI"", ""ECMO"", ""혈액투석을위한인공신장기"", ""초음파영상진단기"", ""인공호흡기"", ""골밀도검사기"", ""일반엑스선촬영장치"", ""체외충격파쇄석기"", ""유방촬영장치""]","[""성인 중환자실"", ""결핵환자 재택의료 시범기관"", ""응급의료기관"", ""개방병원"", ""재활환자 재택의료 시범기관"", ""간호간병통합서비스 제공기관"", ""외국인 근로자 등 의료지원 사업시행 의료기관"", ""가정간호실시기관"", ""HPV 국가예방접종사업 참여기관""]"
JDQ4MTYyMiM1MSMkMSMkMCMkODkkMzgxMzUxIzExIyQxIyQzIyQ4OSQ0NjE0ODEjNDEjJDEjJDQjJDgz,의료법인 녹산의료재단동수원병원,종합병원,"경기도 수원시 팔달구 중부대로 165, (우만동)",37.2780648,127.0345486,"[""내과"", ""신경과"", ""정신건강의학과"", ""외과"", ""정형외과"", ""신경외과"", ""심장혈관흉부외과"", ""성형외과"", ""마취통증의학과"", ""산부인과"", ""소아청소년과"", ""안과"", ""이비인후과"", ""피부과"", ""비뇨의학과"", ""영상의학과"", ""병리과"", ""진단검사의학과"", ""재활의학과"", ""가정의학과"", ""응급의학과"", ""직업환경의학과"", ""치과보철과"", ""치주과"", ""통합치의학과"", ""한방내과""]","{""가정의학과"": 8, ""내과"": 14, ""마취통증의학과"": 3, ""병리과"": 1, ""비뇨의학과"": 2, ""산부인과"": 2, ""성형외과"": 1, ""소아청소년과"": 2, ""신경과"": 3, ""신경외과"": 4, ""심장혈관흉부외과"": 1, ""안과"": 1, ""영상의학과"": 3, ""외과"": 7, ""응급의학과"": 9, ""이비인후과"": 1, ""재활의학과"": 1, ""정신건강의학과"": 1, ""정형외과"": 4, ""직업환경의학과"": 2, ""진단검사의학과"": 2, ""치과보철과"": 1, ""치주과"": 1, ""통합치의학과"": 1, ""한방신경정신과"": 1}","[""초음파영상진단기"", ""MRI"", ""콘빔CT"", ""유방촬영장치"", ""골밀도검사기"", ""체외충격파쇄석기"", ""일반엑스선촬영장치"", ""혈액투석을위한인공신장기"", ""CT"", ""인공호흡기"", ""인큐베이터"", ""분만감시기""]","[""성인 중환자실"", ""응급의료기관"", ""수면다원검사 실시기관"", ""간호간병통합서비스 제공기관"", ""측두하악관절자극요법 실시기관"", ""HPV 국가예방접종사업 참여기관"", ""결핵환자 재택의료 시범기관"", ""의·한협진 활성화를 위한 5단계 시범기관"", ""보훈위탁진료요양기관""]"
JDQ4MTYyMiM4MSMkMSMkNCMkODkkMzgxMzUxIzExIyQxIyQzIyQ4OSQyNjEyMjIjNjEjJDEjJDgjJDgz,의료법인 대우의료재단대우병원,종합병원,"경상남도 거제시 두모길 16-16, (두모동)",34.8712995,128.7216517,"[""내과"", ""외과"", ""정형외과"", ""신경외과"", ""마취통증의학과"", ""산부인과"", ""소아청소년과"", ""이비인후과"", ""비뇨의학과"", ""영상의학과"", ""진단검사의학과"", ""가정의학과"", ""응급의학과"", ""직업환경의학과"", ""구강악안면외과"", ""치과보철과"", ""소아치과"", ""치주과"", ""치과보존과"", ""구강내과"", ""영상치의학과"", ""구강병리과"", ""예방치과"", ""통합치의학과""]","{""가정의학과"": 2, ""내과"": 3, ""마취통증의학과"": 1, ""비뇨의학과"": 1, ""산부인과"": 1, ""소아청소년과"": 2, ""신경외과"": 1, ""영상의학과"": 1, ""예방의학과"": 1, ""외과"": 2, ""정형외과"": 2, ""직업환경의학과"": 4, ""진단검사의학과"": 1, ""치주과"": 1}","[""인큐베이터"", ""CT"", ""MRI"", ""초음파영상진단기"", ""분만감시기"", ""일반엑스선촬영장치"", ""인공호흡기"", ""체외충격파쇄석기"", ""유방촬영장치"", ""골밀도검사기"", ""혈액투석을위한인공신장기"", ""콘빔CT""]","[""성인 중환자실"", ""HPV 국가예방접종사업 참여기관"", ""간호간병통합서비스 제공기관"", ""응급의료기관"", ""보훈위탁진료요양기관"", ""치매관리주치의 시범기관""]"
JDU4MTI3MSM1MSMkMSMkNCMkODkkMzgxMzUxIzExIyQxIyQzIyQ3OSQyNjEyMjIjNDEjJDEjJDQjJDgz,의료법인 덕산의료재단 수원덕산병원,종합병원,"경기도 수원시 권선구 서부로 1674, (고색동)",37.2586103,126.9743992,"[""내과"", ""신경과"", ""정신건강의학과"", ""외과"", ""정형외과"", ""신경외과"", ""심장혈관흉부외과"", ""성형외과"", ""마취통증의학과"", ""산부인과"", ""소아청소년과"", ""이비인후과"", ""비뇨의학과"", ""영상의학과"", ""진단검사의학과"", ""재활의학과"", ""핵의학과"", ""가정의학과"", ""응급의학과"", ""직업환경의학과"", ""예방의학과"", ""치과보철과""]","{""가정의학과"": 1, ""내과"": 9, ""마취통증의학과"": 3, ""비뇨의학과"": 1, ""산부인과"": 3, ""성형외과"": 1, ""소아청소년과"": 1, ""신경과"": 2, ""신경외과"": 4, ""영상의학과"": 8, ""외과"": 3, ""응급의학과"": 7, ""이비인후과"": 1, ""재활의학과"": 1, ""정신건강의학과"": 1, ""정형외과"": 3, ""직업환경의학과"": 1, ""진단검사의학과"": 1, ""핵의학과"": 1}","[""일반엑스선촬영장치"", ""인공호흡기"", ""유방촬영장치"", ""초음파영상진단기"", ""체외충격파쇄석기"", ""분만감시기"", ""MRI"", ""콘빔CT"", ""ECMO"", ""골밀도검사기"", ""CT"", ""혈액투석을위한인공신장기"", ""양전자단층촬영기 (PET)"", ""인큐베이터""]","[""응급의료기관"", ""간호간병통합서비스 제공기관"", ""난임시술(인공)"", ""HPV 국가예방접종사업 참여기관"", ""성인 중환자실""]"
JDQ4MTYyMiM4MSMkMSMkNCMkODkkMzgxMzUxIzExIyQxIyQzIyQ3OSQ0NjE0ODEjODEjJDEjJDIjJDgz,의료법인 동강의료재단 동강병원,종합병원,"울산광역시 중구 태화로 239, (태화동)",35.5534260,129.3019631,"[""내과"", ""신경과"", ""정신건강의학과"", ""외과"", ""정형외과"", ""신경외과"", ""심장혈관흉부외과"", ""성형외과"", ""마취통증의학과"", ""산부인과"", ""소아청소년과"", ""안과"", ""이비인후과"", ""피부과"", ""비뇨의학과"", ""영상의학과"", ""병리과"", ""진단검사의학과"", ""재활의학과"", ""가정의학과"", ""응급의학과"", ""직업환경의학과"", ""구강악안면외과"", ""치과보철과"", ""소아치과"", ""치주과"", ""치과보존과"", ""구강내과"", ""영상치의학과"", ""구강병리과"", ""예방치과"", ""통합치의학과""]","{""가정의학과"": 1, ""구강악안면외과"": 1, ""내과"": 24, ""마취통증의학과"": 5, ""병리과"": 1, ""비뇨의학과"": 1, ""산부인과"": 2, ""성형외과"": 2, ""소아청소년과"": 2, ""신경과"": 3, ""신경외과"": 2, ""심장혈관흉부외과"": 1, ""영상의학과"": 10, ""예방의학과"": 1, ""외과"": 5, ""응급의학과"": 9, ""재활의학과"": 1, ""정신건강의학과"": 1, ""정형외과"": 3, ""직업환경의학과"": 5, ""진단검사의학과"": 2}","[""초음파영상진단기"", ""MRI"", ""ECMO"", ""혈액투석을위한인공신장기"", ""CT"", ""분만감시기"", ""일반엑스선촬영장치"", ""양전자단층촬영기 (PET)"", ""골밀도검사기"", ""콘빔CT"", ""체외충격파쇄석기"", ""인큐베이터"", ""유방촬영장치"", ""인공호흡기""]","[""성인 중환자실"", ""심장질환자 재택의료 시범기관"", ""응급의료기관"", ""간호간병통합서비스 제공기관"", ""개방병원"", ""HPV 국가예방접종사업 참여기관"", ""1형 당뇨병 환자 재택의료 시범기관""]"
JDQ4MTYyMiM4MSMkMSMkNCMkODkkMzgxMzUxIzExIyQxIyQzIyQ4MiQzNjE0ODEjODEjJDEjJDYjJDgz,의료법인 동강의료재단 동천동강병원,종합병원,"울산광역시 중구 외솔큰길 215, (남외동, 동천동강병원)",35.5685360,129.3504382,"[""내과"", ""신경과"", ""외과"", ""정형외과"", ""신경외과"", ""심장혈관흉부외과"", ""마취통증의학과"", ""소아청소년과"", ""영상의학과"", ""진단검사의학과"", ""응급의학과""]","{""내과"": 2, ""마취통증의학과"": 2, ""소아청소년과"": 1, ""신경과"": 1, ""신경외과"": 1, ""심장혈관흉부외과"": 1, ""영상의학과"": 3, ""외과"": 1, ""정형외과"": 7, ""진단검사의학과"": 1}","[""유방촬영장치"", ""골밀도검사기"", ""인공호흡기"", ""일반엑스선촬영장치"", ""MRI"", ""CT"", ""초음파영상진단기""]","[""간호간병통합서비스 제공기관"", ""HPV 국가예방접종사업 참여기관""]"
JDQ4MTYyMiM1MSMkMSMkNCMkODkkMzgxMzUxIzExIyQxIyQzIyQ4OSQyNjE0ODEjODEjJDEjJDIjJDgz,의료법인 동해동인병원,종합병원,"강원특별자치도 동해시 하평로 26, (평릉동)",37.5299417,129.1074625,"[""내과"", ""정신건강의학과"", ""외과"", ""정형외과"", ""신경외과"", ""마취통증의학과"", ""산부인과"", ""소아청소년과"", ""이비인후과"", ""비뇨의학과"", ""영상의학과"", ""진단검사의학과"", ""통합치의학과""]","{""내과"": 2, ""마취통증의학과"": 2, ""산부인과"": 2, ""소아청소년과"": 1, ""신경외과"": 1, ""영상의학과"": 1, ""외과"": 2, ""재활의학과"": 1, ""정신건강의학과"": 1, ""정형외과"": 2, ""통합치의학과"": 1}","[""체외충격파쇄석기"", ""일반엑스선촬영장치"", ""MRI"", ""유방촬영장치"", ""초음파영상진단기"", ""혈액투석을위한인공신장기"", ""분만감시기"", ""CT"", ""인공호흡기"", ""골밀도검사기""]","[""성인 중환자실"", ""응급의료기관"", ""개방병원"", ""보훈위탁진료요양기관""]"
JDQ4MTYyMiM1MSMkMSMkMCMkODkkMzgxMzUxIzExIyQxIyQzIyQ4MiQyNjE4MzIjNjEjJDEjJDQjJDgz,의료법인 록향의료재단 신천연합병원,종합병원,"경기도 시흥시 복지로 57, 복지로 61, 2층 (대야동)",37.4445152,126.7894932,"[""내과"", ""신경과"", ""정신건강의학과"", ""외과"", ""정형외과"", ""신경외과"", ""마취통증의학과"", ""산부인과"", ""소아청소년과"", ""영상의학과"", ""진단검사의학과"", ""가정의학과"", ""응급의학과"", ""직업환경의학과"", ""치주과""]","{""가정의학과"": 1, ""내과"": 7, ""마취통증의학과"": 1, ""산부인과"": 1, ""소아청소년과"": 1, ""신경과"": 1, ""신경외과"": 1, ""영상의학과"": 1, ""외과"": 2, ""응급의학과"": 3, ""정신건강의학과"": 1, ""정형외과"": 2, ""진단검사의학과"": 1, ""통합치의학과"": 1}","[""초음파영상진단기"", ""MRI"", ""유방촬영장치"", ""혈액투석을위한인공신장기"", ""CT"", ""인공호흡기"", ""일반엑스선촬영장치"", ""골밀도검사기""]","[""성인 중환자실"", ""HPV 국가예방접종사업 참여기관"", ""가정간호실시기관"", ""간호간병통합서비스 제공기관"", ""응급의료기관"", ""결핵환자 재택의료 시범기관"", ""장애인 치과 주치의 시범기관""]"
JDQ4MTYyMiM1MSMkMSMkMCMkODkkMzgxMzUxIzExIyQyIyQ3IyQwMCQ0NjEwMDIjODEjJDEjJDYjJDgz,의료법인 명인의료재단 화홍병원,종합병원,"경기도 수원시 권선구 호매실로90번길 98, (호매실동)",37.2601268,126.9639084,"[""내과"", ""신경과"", ""정신건강의학과"", ""외과"", ""정형외과"", ""신경외과"", ""심장혈관흉부외과"", ""성형외과"", ""마취통증의학과"", ""산부인과"", ""소아청소년과"", ""이비인후과"", ""비뇨의학과"", ""영상의학과"", ""진단검사의학과"", ""가정의학과"", ""응급의학과""]","{""내과"": 13, ""마취통증의학과"": 3, ""비뇨의학과"": 2, ""산부인과"": 1, ""성형외과"": 1, ""소아청소년과"": 2, ""신경과"": 3, ""신경외과"": 4, ""심장혈관흉부외과"": 1, ""영상의학과"": 7, ""외과"": 4, ""응급의학과"": 16, ""이비인후과"": 1, ""정형외과"": 4, ""진단검사의학과"": 3}","[""CT"", ""ECMO"", ""일반엑스선촬영장치"", ""유방촬영장치"", ""혈액투석을위한인공신장기"", ""골밀도검사기"", ""초음파영상진단기"", ""MRI"", ""인공호흡기"", ""체외충격파쇄석기""]","[""성인 중환자실"", ""응급의료기관"", ""간호간병통합서비스 제공기관"", ""HPV 국가예방접종사업 참여기관""]"
JDQ4MTYyMiM1MSMkMSMkOCMkODkkMzgxMzUxIzExIyQxIyQzIyQ5OSQyNjEyMjIjNjEjJDEjJDQjJDgz,의료법인 명지의료재단 명지병원,종합병원,"충청북도 제천시 내토로 991-0, 의료법인명지의료재단명지병원",37.1634681,128.2339509,"[""내과"", ""신경과"", ""외과"", ""정형외과"", ""신경외과"", ""마취통증의학과"", ""산부인과"", ""소아청소년과"", ""비뇨의학과"", ""영상의학과"", ""진단검사의학과"", ""가정의학과"", ""응급의학과"", ""직업환경의학과"", ""구강내과""]","{""가정의학과"": 1, ""내과"": 10, ""마취통증의학과"": 2, ""비뇨의학과"": 1, ""소아청소년과"": 1, ""신경과"": 3, ""신경외과"": 1, ""영상의학과"": 3, ""외과"": 1, ""응급의학과"": 7, ""정형외과"": 2, ""진단검사의학과"": 1}","[""CT"", ""골밀도검사기"", ""인큐베이터"", ""혈액투석을위한인공신장기"", ""일반엑스선촬영장치"", ""분만감시기"", ""유방촬영장치"", ""체외충격파쇄석기"", ""인공호흡기"", ""MRI"", ""초음파영상진단기"", ""ECMO""]","[""성인 중환자실"", ""응급의료기관"", ""HPV 국가예방접종사업 참여기관"", ""심장질환자 재택의료 시범기관"", ""보훈위탁진료요양기관"", ""간호간병통합서비스 제공기관""]"
JDQ4MTYyMiM4MSMkMSMkNCMkODkkMzgxMzUxIzExIyQxIyQzIyQ5MiQyNjEwMDIjNDEjJDEjJDgjJDgz,의료법인 문병욱의료재단 진주고려병원,종합병원,"경상남도 진주시 동진로 2, (칠암동, 진주고려병원)",35.1784915,128.0920864,"[""내과"", ""신경과"", ""외과"", ""정형외과"", ""신경외과"", ""성형외과"", ""마취통증의학과"", ""산부인과"", ""소아청소년과"", ""비뇨의학과"", ""영상의학과"", ""병리과"", ""가정의학과"", ""응급의학과"", ""직업환경의학과"", ""소아치과""]","{""내과"": 8, ""마취통증의학과"": 2, ""병리과"": 1, ""비뇨의학과"": 1, ""산부인과"": 4, ""성형외과"": 1, ""소아청소년과"": 2, ""신경과"": 1, ""신경외과"": 2, ""영상의학과"": 3, ""외과"": 3, ""응급의학과"": 1, ""정형외과"": 2, ""직업환경의학과"": 5}","[""유방촬영장치"", ""일반엑스선촬영장치"", ""CT"", ""체외충격파쇄석기"", ""혈액투석을위한인공신장기"", ""MRI"", ""골밀도검사기"", ""초음파영상진단기"", ""인공호흡기""]","[""성인 중환자실"", ""응급의료기관"", ""HPV 국가예방접종사업 참여기관"", ""소아 야간·휴일진료기관"", ""간호간병통합서비스 제공기관"", ""난임시술(인공)""]"
JDQ4MTYyMiM1MSMkMSMkMCMkODkkMzgxMzUxIzExIyQxIyQzIyQ3MiQyNjEyMjIjNDEjJDEjJDQjJDgz,의료법인 박애의료재단 박애병원,종합병원,"경기도 평택시 평택2로20번길 3, (평택동)",36.9930636,127.0890756,"[""내과"", ""신경과"", ""외과"", ""정형외과"", ""신경외과"", ""마취통증의학과"", ""산부인과"", ""소아청소년과"", ""비뇨의학과"", ""영상의학과"", ""진단검사의학과"", ""가정의학과"", ""응급의학과"", ""직업환경의학과"", ""구강악안면외과""]","{""내과"": 5, ""마취통증의학과"": 1, ""산부인과"": 1, ""신경과"": 1, ""신경외과"": 1, ""영상의학과"": 1, ""외과"": 1, ""응급의학과"": 3, ""정형외과"": 3, ""직업환경의학과"": 1, ""진단검사의학과"": 1}","[""CT"", ""일반엑스선촬영장치"", ""골밀도검사기"", ""혈액투석을위한인공신장기"", ""분만감시기"", ""MRI"", ""유방촬영장치"", ""인공호흡기"", ""초음파영상진단기""]","[""성인 중환자실"", ""HPV 국가예방접종사업 참여기관"", ""응급의료기관""]"
JDQ4MTYyMiM2MSMkMSMkMiMkODkkMzgxMzUxIzExIyQxIyQzIyQ3OSQzNjEyMjIjNzEjJDEjJDgjJDgz,의료법인 백제병원,종합병원,"충청남도 논산시 시민로294번길 14,  (취암동)",36.1921929,127.0944739,"[""내과"", ""신경과"", ""정신건강의학과"", ""외과"", ""정형외과"", ""신경외과"", ""심장혈관흉부외과"", ""마취통증의학과"", ""산부인과"", ""소아청소년과"", ""안과"", ""이비인후과"", ""비뇨의학과"", ""영상의학과"", ""진단검사의학과"", ""재활의학과"", ""가정의학과"", ""응급의학과"", ""직업환경의학과"", ""예방의학과"", ""구강악안면외과""]","{""가정의학과"": 5, ""구강악안면외과"": 1, ""내과"": 10, ""마취통증의학과"": 2, ""비뇨의학과"": 1, ""산부인과"": 2, ""소아청소년과"": 2, ""신경과"": 2, ""신경외과"": 3, ""안과"": 1, ""영상의학과"": 3, ""예방의학과"": 1, ""외과"": 1, ""응급의학과"": 4, ""이비인후과"": 1, ""재활의학과"": 1, ""정신건강의학과"": 2, ""정형외과"": 4, ""직업환경의학과"": 3, ""진단검사의학과"": 1}","[""CT"", ""유방촬영장치"", ""초음파영상진단기"", ""혈액투석을위한인공신장기"", ""인공호흡기"", ""골밀도검사기"", ""일반엑스선촬영장치"", ""MRI"", ""체외충격파쇄석기""]","[""응급의료기관"", ""간호간병통합서비스 제공기관"", ""보훈위탁진료요양기관"", ""HPV 국가예방접종사업 참여기관"", ""성인 중환자실""]"
JDQ4MTYyMiM4MSMkMSMkMCMkODkkMzgxMzUxIzExIyQxIyQzIyQ4MiQyNjE0ODEjNTEjJDEjJDIjJDgz,의료법인 서명의료재단 세명종합병원,종합병원,"경상북도 경산시 경안로 208, (중방동)",35.8263331,128.7371689,"[""내과"", ""신경과"", ""정신건강의학과"", ""외과"", ""정형외과"", ""신경외과"", ""심장혈관흉부외과"", ""마취통증의학과"", ""소아청소년과"", ""안과"", ""이비인후과"", ""비뇨의학과"", ""영상의학과"", ""진단검사의학과"", ""가정의학과"", ""응급의학과"", ""직업환경의학과"", ""예방의학과""]","{""가정의학과"": 1, ""내과"": 6, ""마취통증의학과"": 1, ""비뇨의학과"": 1, ""소아청소년과"": 1, ""신경과"": 1, ""신경외과"": 1, ""심장혈관흉부외과"": 1, ""안과"": 1, ""영상의학과"": 3, ""예방의학과"": 3, ""외과"": 3, ""응급의학과"": 4, ""이비인후과"": 2, ""정신건강의학과"": 1, ""정형외과"": 6, ""직업환경의학과"": 1, ""진단검사의학과"": 1}","[""초음파영상진단기"", ""유방촬영장치"", ""일반엑스선촬영장치"", ""MRI"", ""골밀도검사기"", ""혈액투석을위한인공신장기"", ""인공호흡기"", ""CT"", ""체외충격파쇄석기""]","[""보훈위탁진료요양기관"", ""HPV 국가예방접종사업 참여기관"", ""간호간병통합서비스 제공기관"", ""응급의료기관"", ""1형 당뇨병 환자 재택의료 시범기관"", ""성인 중환자실""]"
JDQ4MTYyMiM1MSMkMSMkMCMkODkkMzgxMzUxIzExIyQxIyQzIyQxMyQyNjEwMDIjNDEjJDEjJDgjJDgz,의료법인 석경의료재단 센트럴병원,종합병원,"경기도 시흥시 공단1대로 237, (정왕동, 센트럴 병원)",37.3369084,126.7281267,"[""내과"", ""신경과"", ""외과"", ""정형외과"", ""신경외과"", ""마취통증의학과"", ""산부인과"", ""소아청소년과"", ""안과"", ""이비인후과"", ""비뇨의학과"", ""영상의학과"", ""진단검사의학과"", ""가정의학과"", ""응급의학과"", ""직업환경의학과"", ""치과보철과"", ""치과보존과""]","{""가정의학과"": 2, ""내과"": 9, ""마취통증의학과"": 2, ""산부인과"": 1, ""소아청소년과"": 1, ""신경과"": 1, ""신경외과"": 3, ""영상의학과"": 4, ""외과"": 2, ""응급의학과"": 5, ""이비인후과"": 1, ""정형외과"": 4, ""직업환경의학과"": 4, ""진단검사의학과"": 1}","[""일반엑스선촬영장치"", ""골밀도검사기"", ""유방촬영장치"", ""MRI"", ""CT"", ""혈액투석을위한인공신장기"", ""체외충격파쇄석기"", ""인공호흡기"", ""초음파영상진단기""]","[""성인 중환자실"", ""응급의료기관"", ""가정간호실시기관"", ""개방병원"", ""HPV 국가예방접종사업 참여기관"", ""간호간병통합서비스 제공기관"", ""보훈위탁진료요양기관"", ""측두하악관절자극요법 실시기관"", ""결핵환자 재택의료 시범기관""]"
JDQ4MTYyMiM4MSMkMSMkNCMkODkkMzgxMzUxIzExIyQxIyQzIyQ3MiQzNjE4MzIjNjEjJDEjJDgjJDgz,의료법인 성념의료재단맑은샘병원,종합병원,"경상남도 거제시 연초면 거제대로 4477, (연초면)",34.8978348,128.6437581,"[""내과"", ""외과"", ""정형외과"", ""신경외과"", ""마취통증의학과"", ""소아청소년과"", ""비뇨의학과"", ""영상의학과"", ""진단검사의학과"", ""재활의학과"", ""가정의학과"", ""직업환경의학과"", ""구강악안면외과"", ""치과보철과"", ""소아치과"", ""치주과"", ""치과보존과"", ""구강내과"", ""영상치의학과"", ""예방치과"", ""통합치의학과""]","{""내과"": 2, ""마취통증의학과"": 1, ""소아청소년과"": 1, ""신경외과"": 1, ""영상의학과"": 1, ""외과"": 4, ""정형외과"": 2, ""직업환경의학과"": 1, ""진단검사의학과"": 1, ""통합치의학과"": 1}","[""MRI"", ""콘빔CT"", ""초음파영상진단기"", ""혈액투석을위한인공신장기"", ""골밀도검사기"", ""CT"", ""일반엑스선촬영장치"", ""인공호흡기"", ""유방촬영장치""]","[""응급의료기관"", ""치매관리주치의 시범기관"", ""간호간병통합서비스 제공기관"", ""측두하악관절자극요법 실시기관"", ""보훈위탁진료요양기관"", ""HPV 국가예방접종사업 참여기관""]"
JDQ4MTYyMiM1MSMkMSMkMCMkODkkMzgxMzUxIzExIyQxIyQ3IyQ5OSQyNjEwMDIjNjEjJDEjJDgjJDgz,의료법인 성수의료재단 인천백병원,종합병원,"인천광역시 제물포구 샛골로 214- , (송림동)",37.4817037,126.6458376,"[""내과"", ""신경과"", ""외과"", ""정형외과"", ""신경외과"", ""마취통증의학과"", ""소아청소년과"", ""이비인후과"", ""비뇨의학과"", ""영상의학과"", ""진단검사의학과"", ""재활의학과"", ""응급의학과"", ""직업환경의학과""]","{""내과"": 7, ""마취통증의학과"": 1, ""비뇨의학과"": 1, ""소아청소년과"": 1, ""신경과"": 1, ""신경외과"": 2, ""영상의학과"": 2, ""외과"": 3, ""응급의학과"": 1, ""재활의학과"": 1, ""정형외과"": 4, ""직업환경의학과"": 1, ""진단검사의학과"": 1}","[""MRI"", ""혈액투석을위한인공신장기"", ""일반엑스선촬영장치"", ""체외충격파쇄석기"", ""초음파영상진단기"", ""인공호흡기"", ""골밀도검사기"", ""유방촬영장치"", ""CT""]","[""성인 중환자실"", ""가정간호실시기관"", ""응급의료기관"", ""HPV 국가예방접종사업 참여기관"", ""개방병원"", ""간호간병통합서비스 제공기관""]"
JDQ4MTAxMiM1MSMkMSMkMCMkODkkMzgxMzUxIzExIyQxIyQzIyQ4MiQ0NjE0ODEjNTEjJDEjJDYjJDgz,의료법인 센텀의료재단 센텀종합병원,종합병원,"부산광역시 수영구 수영로679번길 8, (광안동)",35.1668299,129.1144194,"[""내과"", ""신경과"", ""정신건강의학과"", ""외과"", ""정형외과"", ""신경외과"", ""심장혈관흉부외과"", ""성형외과"", ""마취통증의학과"", ""산부인과"", ""소아청소년과"", ""비뇨의학과"", ""영상의학과"", ""진단검사의학과"", ""재활의학과"", ""핵의학과"", ""가정의학과"", ""응급의학과"", ""직업환경의학과"", ""예방의학과"", ""통합치의학과""]","{""가정의학과"": 1, ""내과"": 11, ""마취통증의학과"": 5, ""비뇨의학과"": 3, ""산부인과"": 1, ""성형외과"": 1, ""소아청소년과"": 1, ""신경과"": 1, ""신경외과"": 4, ""영상의학과"": 8, ""외과"": 5, ""응급의학과"": 4, ""재활의학과"": 1, ""정신건강의학과"": 1, ""정형외과"": 10, ""직업환경의학과"": 1, ""진단검사의학과"": 1, ""통합치의학과"": 1, ""핵의학과"": 1}","[""혈액투석을위한인공신장기"", ""유방촬영장치"", ""MRI"", ""콘빔CT"", ""초음파영상진단기"", ""CT"", ""일반엑스선촬영장치"", ""골밀도검사기"", ""인공호흡기"", ""양전자단층촬영기 (PET)""]","[""응급의료기관"", ""간호간병통합서비스 제공기관"", ""성인 중환자실"", ""HPV 국가예방접종사업 참여기관""]"
JDQ4MTYyMiM4MSMkMSMkNCMkODkkMzgxMzUxIzExIyQxIyQzIyQ3MiQ0NjEwMDIjNTEjJDEjJDIjJDgz,의료법인 송은의료재단 울산시티병원,종합병원,"울산광역시 북구 산업로 1007, (연암동)",35.5828446,129.3590343,"[""내과"", ""신경과"", ""정신건강의학과"", ""외과"", ""정형외과"", ""신경외과"", ""성형외과"", ""마취통증의학과"", ""산부인과"", ""소아청소년과"", ""이비인후과"", ""비뇨의학과"", ""영상의학과"", ""진단검사의학과"", ""재활의학과"", ""가정의학과"", ""응급의학과"", ""구강악안면외과"", ""치주과"", ""통합치의학과""]","{""가정의학과"": 2, ""구강악안면외과"": 1, ""내과"": 10, ""마취통증의학과"": 2, ""비뇨의학과"": 1, ""산부인과"": 1, ""성형외과"": 1, ""소아청소년과"": 3, ""신경외과"": 5, ""심장혈관흉부외과"": 1, ""영상의학과"": 6, ""외과"": 4, ""응급의학과"": 6, ""이비인후과"": 1, ""정신건강의학과"": 1, ""정형외과"": 6, ""진단검사의학과"": 1}","[""ECMO"", ""콘빔CT"", ""골밀도검사기"", ""유방촬영장치"", ""초음파영상진단기"", ""체외충격파쇄석기"", ""일반엑스선촬영장치"", ""혈액투석을위한인공신장기"", ""CT"", ""MRI"", ""인공호흡기"", ""인큐베이터""]","[""성인 중환자실"", ""소아 야간·휴일진료기관"", ""수면다원검사 실시기관"", ""보훈위탁진료요양기관"", ""HPV 국가예방접종사업 참여기관"", ""간호간병통합서비스 제공기관"", ""측두하악관절자극요법 실시기관"", ""응급의료기관""]"
JDQ4MTYyMiM1MSMkMSMkMCMkODkkMzgxMzUxIzExIyQxIyQ3IyQ5OSQyNjEyMjIjNjEjJDEjJDAjJDgz,의료법인 양진의료재단 평택성모병원,종합병원,"경기도 평택시 평택로 284, (세교동)",37.0084186,127.0743334,"[""내과"", ""신경과"", ""정신건강의학과"", ""외과"", ""정형외과"", ""신경외과"", ""마취통증의학과"", ""산부인과"", ""소아청소년과"", ""이비인후과"", ""비뇨의학과"", ""영상의학과"", ""진단검사의학과"", ""가정의학과"", ""응급의학과"", ""직업환경의학과"", ""치주과"", ""예방치과"", ""통합치의학과""]","{""내과"": 22, ""마취통증의학과"": 3, ""비뇨의학과"": 2, ""산부인과"": 3, ""소아청소년과"": 1, ""신경과"": 4, ""신경외과"": 3, ""영상의학과"": 4, ""외과"": 4, ""응급의학과"": 8, ""이비인후과"": 2, ""정신건강의학과"": 1, ""정형외과"": 4, ""직업환경의학과"": 6, ""진단검사의학과"": 2, ""치주과"": 1, ""통합치의학과"": 1, ""핵의학과"": 1}","[""유방촬영장치"", ""CT"", ""골밀도검사기"", ""일반엑스선촬영장치"", ""혈액투석을위한인공신장기"", ""콘빔CT"", ""MRI"", ""인공호흡기"", ""초음파영상진단기"", ""체외충격파쇄석기""]","[""성인 중환자실"", ""응급의료기관"", ""수면다원검사 실시기관"", ""보훈위탁진료요양기관"", ""HPV 국가예방접종사업 참여기관"", ""간호간병통합서비스 제공기관""]"
JDQ4MTYyMiM1MSMkMSMkMCMkODkkMzgxMzUxIzExIyQxIyQ3IyQ4OSQ0NjEwMDIjNjEjJDEjJDAjJDgz,의료법인 영동의료재단 의정부백병원,종합병원,"경기도 의정부시 금신로 322, (신곡동)",37.7453263,127.0622375,"[""내과"", ""신경과"", ""외과"", ""정형외과"", ""신경외과"", ""마취통증의학과"", ""산부인과"", ""이비인후과"", ""피부과"", ""비뇨의학과"", ""영상의학과"", ""진단검사의학과"", ""가정의학과"", ""응급의학과"", ""구강악안면외과"", ""치과보철과"", ""치주과"", ""치과보존과"", ""영상치의학과"", ""구강병리과"", ""예방치과""]","{""가정의학과"": 2, ""구강내과"": 1, ""내과"": 4, ""마취통증의학과"": 2, ""비뇨의학과"": 1, ""산부인과"": 1, ""신경과"": 1, ""신경외과"": 1, ""심장혈관흉부외과"": 1, ""영상의학과"": 1, ""외과"": 1, ""정형외과"": 2, ""진단검사의학과"": 1, ""치주과"": 1}","[""초음파영상진단기"", ""체외충격파쇄석기"", ""CT"", ""콘빔CT"", ""골밀도검사기"", ""인공호흡기"", ""일반엑스선촬영장치"", ""유방촬영장치"", ""MRI""]","[""성인 중환자실"", ""측두하악관절자극요법 실시기관"", ""가정간호실시기관"", ""응급의료기관"", ""HPV 국가예방접종사업 참여기관""]"
JDQ4MTYyMiM2MSMkMSMkMiMkODkkMzgxMzUxIzExIyQxIyQzIyQ5OSQzNjEwMDIjNTEjJDEjJDYjJDgz,의료법인 영서의료재단 천안충무병원,종합병원,"충청남도 천안시 서북구 다가말3길 8,  (쌍용동)",36.7974082,127.1314943,"[""내과"", ""신경과"", ""정신건강의학과"", ""외과"", ""정형외과"", ""신경외과"", ""심장혈관흉부외과"", ""성형외과"", ""마취통증의학과"", ""산부인과"", ""소아청소년과"", ""안과"", ""이비인후과"", ""비뇨의학과"", ""영상의학과"", ""병리과"", ""진단검사의학과"", ""재활의학과"", ""가정의학과"", ""응급의학과"", ""직업환경의학과"", ""예방의학과"", ""구강악안면외과"", ""치과보철과"", ""치과교정과"", ""소아치과"", ""치주과"", ""치과보존과"", ""구강병리과"", ""예방치과""]","{""가정의학과"": 1, ""결핵과"": 1, ""구강악안면외과"": 2, ""내과"": 15, ""마취통증의학과"": 5, ""병리과"": 2, ""비뇨의학과"": 1, ""산부인과"": 2, ""성형외과"": 1, ""소아청소년과"": 1, ""신경과"": 2, ""신경외과"": 5, ""심장혈관흉부외과"": 2, ""영상의학과"": 5, ""예방의학과"": 2, ""외과"": 3, ""응급의학과"": 8, ""재활의학과"": 1, ""정신건강의학과"": 1, ""정형외과"": 4, ""직업환경의학과"": 3, ""진단검사의학과"": 2, ""치과보철과"": 1, ""통합치의학과"": 1}","[""CT"", ""콘빔CT"", ""골밀도검사기"", ""유방촬영장치"", ""양전자단층촬영기 (PET)"", ""인큐베이터"", ""체외충격파쇄석기"", ""초음파영상진단기"", ""ECMO"", ""MRI"", ""일반엑스선촬영장치"", ""인공호흡기"", ""혈액투석을위한인공신장기""]","[""보훈위탁진료요양기관"", ""개방병원"", ""심장질환자 재택의료 시범기관"", ""간호간병통합서비스 제공기관"", ""응급의료기관"", ""HPV 국가예방접종사업 참여기관"", ""결핵환자 재택의료 시범기관"", ""성인 중환자실""]"
JDQ4MTYyMiM2MSMkMSMkMiMkODkkMzgxMzUxIzExIyQyIyQzIyQwMCQ0NjEwMDIjNTEjJDEjJDYjJDgz,의료법인 영제 의료재단 엔케이세종병원,종합병원,"세종특별자치시 한누리대로 161, 세종시 NK리움힐 상가 1~8층 (나성동)",36.4796231,127.2622579,"[""내과"", ""외과"", ""정형외과"", ""신경외과"", ""마취통증의학과"", ""소아청소년과"", ""영상의학과"", ""병리과"", ""가정의학과"", ""응급의학과"", ""직업환경의학과"", ""통합치의학과""]","{""가정의학과"": 2, ""내과"": 4, ""마취통증의학과"": 1, ""병리과"": 1, ""소아청소년과"": 1, ""신경외과"": 1, ""영상의학과"": 1, ""예방의학과"": 1, ""외과"": 1, ""응급의학과"": 1, ""정형외과"": 2, ""직업환경의학과"": 1, ""통합치의학과"": 1}","[""콘빔CT"", ""골밀도검사기"", ""일반엑스선촬영장치"", ""CT"", ""유방촬영장치"", ""인공호흡기"", ""MRI"", ""초음파영상진단기""]","[""측두하악관절자극요법 실시기관"", ""HPV 국가예방접종사업 참여기관"", ""응급의료기관"", ""간호간병통합서비스 제공기관""]"
JDQ4MTYyMiM2MSMkMSMkMiMkODkkMzgxMzUxIzExIyQxIyQzIyQ3OSQ0NjEwMDIjNDEjJDEjJDgjJDgz,의료법인 영훈의료재단 대전선병원,종합병원,"대전광역시 중구 목중로 29, (목동)",36.3360669,127.4104139,"[""내과"", ""신경과"", ""정신건강의학과"", ""외과"", ""정형외과"", ""신경외과"", ""심장혈관흉부외과"", ""성형외과"", ""마취통증의학과"", ""산부인과"", ""소아청소년과"", ""안과"", ""이비인후과"", ""피부과"", ""비뇨의학과"", ""영상의학과"", ""방사선종양학과"", ""병리과"", ""진단검사의학과"", ""재활의학과"", ""핵의학과"", ""가정의학과"", ""응급의학과"", ""구강악안면외과""]","{""가정의학과"": 3, ""구강악안면외과"": 1, ""내과"": 18, ""마취통증의학과"": 3, ""병리과"": 1, ""비뇨의학과"": 2, ""산부인과"": 2, ""소아청소년과"": 2, ""신경과"": 3, ""신경외과"": 3, ""심장혈관흉부외과"": 1, ""영상의학과"": 5, ""외과"": 5, ""응급의학과"": 7, ""이비인후과"": 2, ""정신건강의학과"": 1, ""정형외과"": 8, ""진단검사의학과"": 1}","[""인공호흡기"", ""혈액투석을위한인공신장기"", ""콘빔CT"", ""골밀도검사기"", ""유방촬영장치"", ""인큐베이터"", ""ECMO"", ""체외충격파쇄석기"", ""MRI"", ""분만감시기"", ""초음파영상진단기"", ""일반엑스선촬영장치"", ""CT""]","[""경피적 좌심방이 폐색술 실시기관"", ""개방병원"", ""HPV 국가예방접종사업 참여기관"", ""수면다원검사 실시기관"", ""간호간병통합서비스 제공기관"", ""측두하악관절자극요법 실시기관"", ""외국인 근로자 등 의료지원 사업시행 의료기관"", ""응급의료기관"", ""성인 중환자실""]"
JDQ4MTYyMiM2MSMkMSMkMiMkODkkMzgxMzUxIzExIyQxIyQzIyQ2MiQyNjE0ODEjNzEjJDEjJDgjJDgz,의료법인 예당의료재단 예산종합병원,종합병원,"충청남도 예산군 예산읍 금오대로 94, (예산읍)",36.6910743,126.8379717,"[""내과"", ""외과"", ""정형외과"", ""신경외과"", ""마취통증의학과"", ""산부인과"", ""소아청소년과"", ""이비인후과"", ""영상의학과"", ""진단검사의학과"", ""가정의학과""]","{""가정의학과"": 2, ""내과"": 1, ""마취통증의학과"": 1, ""산부인과"": 1, ""소아청소년과"": 1, ""신경외과"": 1, ""영상의학과"": 1, ""외과"": 1, ""이비인후과"": 1, ""정형외과"": 1, ""진단검사의학과"": 1}","[""일반엑스선촬영장치"", ""CT"", ""골밀도검사기"", ""초음파영상진단기"", ""체외충격파쇄석기"", ""유방촬영장치"", ""인공호흡기"", ""혈액투석을위한인공신장기"", ""MRI""]","[""HPV 국가예방접종사업 참여기관"", ""응급의료기관"", ""간호간병통합서비스 제공기관"", ""성인 중환자실""]"
JDQ4MTYyMiM2MSMkMSMkNiMkODkkMzgxMzUxIzExIyQxIyQzIyQ5OSQyNjEyMjIjNTEjJDEjJDIjJDgz,의료법인 오성의료재단 동군산병원,종합병원,"전북특별자치도 군산시 조촌로 149,  (조촌동)",35.9774829,126.7371620,"[""내과"", ""신경과"", ""외과"", ""정형외과"", ""신경외과"", ""심장혈관흉부외과"", ""마취통증의학과"", ""산부인과"", ""이비인후과"", ""비뇨의학과"", ""영상의학과"", ""진단검사의학과"", ""재활의학과"", ""가정의학과"", ""응급의학과"", ""직업환경의학과"", ""구강악안면외과"", ""치과보철과"", ""치과교정과"", ""소아치과"", ""치주과"", ""치과보존과"", ""구강내과"", ""영상치의학과"", ""구강병리과"", ""예방치과""]","{""가정의학과"": 4, ""내과"": 13, ""마취통증의학과"": 2, ""비뇨의학과"": 1, ""산부인과"": 2, ""신경과"": 2, ""신경외과"": 3, ""심장혈관흉부외과"": 1, ""영상의학과"": 5, ""외과"": 3, ""응급의학과"": 7, ""이비인후과"": 1, ""재활의학과"": 1, ""정형외과"": 3, ""직업환경의학과"": 2, ""진단검사의학과"": 1}","[""유방촬영장치"", ""인공호흡기"", ""콘빔CT"", ""일반엑스선촬영장치"", ""CT"", ""초음파영상진단기"", ""체외충격파쇄석기"", ""혈액투석을위한인공신장기"", ""골밀도검사기"", ""MRI""]","[""간호간병통합서비스 제공기관"", ""응급의료기관"", ""가정간호실시기관"", ""결핵환자 재택의료 시범기관"", ""성인 중환자실""]"
JDQ4MTAxMiM1MSMkMSMkMCMkODkkMzgxMzUxIzExIyQxIyQzIyQ4MiQyNjEwMDIjNjEjJDEjJDgjJDgz,의료법인 온그룹의료재단 온병원,종합병원,"부산광역시 부산진구 가야대로 719, ,767,721,본관 지하3~11층 전부,12층 일부,13~14층 전부,15층 일부,신관 1층, 9층 일부 (당감동)",35.1574359,129.0504284,"[""내과"", ""신경과"", ""정신건강의학과"", ""외과"", ""정형외과"", ""신경외과"", ""심장혈관흉부외과"", ""성형외과"", ""마취통증의학과"", ""산부인과"", ""소아청소년과"", ""안과"", ""이비인후과"", ""비뇨의학과"", ""영상의학과"", ""방사선종양학과"", ""병리과"", ""진단검사의학과"", ""재활의학과"", ""가정의학과"", ""응급의학과"", ""직업환경의학과"", ""예방의학과"", ""구강악안면외과"", ""치과보철과"", ""한방내과"", ""한방부인과"", ""한방소아과"", ""한방안·이비인후·피부과"", ""한방신경정신과"", ""침구과"", ""한방재활의학과"", ""사상체질과""]","{""가정의학과"": 4, ""구강악안면외과"": 1, ""내과"": 18, ""마취통증의학과"": 6, ""방사선종양학과"": 1, ""병리과"": 2, ""비뇨의학과"": 1, ""산부인과"": 1, ""성형외과"": 2, ""소아청소년과"": 3, ""신경과"": 2, ""신경외과"": 5, ""심장혈관흉부외과"": 1, ""영상의학과"": 5, ""예방의학과"": 1, ""외과"": 7, ""응급의학과"": 1, ""이비인후과"": 1, ""재활의학과"": 1, ""정신건강의학과"": 3, ""정형외과"": 4, ""직업환경의학과"": 2, ""진단검사의학과"": 3}","[""일반엑스선촬영장치"", ""초음파영상진단기"", ""MRI"", ""인공호흡기"", ""유방촬영장치"", ""ECMO"", ""골밀도검사기"", ""CT"", ""체외충격파쇄석기"", ""콘빔CT"", ""양전자단층촬영기 (PET)"", ""혈액투석을위한인공신장기""]","[""응급의료기관"", ""입원형 호스피스전문기관"", ""개방병원"", ""의·한협진 활성화를 위한 5단계 시범기관"", ""수면다원검사 실시기관"", ""1형 당뇨병 환자 재택의료 시범기관"", ""간호간병통합서비스 제공기관"", ""성인 중환자실"", ""HPV 국가예방접종사업 참여기관"", ""치매관리주치의 시범기관""]"
JDQ4MTYyMiM3MSMkMSMkMCMkODkkMzgxMzUxIzExIyQxIyQzIyQwMyQzNjE0ODEjNjEjJDEjJDgjJDgz,의료법인 우범의료재단 장흥종합병원,종합병원,"전남광주통합특별시 장흥군 장흥읍 흥성로 74, 74",34.6771314,126.9109162,"[""내과"", ""외과"", ""정형외과"", ""신경외과"", ""마취통증의학과"", ""소아청소년과"", ""영상의학과"", ""진단검사의학과""]","{""내과"": 1, ""마취통증의학과"": 1, ""소아청소년과"": 1, ""신경외과"": 1, ""영상의학과"": 1, ""외과"": 3, ""정형외과"": 1, ""진단검사의학과"": 1}","[""인공호흡기"", ""혈액투석을위한인공신장기"", ""유방촬영장치"", ""CT"", ""초음파영상진단기"", ""일반엑스선촬영장치"", ""MRI"", ""골밀도검사기""]","[""보훈위탁진료요양기관"", ""응급의료기관"", ""HPV 국가예방접종사업 참여기관""]"
JDQ4MTYyMiM1MSMkMSMkMCMkODkkMzgxMzUxIzExIyQyIyQ3IyQwMCQzNjEwMDIjNjEjJDEjJDgjJDgz,의료법인 원광의료재단 원광종합병원,종합병원,"경기도 화성시 병점구 화산북로 21, (송산동)",37.2101373,127.0081096,"[""내과"", ""신경과"", ""정신건강의학과"", ""외과"", ""정형외과"", ""신경외과"", ""마취통증의학과"", ""산부인과"", ""이비인후과"", ""비뇨의학과"", ""영상의학과"", ""진단검사의학과"", ""응급의학과"", ""직업환경의학과""]","{""가정의학과"": 1, ""내과"": 3, ""마취통증의학과"": 1, ""비뇨의학과"": 1, ""산부인과"": 1, ""신경과"": 1, ""신경외과"": 1, ""영상의학과"": 1, ""외과"": 2, ""응급의학과"": 2, ""이비인후과"": 1, ""정신건강의학과"": 2, ""정형외과"": 1, ""직업환경의학과"": 2, ""진단검사의학과"": 1}","[""CT"", ""유방촬영장치"", ""MRI"", ""일반엑스선촬영장치"", ""체외충격파쇄석기"", ""골밀도검사기"", ""초음파영상진단기"", ""인공호흡기""]","[""성인 중환자실"", ""응급의료기관"", ""HPV 국가예방접종사업 참여기관"", ""간호간병통합서비스 제공기관"", ""결핵환자 재택의료 시범기관""]"
JDQ4MTAxMiM1MSMkMSMkMCMkODkkMzgxMzUxIzExIyQxIyQzIyQ3MiQ0NjE0ODEjNjEjJDEjJDgjJDgz,의료법인 은성의료재단 좋은강안병원,종합병원,"부산광역시 수영구 수영로 493, (남천동)",35.1500685,129.1106218,"[""내과"", ""신경과"", ""정신건강의학과"", ""외과"", ""정형외과"", ""신경외과"", ""심장혈관흉부외과"", ""마취통증의학과"", ""산부인과"", ""소아청소년과"", ""안과"", ""이비인후과"", ""비뇨의학과"", ""영상의학과"", ""방사선종양학과"", ""병리과"", ""진단검사의학과"", ""재활의학과"", ""핵의학과"", ""가정의학과"", ""응급의학과"", ""직업환경의학과"", ""구강악안면외과"", ""치과보존과""]","{""가정의학과"": 3, ""내과"": 23, ""마취통증의학과"": 6, ""방사선종양학과"": 2, ""병리과"": 1, ""비뇨의학과"": 1, ""산부인과"": 4, ""소아청소년과"": 2, ""신경과"": 2, ""신경외과"": 4, ""심장혈관흉부외과"": 1, ""안과"": 5, ""영상의학과"": 11, ""외과"": 10, ""응급의학과"": 6, ""이비인후과"": 3, ""재활의학과"": 1, ""정신건강의학과"": 1, ""정형외과"": 3, ""직업환경의학과"": 1, ""진단검사의학과"": 2, ""통합치의학과"": 1, ""핵의학과"": 1}","[""양전자단층촬영기 (PET)"", ""일반엑스선촬영장치"", ""콘빔CT"", ""MRI"", ""인공호흡기"", ""혈액투석을위한인공신장기"", ""유방촬영장치"", ""초음파영상진단기"", ""분만감시기"", ""CT"", ""골밀도검사기"", ""ECMO"", ""체외충격파쇄석기""]","[""응급의료기관"", ""수면다원검사 실시기관"", ""HPV 국가예방접종사업 참여기관"", ""간호간병통합서비스 제공기관"", ""성인 중환자실""]"
JDQ4MTAxMiM1MSMkMSMkMCMkODkkMzgxMzUxIzExIyQxIyQzIyQ3MiQyNjE0ODEjNDEjJDEjJDgjJDgz,의료법인 은성의료재단 좋은삼선병원,종합병원,"부산광역시 사상구 가야대로 326, 좋은삼선병원 (주례동)",35.1504160,129.0082463,"[""내과"", ""신경과"", ""정신건강의학과"", ""외과"", ""정형외과"", ""신경외과"", ""마취통증의학과"", ""산부인과"", ""소아청소년과"", ""이비인후과"", ""비뇨의학과"", ""영상의학과"", ""병리과"", ""진단검사의학과"", ""재활의학과"", ""가정의학과"", ""응급의학과"", ""직업환경의학과"", ""통합치의학과""]","{""가정의학과"": 2, ""내과"": 22, ""마취통증의학과"": 4, ""병리과"": 1, ""비뇨의학과"": 2, ""산부인과"": 2, ""소아청소년과"": 2, ""신경과"": 3, ""신경외과"": 4, ""심장혈관흉부외과"": 1, ""영상의학과"": 7, ""외과"": 3, ""응급의학과"": 5, ""이비인후과"": 1, ""재활의학과"": 1, ""정신건강의학과"": 1, ""정형외과"": 8, ""직업환경의학과"": 3, ""진단검사의학과"": 1, ""통합치의학과"": 2}","[""CT"", ""콘빔CT"", ""MRI"", ""일반엑스선촬영장치"", ""초음파영상진단기"", ""ECMO"", ""혈액투석을위한인공신장기"", ""유방촬영장치"", ""골밀도검사기"", ""인공호흡기"", ""체외충격파쇄석기""]","[""HPV 국가예방접종사업 참여기관"", ""외국인 근로자 등 의료지원 사업시행 의료기관"", ""간호간병통합서비스 제공기관"", ""성인 중환자실"", ""응급의료기관""]"
JDQ4MTYyMiM4MSMkMSMkNCMkODkkMzgxMzUxIzExIyQxIyQzIyQ3MiQ0NjE0ODEjNjEjJDEjJDAjJDgz,의료법인 은성의료재단 좋은삼정병원,종합병원,"울산광역시 남구 북부순환도로 51, (무거동)",35.5528955,129.2688242,"[""내과"", ""신경과"", ""외과"", ""정형외과"", ""신경외과"", ""마취통증의학과"", ""소아청소년과"", ""비뇨의학과"", ""영상의학과"", ""진단검사의학과"", ""가정의학과"", ""응급의학과"", ""예방치과""]","{""내과"": 14, ""마취통증의학과"": 2, ""비뇨의학과"": 1, ""소아청소년과"": 2, ""신경과"": 1, ""신경외과"": 1, ""영상의학과"": 4, ""외과"": 2, ""정형외과"": 4, ""진단검사의학과"": 1}","[""ECMO"", ""유방촬영장치"", ""골밀도검사기"", ""체외충격파쇄석기"", ""일반엑스선촬영장치"", ""MRI"", ""초음파영상진단기"", ""혈액투석을위한인공신장기"", ""CT"", ""인공호흡기""]","[""성인 중환자실"", ""응급의료기관"", ""HPV 국가예방접종사업 참여기관"", ""간호간병통합서비스 제공기관""]"
JDQ4MTYyMiM1MSMkMSMkMCMkODkkMzgxMzUxIzExIyQxIyQzIyQxMyQyNjE4MzIjNzEjJDEjJDgjJDgz,의료법인 은혜와감사의료재단 화성중앙종합병원,종합병원,"경기도 화성시 만세구 향남읍 발안로 5, (향남읍)",37.1313512,126.9107797,"[""내과"", ""외과"", ""정형외과"", ""신경외과"", ""마취통증의학과"", ""소아청소년과"", ""이비인후과"", ""영상의학과"", ""진단검사의학과""]","{""내과"": 1, ""마취통증의학과"": 2, ""소아청소년과"": 1, ""신경외과"": 2, ""영상의학과"": 1, ""외과"": 1, ""응급의학과"": 1, ""정형외과"": 2, ""직업환경의학과"": 1, ""진단검사의학과"": 1}","[""일반엑스선촬영장치"", ""유방촬영장치"", ""인공호흡기"", ""골밀도검사기"", ""MRI"", ""CT"", ""초음파영상진단기"", ""체외충격파쇄석기""]","[""성인 중환자실"", ""응급의료기관"", ""간호간병통합서비스 제공기관"", ""HPV 국가예방접종사업 참여기관"", ""보훈위탁진료요양기관""]"
JDQ4MTAxMiM1MSMkMSMkMCMkODkkMzgxMzUxIzExIyQxIyQzIyQ4MiQyNjE4MzIjNTEjJDEjJDIjJDgz,의료법인 인당의료재단 부민병원,종합병원,"부산광역시 북구 만덕대로 59, (덕천동)",35.2119276,129.0112115,"[""내과"", ""신경과"", ""정신건강의학과"", ""외과"", ""정형외과"", ""신경외과"", ""마취통증의학과"", ""산부인과"", ""소아청소년과"", ""비뇨의학과"", ""영상의학과"", ""병리과"", ""진단검사의학과"", ""응급의학과"", ""예방치과"", ""통합치의학과""]","{""가정의학과"": 1, ""내과"": 14, ""마취통증의학과"": 5, ""병리과"": 1, ""비뇨의학과"": 1, ""산부인과"": 2, ""소아청소년과"": 2, ""신경과"": 2, ""신경외과"": 4, ""심장혈관흉부외과"": 4, ""영상의학과"": 6, ""외과"": 3, ""응급의학과"": 4, ""정신건강의학과"": 1, ""정형외과"": 14, ""진단검사의학과"": 1}","[""혈액투석을위한인공신장기"", ""초음파영상진단기"", ""인큐베이터"", ""골밀도검사기"", ""분만감시기"", ""유방촬영장치"", ""인공호흡기"", ""체외충격파쇄석기"", ""일반엑스선촬영장치"", ""CT"", ""MRI""]","[""응급의료기관"", ""간호간병통합서비스 제공기관"", ""성인 중환자실"", ""HPV 국가예방접종사업 참여기관""]"
JDQ4MTAxMiM1MSMkMSMkMCMkODkkMzgxMzUxIzExIyQxIyQzIyQ4MiQzNjE0ODEjNDEjJDEjJDgjJDgz,의료법인 인당의료재단 해운대부민병원,종합병원,"부산광역시 해운대구 해운대로 584, 해운대 부민병원 지하4~지상13층 (우동)",35.1614208,129.1556545,"[""내과"", ""신경과"", ""정신건강의학과"", ""외과"", ""정형외과"", ""신경외과"", ""마취통증의학과"", ""산부인과"", ""소아청소년과"", ""비뇨의학과"", ""영상의학과"", ""진단검사의학과"", ""가정의학과"", ""응급의학과"", ""치과보철과"", ""소아치과"", ""치주과"", ""치과보존과""]","{""가정의학과"": 2, ""내과"": 17, ""마취통증의학과"": 6, ""비뇨의학과"": 1, ""산부인과"": 1, ""소아청소년과"": 2, ""신경과"": 2, ""신경외과"": 5, ""심장혈관흉부외과"": 1, ""영상의학과"": 5, ""외과"": 7, ""응급의학과"": 1, ""정신건강의학과"": 1, ""정형외과"": 9, ""진단검사의학과"": 1}","[""인공호흡기"", ""일반엑스선촬영장치"", ""혈액투석을위한인공신장기"", ""유방촬영장치"", ""체외충격파쇄석기"", ""골밀도검사기"", ""초음파영상진단기"", ""CT"", ""콘빔CT"", ""MRI""]","[""응급의료기관"", ""HPV 국가예방접종사업 참여기관"", ""간호간병통합서비스 제공기관"", ""성인 중환자실""]"
JDQ4MTYyMiM1MSMkMSMkMCMkODkkMzgxMzUxIzExIyQxIyQzIyQ4MiQyNjEwMDIjODEjJDEjJDYjJDgz,의료법인 인천사랑병원,종합병원,"인천광역시 미추홀구 미추홀대로 726-0, 인천사랑병원",37.4622040,126.6807094,"[""내과"", ""신경과"", ""정신건강의학과"", ""외과"", ""정형외과"", ""신경외과"", ""마취통증의학과"", ""산부인과"", ""소아청소년과"", ""안과"", ""이비인후과"", ""비뇨의학과"", ""영상의학과"", ""병리과"", ""진단검사의학과"", ""재활의학과"", ""가정의학과"", ""응급의학과"", ""직업환경의학과""]","{""가정의학과"": 2, ""내과"": 17, ""마취통증의학과"": 3, ""병리과"": 1, ""비뇨의학과"": 1, ""산부인과"": 2, ""소아청소년과"": 2, ""신경과"": 1, ""신경외과"": 4, ""안과"": 1, ""영상의학과"": 4, ""예방의학과"": 1, ""외과"": 5, ""응급의학과"": 9, ""이비인후과"": 1, ""재활의학과"": 1, ""정신건강의학과"": 1, ""정형외과"": 5, ""직업환경의학과"": 1, ""진단검사의학과"": 1}","[""CT"", ""초음파영상진단기"", ""일반엑스선촬영장치"", ""인공호흡기"", ""유방촬영장치"", ""혈액투석을위한인공신장기"", ""골밀도검사기"", ""MRI"", ""체외충격파쇄석기""]","[""성인 중환자실"", ""HPV 국가예방접종사업 참여기관"", ""응급의료기관"", ""비대면진료 시범사업 진료기관(의료기관)"", ""간호간병통합서비스 제공기관"", ""결핵환자 재택의료 시범기관""]"
JDQ4MTYyMiM1MSMkMSMkOCMkODkkMzgxMzUxIzExIyQxIyQzIyQ4OSQzNjE0ODEjNjEjJDEjJDAjJDgz,의료법인 인화재단 한국병원,종합병원,"충청북도 청주시 상당구 단재로 106-0, 한국병원",36.6195069,127.4965379,"[""내과"", ""신경과"", ""정신건강의학과"", ""외과"", ""정형외과"", ""신경외과"", ""심장혈관흉부외과"", ""마취통증의학과"", ""산부인과"", ""소아청소년과"", ""비뇨의학과"", ""영상의학과"", ""진단검사의학과"", ""재활의학과"", ""가정의학과"", ""응급의학과"", ""직업환경의학과"", ""구강악안면외과""]","{""가정의학과"": 5, ""구강악안면외과"": 2, ""내과"": 16, ""마취통증의학과"": 4, ""비뇨의학과"": 2, ""산부인과"": 2, ""소아청소년과"": 2, ""신경과"": 2, ""신경외과"": 5, ""심장혈관흉부외과"": 3, ""영상의학과"": 8, ""외과"": 4, ""응급의학과"": 7, ""재활의학과"": 1, ""정신건강의학과"": 2, ""정형외과"": 4, ""직업환경의학과"": 4, ""진단검사의학과"": 1, ""치과교정과"": 2, ""통합치의학과"": 1}","[""CT"", ""초음파영상진단기"", ""인큐베이터"", ""혈액투석을위한인공신장기"", ""MRI"", ""체외충격파쇄석기"", ""일반엑스선촬영장치"", ""인공호흡기"", ""콘빔CT"", ""유방촬영장치"", ""골밀도검사기""]","[""성인 중환자실"", ""개방병원"", ""심장질환자 재택의료 시범기관"", ""HPV 국가예방접종사업 참여기관"", ""간호간병통합서비스 제공기관"", ""응급의료기관"", ""측두하악관절자극요법 실시기관""]"
JDQ4MTYyMiM1MSMkMSMkMCMkODkkMzgxMzUxIzExIyQxIyQ3IyQ3OSQzNjEwMDIjNjEjJDEjJDAjJDgz,의료법인 일심의료재단 포천우리병원,종합병원,"경기도 포천시 소흘읍 호국로 661, 661",37.8274710,127.1481863,"[""내과"", ""신경과"", ""정신건강의학과"", ""외과"", ""정형외과"", ""신경외과"", ""마취통증의학과"", ""산부인과"", ""소아청소년과"", ""이비인후과"", ""피부과"", ""비뇨의학과"", ""영상의학과"", ""진단검사의학과"", ""가정의학과"", ""응급의학과"", ""구강악안면외과"", ""치과보철과"", ""소아치과"", ""치과보존과"", ""통합치의학과""]","{""가정의학과"": 2, ""구강악안면외과"": 1, ""내과"": 8, ""마취통증의학과"": 1, ""비뇨의학과"": 1, ""산부인과"": 2, ""소아청소년과"": 4, ""소아치과"": 1, ""신경과"": 2, ""신경외과"": 2, ""영상의학과"": 3, ""외과"": 3, ""응급의학과"": 7, ""이비인후과"": 1, ""정형외과"": 5, ""진단검사의학과"": 1, ""피부과"": 2}","[""일반엑스선촬영장치"", ""MRI"", ""CT"", ""인공호흡기"", ""유방촬영장치"", ""골밀도검사기"", ""콘빔CT"", ""혈액투석을위한인공신장기"", ""초음파영상진단기"", ""체외충격파쇄석기""]","[""성인 중환자실"", ""소아 야간·휴일진료기관"", ""수면다원검사 실시기관"", ""응급의료기관"", ""간호간병통합서비스 제공기관"", ""측두하악관절자극요법 실시기관"", ""HPV 국가예방접종사업 참여기관"", ""결핵환자 재택의료 시범기관""]"
JDQ4MTYyMiM1MSMkMSMkOCMkODkkMzgxMzUxIzExIyQxIyQzIyQ4OSQyNjEwMDIjNDEjJDEjJDQjJDgz,의료법인 자산의료재단 제천서울병원,종합병원,"충청북도 제천시 숭문로 57-0, 서울병원",37.1386110,128.2062355,"[""내과"", ""외과"", ""정형외과"", ""신경외과"", ""마취통증의학과"", ""산부인과"", ""소아청소년과"", ""영상의학과"", ""병리과"", ""진단검사의학과"", ""재활의학과"", ""가정의학과"", ""응급의학과"", ""직업환경의학과"", ""구강악안면외과""]","{""가정의학과"": 1, ""내과"": 4, ""마취통증의학과"": 1, ""산부인과"": 1, ""소아청소년과"": 1, ""신경외과"": 2, ""영상의학과"": 2, ""외과"": 1, ""응급의학과"": 6, ""재활의학과"": 1, ""정형외과"": 2, ""직업환경의학과"": 1, ""진단검사의학과"": 1, ""통합치의학과"": 1}","[""CT"", ""골밀도검사기"", ""MRI"", ""체외충격파쇄석기"", ""일반엑스선촬영장치"", ""유방촬영장치"", ""혈액투석을위한인공신장기"", ""초음파영상진단기"", ""인공호흡기""]","[""성인 중환자실"", ""측두하악관절자극요법 실시기관"", ""개방병원"", ""응급의료기관"", ""HPV 국가예방접종사업 참여기관""]"
JDQ4MTYyMiM1MSMkMSMkOCMkODkkMzgxMzUxIzExIyQxIyQzIyQ5OSQyNjEwMDIjNzEjJDEjJDgjJDgz,의료법인 정산의료재단 효성병원,종합병원,"충청북도 청주시 상당구 쇠내로 16-0, 효성병원",36.6244786,127.4953372,"[""내과"", ""신경과"", ""정신건강의학과"", ""외과"", ""정형외과"", ""신경외과"", ""심장혈관흉부외과"", ""성형외과"", ""마취통증의학과"", ""산부인과"", ""소아청소년과"", ""이비인후과"", ""비뇨의학과"", ""영상의학과"", ""진단검사의학과"", ""결핵과"", ""재활의학과"", ""가정의학과"", ""응급의학과"", ""직업환경의학과"", ""구강악안면외과"", ""치과보철과"", ""치과교정과"", ""치주과"", ""통합치의학과"", ""한방내과"", ""한방부인과"", ""한방소아과"", ""한방안·이비인후·피부과"", ""한방신경정신과"", ""침구과""]","{""가정의학과"": 9, ""구강악안면외과"": 1, ""내과"": 3, ""마취통증의학과"": 3, ""비뇨의학과"": 2, ""산부인과"": 2, ""성형외과"": 2, ""소아청소년과"": 1, ""신경과"": 1, ""신경외과"": 6, ""영상의학과"": 5, ""외과"": 3, ""응급의학과"": 1, ""이비인후과"": 1, ""재활의학과"": 1, ""정신건강의학과"": 1, ""정형외과"": 2, ""직업환경의학과"": 1, ""진단검사의학과"": 1, ""치과교정과"": 1}","[""체외충격파쇄석기"", ""인공호흡기"", ""콘빔CT"", ""MRI"", ""초음파영상진단기"", ""유방촬영장치"", ""혈액투석을위한인공신장기"", ""인큐베이터"", ""일반엑스선촬영장치"", ""CT"", ""골밀도검사기""]","[""성인 중환자실"", ""개방병원"", ""응급의료기관"", ""보훈위탁진료요양기관"", ""HPV 국가예방접종사업 참여기관""]"
JDQ4MTYyMiM4MSMkMSMkNCMkODkkMzgxMzUxIzExIyQxIyQzIyQ4MiQyNjEyMjIjNTEjJDEjJDIjJDgz,의료법인 정안의료재단 중앙병원,종합병원,"울산광역시 남구 문수로 472, 중앙병원 (신정동)",35.5322423,129.3046446,"[""내과"", ""신경과"", ""정신건강의학과"", ""외과"", ""정형외과"", ""신경외과"", ""마취통증의학과"", ""산부인과"", ""소아청소년과"", ""비뇨의학과"", ""영상의학과"", ""병리과"", ""재활의학과"", ""가정의학과"", ""응급의학과"", ""직업환경의학과"", ""통합치의학과""]","{""가정의학과"": 2, ""내과"": 11, ""마취통증의학과"": 3, ""병리과"": 1, ""비뇨의학과"": 1, ""산부인과"": 1, ""소아청소년과"": 1, ""신경과"": 1, ""신경외과"": 4, ""영상의학과"": 3, ""외과"": 2, ""응급의학과"": 7, ""재활의학과"": 1, ""정형외과"": 6, ""직업환경의학과"": 3}","[""혈액투석을위한인공신장기"", ""골밀도검사기"", ""일반엑스선촬영장치"", ""유방촬영장치"", ""초음파영상진단기"", ""MRI"", ""체외충격파쇄석기"", ""CT"", ""인공호흡기""]","[""성인 중환자실"", ""HPV 국가예방접종사업 참여기관"", ""응급의료기관"", ""개방병원"", ""간호간병통합서비스 제공기관"", ""결핵환자 재택의료 시범기관""]"
JDQ4MTYyMiM4MSMkMSMkOCMkODkkMzgxMzUxIzExIyQxIyQzIyQ4OSQzNjE4MzIjNDEjJDEjJDgjJDgz,의료법인 중앙의료재단 중앙병원,종합병원,"제주특별자치도 제주시 월랑로 91-0, 중앙병원",33.4923256,126.4705290,"[""내과"", ""신경과"", ""정신건강의학과"", ""외과"", ""정형외과"", ""신경외과"", ""심장혈관흉부외과"", ""성형외과"", ""마취통증의학과"", ""산부인과"", ""소아청소년과"", ""안과"", ""이비인후과"", ""비뇨의학과"", ""영상의학과"", ""진단검사의학과"", ""재활의학과"", ""가정의학과"", ""응급의학과"", ""예방치과""]","{""가정의학과"": 1, ""내과"": 5, ""마취통증의학과"": 2, ""비뇨의학과"": 1, ""산부인과"": 1, ""소아청소년과"": 1, ""신경과"": 1, ""신경외과"": 2, ""영상의학과"": 3, ""외과"": 2, ""응급의학과"": 3, ""이비인후과"": 1, ""재활의학과"": 2, ""정형외과"": 1, ""진단검사의학과"": 1, ""치과교정과"": 1}","[""분만감시기"", ""인공호흡기"", ""ECMO"", ""MRI"", ""CT"", ""혈액투석을위한인공신장기"", ""초음파영상진단기"", ""유방촬영장치"", ""콘빔CT"", ""골밀도검사기"", ""체외충격파쇄석기"", ""일반엑스선촬영장치"", ""인큐베이터""]","[""성인 중환자실"", ""응급의료기관"", ""HPV 국가예방접종사업 참여기관""]"
JDQ4MTg4MSM1MSMkMSMkMCMkODkkMzgxMzUxIzExIyQxIyQzIyQ5MiQyNjEwMDIjNDEjJDEjJDgjJDgz,의료법인 청구성심병원,종합병원,"서울특별시 은평구 통일로 873, (갈현동)",37.6208615,126.9197006,"[""내과"", ""신경과"", ""외과"", ""정형외과"", ""마취통증의학과"", ""소아청소년과"", ""비뇨의학과"", ""영상의학과"", ""진단검사의학과"", ""응급의학과""]","{""내과"": 7, ""마취통증의학과"": 2, ""비뇨의학과"": 1, ""소아청소년과"": 1, ""신경과"": 1, ""영상의학과"": 2, ""외과"": 2, ""응급의학과"": 5, ""정형외과"": 4, ""진단검사의학과"": 1}","[""MRI"", ""골밀도검사기"", ""일반엑스선촬영장치"", ""CT"", ""인공호흡기"", ""유방촬영장치"", ""체외충격파쇄석기"", ""초음파영상진단기"", ""혈액투석을위한인공신장기""]","[""HPV 국가예방접종사업 참여기관"", ""응급의료기관"", ""간호간병통합서비스 제공기관"", ""성인 중환자실""]"
JDQ4MTYyMiM1MSMkMSMkMCMkODkkMzgxMzUxIzExIyQxIyQ3IyQ2MiQyNjE4MzIjNzEjJDEjJDgjJDgz,의료법인 토마스의료재단 윌스기념병원,종합병원,"경기도 수원시 팔달구 경수대로 437, (인계동)",37.2653229,127.0255443,"[""내과"", ""신경과"", ""외과"", ""정형외과"", ""신경외과"", ""마취통증의학과"", ""산부인과"", ""소아청소년과"", ""비뇨의학과"", ""영상의학과"", ""진단검사의학과"", ""재활의학과"", ""응급의학과""]","{""내과"": 8, ""마취통증의학과"": 8, ""비뇨의학과"": 2, ""산부인과"": 1, ""소아청소년과"": 1, ""신경과"": 3, ""신경외과"": 19, ""심장혈관흉부외과"": 1, ""영상의학과"": 6, ""외과"": 2, ""응급의학과"": 7, ""재활의학과"": 1, ""정형외과"": 9, ""진단검사의학과"": 2}","[""일반엑스선촬영장치"", ""인공호흡기"", ""ECMO"", ""골밀도검사기"", ""유방촬영장치"", ""MRI"", ""초음파영상진단기"", ""CT"", ""체외충격파쇄석기"", ""혈액투석을위한인공신장기"", ""인큐베이터""]","[""성인 중환자실"", ""외국인 근로자 등 의료지원 사업시행 의료기관"", ""HPV 국가예방접종사업 참여기관"", ""응급의료기관"", ""수면다원검사 실시기관"", ""간호간병통합서비스 제공기관"", ""비대면진료 시범사업 진료기관(의료기관)"", ""가정간호실시기관""]"
JDQ4MTYyMiM1MSMkMSMkMCMkODkkMzgxMzUxIzExIyQxIyQ3IyQ2MiQyNjE0ODEjNTEjJDEjJDIjJDgz,의료법인 플러스의료재단 단원병원,종합병원,"경기도 안산시 단원구 원포공원1로 20, (초지동)",37.3002282,126.8134984,"[""내과"", ""신경과"", ""정신건강의학과"", ""외과"", ""정형외과"", ""신경외과"", ""심장혈관흉부외과"", ""성형외과"", ""마취통증의학과"", ""산부인과"", ""소아청소년과"", ""안과"", ""피부과"", ""비뇨의학과"", ""영상의학과"", ""병리과"", ""진단검사의학과"", ""재활의학과"", ""가정의학과"", ""직업환경의학과"", ""통합치의학과"", ""한방내과"", ""한방부인과"", ""한방소아과"", ""한방안·이비인후·피부과"", ""한방신경정신과"", ""침구과"", ""한방재활의학과""]","{""가정의학과"": 1, ""내과"": 14, ""마취통증의학과"": 4, ""산부인과"": 1, ""성형외과"": 1, ""소아청소년과"": 5, ""신경과"": 3, ""신경외과"": 3, ""심장혈관흉부외과"": 2, ""영상의학과"": 5, ""예방의학과"": 1, ""외과"": 5, ""응급의학과"": 10, ""재활의학과"": 1, ""정신건강의학과"": 1, ""정형외과"": 3, ""직업환경의학과"": 1, ""진단검사의학과"": 2}","[""ECMO"", ""인공호흡기"", ""초음파영상진단기"", ""MRI"", ""유방촬영장치"", ""골밀도검사기"", ""CT"", ""혈액투석을위한인공신장기"", ""일반엑스선촬영장치""]","[""성인 중환자실"", ""응급의료기관"", ""HPV 국가예방접종사업 참여기관"", ""개방병원"", ""간호간병통합서비스 제공기관"", ""외국인 근로자 등 의료지원 사업시행 의료기관"", ""소아 야간·휴일진료기관""]"
JDQ4MTAxMiM1MSMkMSMkMCMkODkkMzgxMzUxIzExIyQxIyQzIyQ4MiQzNjE4MzIjNjEjJDEjJDQjJDgz,의료법인 행도의료재단 해동병원,종합병원,"부산광역시 영도구 태종로 133, (봉래동3가)",35.0919442,129.0438660,"[""내과"", ""신경과"", ""정신건강의학과"", ""외과"", ""정형외과"", ""신경외과"", ""심장혈관흉부외과"", ""마취통증의학과"", ""산부인과"", ""소아청소년과"", ""이비인후과"", ""비뇨의학과"", ""영상의학과"", ""진단검사의학과"", ""재활의학과"", ""가정의학과"", ""응급의학과""]","{""가정의학과"": 3, ""내과"": 4, ""마취통증의학과"": 2, ""비뇨의학과"": 1, ""산부인과"": 1, ""신경과"": 2, ""신경외과"": 1, ""심장혈관흉부외과"": 1, ""영상의학과"": 1, ""외과"": 3, ""재활의학과"": 1, ""정신건강의학과"": 1, ""정형외과"": 2, ""진단검사의학과"": 1}","[""유방촬영장치"", ""체외충격파쇄석기"", ""CT"", ""초음파영상진단기"", ""인공호흡기"", ""혈액투석을위한인공신장기"", ""일반엑스선촬영장치"", ""MRI"", ""골밀도검사기""]","[""HPV 국가예방접종사업 참여기관"", ""결핵환자 재택의료 시범기관"", ""간호간병통합서비스 제공기관"", ""성인 중환자실"", ""응급의료기관""]"
JDQ4MTYyMiM4MSMkMSMkOCMkODkkMzgxMzUxIzExIyQxIyQzIyQ4OSQyNjEyMjIjNDEjJDEjJDQjJDgz,의료법인 혜인의료재단 한국병원,종합병원,"제주특별자치도 제주시 서광로 193, (삼도일동)",33.5002330,126.5170620,"[""내과"", ""신경과"", ""외과"", ""정형외과"", ""신경외과"", ""심장혈관흉부외과"", ""마취통증의학과"", ""산부인과"", ""소아청소년과"", ""영상의학과"", ""진단검사의학과"", ""가정의학과"", ""응급의학과""]","{""가정의학과"": 1, ""내과"": 10, ""마취통증의학과"": 1, ""산부인과"": 2, ""소아청소년과"": 1, ""신경과"": 3, ""신경외과"": 1, ""심장혈관흉부외과"": 2, ""영상의학과"": 2, ""외과"": 3, ""응급의학과"": 3, ""정형외과"": 4, ""진단검사의학과"": 1}","[""MRI"", ""골밀도검사기"", ""유방촬영장치"", ""혈액투석을위한인공신장기"", ""일반엑스선촬영장치"", ""초음파영상진단기"", ""인공호흡기"", ""CT"", ""인큐베이터""]","[""성인 중환자실"", ""응급의료기관"", ""HPV 국가예방접종사업 참여기관""]"
JDQ4MTYyMiM1MSMkMSMkOCMkODkkMzgxMzUxIzExIyQxIyQzIyQ5OSQzNjE0ODEjNDEjJDEjJDgjJDgz,의료법인 힐링의료재단 옥천성모병원,종합병원,"충청북도 옥천군 옥천읍 성왕로 1195-0,",36.3133286,127.5720099,"[""내과"", ""신경과"", ""외과"", ""정형외과"", ""신경외과"", ""성형외과"", ""마취통증의학과"", ""산부인과"", ""영상의학과"", ""진단검사의학과"", ""재활의학과"", ""가정의학과"", ""응급의학과""]","{""가정의학과"": 2, ""내과"": 3, ""마취통증의학과"": 1, ""산부인과"": 1, ""성형외과"": 1, ""신경과"": 1, ""신경외과"": 1, ""영상의학과"": 1, ""외과"": 1, ""재활의학과"": 1, ""정형외과"": 2, ""진단검사의학과"": 1}","[""유방촬영장치"", ""CT"", ""일반엑스선촬영장치"", ""인공호흡기"", ""골밀도검사기"", ""MRI"", ""초음파영상진단기""]","[""성인 중환자실"", ""응급의료기관"", ""HPV 국가예방접종사업 참여기관"", ""보훈위탁진료요양기관""]"
JDQ4MTYyMiM4MSMkMSMkNCMkODkkMzgxMzUxIzExIyQxIyQzIyQ3MiQzNjE0ODEjNDEjJDEjJDgjJDgz,의료법인갑을의료재단 갑을장유병원,종합병원,"경상남도 김해시 장유로 167-13, (부곡동)",35.2086652,128.8056169,"[""내과"", ""신경과"", ""외과"", ""정형외과"", ""신경외과"", ""마취통증의학과"", ""산부인과"", ""이비인후과"", ""비뇨의학과"", ""영상의학과"", ""진단검사의학과"", ""재활의학과"", ""가정의학과"", ""응급의학과""]","{""내과"": 6, ""마취통증의학과"": 2, ""비뇨의학과"": 1, ""산부인과"": 1, ""신경과"": 1, ""신경외과"": 1, ""영상의학과"": 3, ""외과"": 1, ""응급의학과"": 2, ""재활의학과"": 1, ""정형외과"": 2, ""진단검사의학과"": 1}","[""CT"", ""체외충격파쇄석기"", ""혈액투석을위한인공신장기"", ""일반엑스선촬영장치"", ""유방촬영장치"", ""MRI"", ""골밀도검사기"", ""초음파영상진단기"", ""인공호흡기""]","[""HPV 국가예방접종사업 참여기관"", ""응급의료기관"", ""간호간병통합서비스 제공기관"", ""결핵환자 재택의료 시범기관""]"
JDQ4MTYyMiM3MSMkMSMkMCMkODkkMzgxMzUxIzExIyQxIyQzIyQwMyQyNjEyMjIjNDEjJDEjJDQjJDgz,의료법인거명의료재단 영광기독병원,종합병원,"전남광주통합특별시 영광군 영광읍 신남로 265, (영광읍)",35.2749379,126.5108768,"[""내과"", ""신경과"", ""외과"", ""정형외과"", ""신경외과"", ""마취통증의학과"", ""산부인과"", ""소아청소년과"", ""영상의학과"", ""진단검사의학과"", ""가정의학과""]","{""가정의학과"": 2, ""내과"": 2, ""마취통증의학과"": 1, ""소아청소년과"": 1, ""신경과"": 1, ""신경외과"": 1, ""영상의학과"": 1, ""외과"": 2, ""정형외과"": 1, ""진단검사의학과"": 1}","[""MRI"", ""인공호흡기"", ""유방촬영장치"", ""초음파영상진단기"", ""CT"", ""골밀도검사기"", ""일반엑스선촬영장치""]","[""성인 중환자실"", ""응급의료기관"", ""HPV 국가예방접종사업 참여기관"", ""보훈위탁진료요양기관""]"
JDQ4MTYyMiM4MSMkMSMkMCMkODkkMzgxMzUxIzExIyQyIyQzIyQwMCQyNjEyMjIjNzEjJDEjJDgjJDgz,의료법인구의료재단 구병원,종합병원,"대구광역시 달서구 감삼북길 141, (감삼동)",35.8506236,128.5414437,"[""내과"", ""외과"", ""정형외과"", ""신경외과"", ""마취통증의학과"", ""산부인과"", ""영상의학과"", ""진단검사의학과""]","{""가정의학과"": 1, ""내과"": 10, ""마취통증의학과"": 5, ""산부인과"": 1, ""신경외과"": 1, ""영상의학과"": 7, ""외과"": 18, ""정형외과"": 1, ""진단검사의학과"": 1}","[""혈액투석을위한인공신장기"", ""초음파영상진단기"", ""유방촬영장치"", ""MRI"", ""CT"", ""인공호흡기"", ""일반엑스선촬영장치"", ""골밀도검사기""]","[""응급의료기관"", ""간호간병통합서비스 제공기관"", ""성인 중환자실""]"
JDQ4MTYyMiM3MSMkMSMkMCMkODkkMzgxMzUxIzExIyQxIyQzIyQ5OSQzNjE0ODEjNTEjJDEjJDIjJDgz,의료법인대송의료재단 무안병원,종합병원,"전남광주통합특별시 무안군 무안읍 몽탄로 65, (무안읍)",34.9916301,126.4893984,"[""내과"", ""신경과"", ""정신건강의학과"", ""외과"", ""신경외과"", ""성형외과"", ""마취통증의학과"", ""산부인과"", ""영상의학과"", ""진단검사의학과"", ""재활의학과"", ""가정의학과"", ""응급의학과""]","{""내과"": 3, ""마취통증의학과"": 1, ""산부인과"": 1, ""신경과"": 1, ""신경외과"": 2, ""영상의학과"": 1, ""외과"": 1, ""응급의학과"": 1, ""재활의학과"": 1, ""정신건강의학과"": 2, ""정형외과"": 1, ""진단검사의학과"": 1}","[""CT"", ""인큐베이터"", ""골밀도검사기"", ""혈액투석을위한인공신장기"", ""일반엑스선촬영장치"", ""유방촬영장치"", ""MRI"", ""초음파영상진단기"", ""인공호흡기""]","[""성인 중환자실"", ""보훈위탁진료요양기관"", ""HPV 국가예방접종사업 참여기관"", ""응급의료기관""]"
JDQ4MTYyMiM1MSMkMSMkMCMkODkkMzgxMzUxIzExIyQxIyQzIyQwMyQzNjEwMDIjNjEjJDEjJDgjJDgz,의료법인대인의료재단 다니엘종합병원,종합병원,"경기도 부천시 원미구 중동로 361, 다니엘종합병원 (약대동)",37.5123067,126.7694764,"[""내과"", ""신경과"", ""외과"", ""정형외과"", ""신경외과"", ""심장혈관흉부외과"", ""마취통증의학과"", ""소아청소년과"", ""비뇨의학과"", ""영상의학과"", ""진단검사의학과"", ""가정의학과"", ""응급의학과"", ""직업환경의학과"", ""예방의학과"", ""치과보철과"", ""치주과"", ""치과보존과"", ""통합치의학과""]","{""내과"": 4, ""비뇨의학과"": 1, ""소아청소년과"": 1, ""신경과"": 1, ""심장혈관흉부외과"": 1, ""영상의학과"": 2, ""예방의학과"": 1, ""외과"": 1, ""응급의학과"": 2, ""정형외과"": 2, ""직업환경의학과"": 2, ""진단검사의학과"": 1}","[""체외충격파쇄석기"", ""골밀도검사기"", ""인공호흡기"", ""초음파영상진단기"", ""일반엑스선촬영장치"", ""혈액투석을위한인공신장기"", ""MRI"", ""유방촬영장치"", ""CT""]","[""성인 중환자실"", ""장애인 건강 주치의 시범기관(전체)"", ""가정간호실시기관"", ""개방병원"", ""HPV 국가예방접종사업 참여기관"", ""간호간병통합서비스 제공기관"", ""응급의료기관""]"
JDQ4MTYyMiM4MSMkMSMkMCMkODkkMzgxMzUxIzExIyQxIyQzIyQ2MiQyNjEwMDIjNjEjJDEjJDgjJDgz,의료법인덕산의료재단김천제일병원,종합병원,"경상북도 김천시 신음1길 12,  (신음동)",36.1354003,128.1187923,"[""내과"", ""신경과"", ""외과"", ""정형외과"", ""신경외과"", ""심장혈관흉부외과"", ""성형외과"", ""마취통증의학과"", ""산부인과"", ""소아청소년과"", ""안과"", ""이비인후과"", ""비뇨의학과"", ""영상의학과"", ""진단검사의학과"", ""재활의학과"", ""응급의학과""]","{""내과"": 8, ""마취통증의학과"": 2, ""비뇨의학과"": 1, ""산부인과"": 1, ""성형외과"": 1, ""소아청소년과"": 2, ""신경과"": 2, ""신경외과"": 2, ""심장혈관흉부외과"": 1, ""안과"": 1, ""영상의학과"": 3, ""예방의학과"": 1, ""외과"": 1, ""응급의학과"": 5, ""재활의학과"": 1, ""정형외과"": 3, ""진단검사의학과"": 1}","[""분만감시기"", ""CT"", ""초음파영상진단기"", ""골밀도검사기"", ""MRI"", ""혈액투석을위한인공신장기"", ""유방촬영장치"", ""일반엑스선촬영장치"", ""체외충격파쇄석기"", ""인큐베이터"", ""인공호흡기""]","[""결핵환자 재택의료 시범기관"", ""HPV 국가예방접종사업 참여기관"", ""간호간병통합서비스 제공기관"", ""응급의료기관"", ""치매관리주치의 시범기관"", ""보훈위탁진료요양기관"", ""성인 중환자실""]"
JDQ4MTg4MSM1MSMkMSMkMCMkODkkMzgxMzUxIzExIyQxIyQzIyQxMyQ0NjE0ODEjNTEjJDEjJDIjJDgz,의료법인동신의료재단 동신병원,종합병원,"서울특별시 서대문구 연희로 272, 동신병원 본관동 (홍은동)",37.5813323,126.9364251,"[""내과"", ""신경과"", ""외과"", ""정형외과"", ""신경외과"", ""마취통증의학과"", ""산부인과"", ""비뇨의학과"", ""영상의학과"", ""병리과"", ""가정의학과"", ""응급의학과""]","{""가정의학과"": 2, ""내과"": 4, ""마취통증의학과"": 1, ""병리과"": 1, ""산부인과"": 1, ""신경과"": 1, ""신경외과"": 1, ""영상의학과"": 1, ""외과"": 2, ""응급의학과"": 2, ""정형외과"": 3}","[""MRI"", ""초음파영상진단기"", ""유방촬영장치"", ""일반엑스선촬영장치"", ""인공호흡기"", ""혈액투석을위한인공신장기"", ""CT"", ""골밀도검사기""]","[""개방병원"", ""HPV 국가예방접종사업 참여기관"", ""응급의료기관"", ""간호간병통합서비스 제공기관"", ""성인 중환자실""]"
JDQ4MTYyMiM4MSMkMSMkMCMkODkkMzgxMzUxIzExIyQxIyQzIyQ4OSQyNjE0ODEjNjEjJDEjJDgjJDgz,의료법인동춘의료재단문경제일병원,종합병원,"경상북도 문경시 당교3길 25,  (모전동)",36.5844400,128.1892251,"[""내과"", ""신경과"", ""정신건강의학과"", ""외과"", ""정형외과"", ""신경외과"", ""심장혈관흉부외과"", ""마취통증의학과"", ""산부인과"", ""소아청소년과"", ""비뇨의학과"", ""영상의학과"", ""진단검사의학과"", ""재활의학과"", ""가정의학과"", ""응급의학과"", ""직업환경의학과"", ""예방의학과"", ""통합치의학과"", ""한방내과""]","{""내과"": 4, ""마취통증의학과"": 2, ""비뇨의학과"": 1, ""산부인과"": 1, ""소아청소년과"": 1, ""신경외과"": 3, ""심장혈관흉부외과"": 2, ""영상의학과"": 1, ""예방의학과"": 1, ""외과"": 3, ""응급의학과"": 6, ""재활의학과"": 1, ""정신건강의학과"": 4, ""정형외과"": 3, ""직업환경의학과"": 3, ""진단검사의학과"": 1}","[""분만감시기"", ""MRI"", ""CT"", ""유방촬영장치"", ""콘빔CT"", ""인공호흡기"", ""일반엑스선촬영장치"", ""골밀도검사기"", ""혈액투석을위한인공신장기"", ""초음파영상진단기""]","[""간호간병통합서비스 제공기관"", ""보훈위탁진료요양기관"", ""치매관리주치의 시범기관"", ""HPV 국가예방접종사업 참여기관"", ""응급의료기관"", ""결핵환자 재택의료 시범기관"", ""성인 중환자실""]"
JDQ4MTYyMiM1MSMkMSMkMCMkODkkMzgxMzUxIzExIyQxIyQzIyQ5MiQyNjEyMjIjNjEjJDEjJDAjJDgz,의료법인루가의료재단 나은병원,종합병원,"인천광역시 서해구 원적로 23, 23",37.4890590,126.6797833,"[""내과"", ""신경과"", ""정신건강의학과"", ""외과"", ""정형외과"", ""신경외과"", ""심장혈관흉부외과"", ""성형외과"", ""마취통증의학과"", ""산부인과"", ""소아청소년과"", ""안과"", ""이비인후과"", ""피부과"", ""비뇨의학과"", ""영상의학과"", ""병리과"", ""진단검사의학과"", ""재활의학과"", ""가정의학과"", ""응급의학과"", ""직업환경의학과"", ""예방의학과"", ""구강악안면외과"", ""치과보철과"", ""치과교정과"", ""치주과"", ""치과보존과"", ""구강내과"", ""예방치과""]","{""가정의학과"": 4, ""내과"": 22, ""마취통증의학과"": 4, ""병리과"": 2, ""비뇨의학과"": 3, ""산부인과"": 3, ""소아청소년과"": 2, ""신경과"": 2, ""신경외과"": 7, ""심장혈관흉부외과"": 1, ""안과"": 2, ""영상의학과"": 5, ""예방의학과"": 2, ""외과"": 6, ""응급의학과"": 7, ""이비인후과"": 3, ""재활의학과"": 2, ""정신건강의학과"": 1, ""정형외과"": 4, ""직업환경의학과"": 3, ""진단검사의학과"": 2, ""통합치의학과"": 4, ""피부과"": 1}","[""콘빔CT"", ""골밀도검사기"", ""인큐베이터"", ""MRI"", ""초음파영상진단기"", ""ECMO"", ""체외충격파쇄석기"", ""일반엑스선촬영장치"", ""CT"", ""인공호흡기"", ""혈액투석을위한인공신장기"", ""유방촬영장치"", ""분만감시기""]","[""성인 중환자실"", ""외국인 근로자 등 의료지원 사업시행 의료기관"", ""HPV 국가예방접종사업 참여기관"", ""장애인 건강 주치의 시범기관(전체)"", ""결핵환자 재택의료 시범기관"", ""암환자(요루) 재택의료 시범기관"", ""간호간병통합서비스 제공기관"", ""장애인 건강 주치의 시범기관(방문진료 실시기관)"", ""수면다원검사 실시기관"", ""가정간호실시기관"", ""암환자 재택의료 시범기관"", ""응급의료기관"", ""심장질환자 재택의료 시범기관"", ""재활환자 재택의료 시범기관""]"
JDQ4MTYyMiM1MSMkMSMkMCMkODkkMzgxMzUxIzExIyQyIyQzIyQwMCQzNjE4MzIjNjEjJDEjJDgjJDgz,의료법인명지의료재단명지병원,종합병원,"경기도 고양시 덕양구 화수로14번길 55, (화정동)",37.6419949,126.8312622,"[""내과"", ""신경과"", ""정신건강의학과"", ""외과"", ""정형외과"", ""신경외과"", ""심장혈관흉부외과"", ""성형외과"", ""마취통증의학과"", ""산부인과"", ""소아청소년과"", ""안과"", ""이비인후과"", ""피부과"", ""비뇨의학과"", ""영상의학과"", ""방사선종양학과"", ""병리과"", ""진단검사의학과"", ""재활의학과"", ""핵의학과"", ""가정의학과"", ""응급의학과"", ""직업환경의학과"", ""구강악안면외과"", ""치과보철과"", ""소아치과"", ""치주과"", ""치과보존과"", ""구강내과"", ""영상치의학과"", ""예방치과"", ""통합치의학과""]","{""가정의학과"": 2, ""구강내과"": 1, ""구강악안면외과"": 1, ""내과"": 43, ""마취통증의학과"": 10, ""방사선종양학과"": 1, ""병리과"": 5, ""비뇨의학과"": 4, ""산부인과"": 3, ""성형외과"": 2, ""소아청소년과"": 4, ""신경과"": 5, ""신경외과"": 6, ""심장혈관흉부외과"": 5, ""안과"": 2, ""영상의학과"": 11, ""외과"": 11, ""응급의학과"": 14, ""이비인후과"": 4, ""재활의학과"": 4, ""정신건강의학과"": 4, ""정형외과"": 7, ""직업환경의학과"": 3, ""진단검사의학과"": 1, ""통합치의학과"": 1, ""피부과"": 2, ""핵의학과"": 1}","[""인공호흡기"", ""혈액투석을위한인공신장기"", ""CT"", ""콘빔CT"", ""골밀도검사기"", ""일반엑스선촬영장치"", ""ECMO"", ""유방촬영장치"", ""초음파영상진단기"", ""양전자단층촬영기 (PET)"", ""MRI"", ""인큐베이터"", ""체외충격파쇄석기"", ""분만감시기""]","[""성인 중환자실"", ""신생아 중환자실"", ""HPV 국가예방접종사업 참여기관"", ""치매관리주치의 시범기관"", ""복막투석 환자 재택관리 시범기관"", ""가정간호실시기관"", ""인공와우 실시기관"", ""가정용 인공호흡기 환자 재택의료 시범기관"", ""경피적 대동맥판삽입 실시기관"", ""비대면진료 시범사업 진료기관(의료기관)"", ""간호간병통합서비스 제공기관"", ""응급의료기관"", ""측두하악관절자극요법 실시기관"", ""1형 당뇨병 환자 재택의료 시범기관"", ""심장질환자 재택의료 시범기관"", ""차세대염기서열분석 기반 유전자 패널검사 실시기관"", ""수면다원검사 실시기관"", ""(정신질환)병원기반·낮병동 시범기관"", ""경피적 좌심방이 폐색술 실시기관""]"
JDQ4MTYyMiM3MSMkMSMkMCMkODkkMzgxMzUxIzExIyQxIyQzIyQwMyQzNjEwMDIjNjEjJDEjJDAjJDgz,의료법인목포구암의료재단 목포중앙병원,종합병원,"전남광주통합특별시 목포시 영산로 623,  (석현동)",34.8213916,126.4210249,"[""내과"", ""신경과"", ""정신건강의학과"", ""외과"", ""정형외과"", ""신경외과"", ""심장혈관흉부외과"", ""마취통증의학과"", ""산부인과"", ""소아청소년과"", ""안과"", ""이비인후과"", ""비뇨의학과"", ""영상의학과"", ""병리과"", ""진단검사의학과"", ""재활의학과"", ""응급의학과"", ""직업환경의학과"", ""통합치의학과""]","{""내과"": 6, ""마취통증의학과"": 2, ""병리과"": 1, ""산부인과"": 1, ""소아청소년과"": 1, ""신경과"": 1, ""신경외과"": 3, ""안과"": 2, ""영상의학과"": 2, ""외과"": 2, ""응급의학과"": 4, ""이비인후과"": 1, ""재활의학과"": 1, ""정신건강의학과"": 1, ""정형외과"": 2, ""직업환경의학과"": 2, ""진단검사의학과"": 1, ""통합치의학과"": 1}","[""유방촬영장치"", ""ECMO"", ""혈액투석을위한인공신장기"", ""골밀도검사기"", ""초음파영상진단기"", ""CT"", ""콘빔CT"", ""인공호흡기"", ""MRI"", ""체외충격파쇄석기"", ""분만감시기"", ""일반엑스선촬영장치""]","[""성인 중환자실"", ""측두하악관절자극요법 실시기관"", ""HPV 국가예방접종사업 참여기관"", ""간호간병통합서비스 제공기관"", ""응급의료기관""]"
JDQ4MTYyMiM1MSMkMSMkMCMkODkkMzgxMzUxIzExIyQxIyQzIyQ5MiQzNjE4MzIjNjEjJDEjJDQjJDgz,의료법인백송의료재단 굿모닝병원,종합병원,"경기도 평택시 중앙로 338, (합정동)",36.9906277,127.1204113,"[""내과"", ""신경과"", ""정신건강의학과"", ""외과"", ""정형외과"", ""신경외과"", ""심장혈관흉부외과"", ""성형외과"", ""마취통증의학과"", ""산부인과"", ""소아청소년과"", ""이비인후과"", ""비뇨의학과"", ""영상의학과"", ""방사선종양학과"", ""병리과"", ""진단검사의학과"", ""재활의학과"", ""핵의학과"", ""가정의학과"", ""응급의학과"", ""직업환경의학과"", ""예방치과""]","{""가정의학과"": 3, ""구강악안면외과"": 1, ""내과"": 19, ""마취통증의학과"": 5, ""방사선종양학과"": 1, ""병리과"": 2, ""비뇨의학과"": 1, ""산부인과"": 3, ""성형외과"": 1, ""소아청소년과"": 2, ""신경과"": 3, ""신경외과"": 4, ""심장혈관흉부외과"": 3, ""영상의학과"": 10, ""외과"": 5, ""응급의학과"": 12, ""이비인후과"": 1, ""재활의학과"": 1, ""정신건강의학과"": 1, ""정형외과"": 4, ""직업환경의학과"": 8, ""진단검사의학과"": 2, ""핵의학과"": 1}","[""콘빔CT"", ""ECMO"", ""양전자단층촬영기 (PET)"", ""초음파영상진단기"", ""유방촬영장치"", ""인공호흡기"", ""혈액투석을위한인공신장기"", ""체외충격파쇄석기"", ""일반엑스선촬영장치"", ""CT"", ""골밀도검사기"", ""MRI""]","[""성인 중환자실"", ""측두하악관절자극요법 실시기관"", ""응급의료기관"", ""HPV 국가예방접종사업 참여기관"", ""간호간병통합서비스 제공기관"", ""수면다원검사 실시기관""]"
JDQ4MTYyMiM4MSMkMSMkMCMkODkkMzgxMzUxIzExIyQxIyQzIyQ2MiQzNjEwMDIjODEjJDEjJDYjJDgz,의료법인삼백의료재단상주성모병원,종합병원,"경상북도 상주시 냉림서성길 7,  (냉림동)",36.4203907,128.1597338,"[""내과"", ""신경과"", ""외과"", ""정형외과"", ""신경외과"", ""심장혈관흉부외과"", ""성형외과"", ""마취통증의학과"", ""산부인과"", ""소아청소년과"", ""이비인후과"", ""비뇨의학과"", ""영상의학과"", ""진단검사의학과"", ""재활의학과"", ""가정의학과""]","{""가정의학과"": 1, ""내과"": 3, ""마취통증의학과"": 1, ""산부인과"": 1, ""신경과"": 1, ""신경외과"": 1, ""영상의학과"": 1, ""외과"": 3, ""이비인후과"": 1, ""정형외과"": 2, ""진단검사의학과"": 1}","[""유방촬영장치"", ""일반엑스선촬영장치"", ""분만감시기"", ""인공호흡기"", ""체외충격파쇄석기"", ""혈액투석을위한인공신장기"", ""CT"", ""골밀도검사기"", ""MRI"", ""인큐베이터"", ""초음파영상진단기""]","[""응급의료기관"", ""간호간병통합서비스 제공기관"", ""보훈위탁진료요양기관"", ""개방병원"", ""HPV 국가예방접종사업 참여기관"", ""성인 중환자실""]"
JDQ4MTg4MSM1MSMkMSMkMCMkODkkMzgxMzUxIzExIyQyIyQ3IyQwMCQ0NjEwMDIjNTEjJDEjJDYjJDgz,의료법인서울효천의료재단 에이치플러스양지병원,종합병원,"서울특별시 관악구 남부순환로 1636, 양지병원 (신림동)",37.4841536,126.9325692,"[""내과"", ""신경과"", ""정신건강의학과"", ""외과"", ""정형외과"", ""신경외과"", ""심장혈관흉부외과"", ""마취통증의학과"", ""산부인과"", ""소아청소년과"", ""이비인후과"", ""비뇨의학과"", ""영상의학과"", ""병리과"", ""진단검사의학과"", ""재활의학과"", ""가정의학과"", ""응급의학과"", ""직업환경의학과"", ""예방치과"", ""통합치의학과""]","{""가정의학과"": 3, ""내과"": 23, ""마취통증의학과"": 3, ""병리과"": 2, ""비뇨의학과"": 2, ""산부인과"": 3, ""소아청소년과"": 4, ""신경과"": 5, ""신경외과"": 3, ""영상의학과"": 8, ""외과"": 11, ""응급의학과"": 11, ""이비인후과"": 1, ""재활의학과"": 1, ""정신건강의학과"": 1, ""정형외과"": 4, ""직업환경의학과"": 1, ""진단검사의학과"": 1}","[""인공호흡기"", ""혈액투석을위한인공신장기"", ""유방촬영장치"", ""CT"", ""MRI"", ""ECMO"", ""체외충격파쇄석기"", ""초음파영상진단기"", ""일반엑스선촬영장치"", ""골밀도검사기""]","[""응급의료기관"", ""결핵환자 재택의료 시범기관"", ""HPV 국가예방접종사업 참여기관"", ""수면다원검사 실시기관"", ""간호간병통합서비스 제공기관"", ""성인 중환자실""]"
JDQ4MTYyMiM4MSMkMSMkNCMkODkkMzgxMzUxIzExIyQyIyQzIyQwMCQ0NjE0ODEjNDEjJDEjJDQjJDgz,의료법인석영의료재단창원제일종합병원,종합병원,"경상남도 창원시 마산합포구 3·15대로 238, (중앙동3가)",35.1990850,128.5676000,"[""내과"", ""외과"", ""정형외과"", ""신경외과"", ""마취통증의학과"", ""산부인과"", ""영상의학과"", ""진단검사의학과"", ""재활의학과""]","{""내과"": 4, ""마취통증의학과"": 2, ""신경외과"": 3, ""영상의학과"": 1, ""외과"": 1, ""재활의학과"": 1, ""정형외과"": 1, ""진단검사의학과"": 1}","[""혈액투석을위한인공신장기"", ""유방촬영장치"", ""CT"", ""인공호흡기"", ""MRI"", ""일반엑스선촬영장치"", ""골밀도검사기"", ""체외충격파쇄석기"", ""초음파영상진단기""]","[""HPV 국가예방접종사업 참여기관""]"
JDQ4MTYyMiM2MSMkMSMkNiMkODkkMzgxMzUxIzExIyQxIyQzIyQ5OSQyNjE0ODEjNjEjJDEjJDgjJDgz,의료법인석천재단고창병원,종합병원,"전북특별자치도 고창군 고창읍 화신1길 9, (고창읍)",35.4364278,126.6933531,"[""내과"", ""신경과"", ""외과"", ""정형외과"", ""신경외과"", ""마취통증의학과"", ""산부인과"", ""소아청소년과"", ""이비인후과"", ""영상의학과"", ""진단검사의학과"", ""응급의학과""]","{""가정의학과"": 1, ""내과"": 4, ""마취통증의학과"": 1, ""산부인과"": 2, ""소아청소년과"": 1, ""신경과"": 1, ""신경외과"": 1, ""영상의학과"": 1, ""외과"": 1, ""정형외과"": 2, ""진단검사의학과"": 1}","[""인큐베이터"", ""인공호흡기"", ""혈액투석을위한인공신장기"", ""일반엑스선촬영장치"", ""골밀도검사기"", ""MRI"", ""유방촬영장치"", ""CT"", ""초음파영상진단기"", ""분만감시기""]","[""보훈위탁진료요양기관"", ""응급의료기관"", ""가정간호실시기관"", ""간호간병통합서비스 제공기관"", ""HPV 국가예방접종사업 참여기관""]"
JDQ4MTYyMiM1MSMkMSMkMCMkODkkMzgxMzUxIzExIyQyIyQ3IyQwMCQzNjE4MzIjNTEjJDEjJDIjJDgz,의료법인성광의료재단일산차병원,종합병원,"경기도 고양시 일산동구 중앙로 1205, 지하1층2층4층(일부), 1층2층6층(일부),지하2층,4~5층, 7~10층(장항동)",37.6541317,126.7757374,"[""내과"", ""정신건강의학과"", ""외과"", ""성형외과"", ""마취통증의학과"", ""산부인과"", ""소아청소년과"", ""비뇨의학과"", ""영상의학과"", ""방사선종양학과"", ""병리과"", ""진단검사의학과"", ""재활의학과"", ""핵의학과"", ""한방내과""]","{""가정의학과"": 2, ""내과"": 14, ""마취통증의학과"": 9, ""방사선종양학과"": 1, ""병리과"": 3, ""비뇨의학과"": 3, ""산부인과"": 25, ""성형외과"": 1, ""소아청소년과"": 11, ""영상의학과"": 8, ""외과"": 10, ""재활의학과"": 1, ""정신건강의학과"": 3, ""진단검사의학과"": 1, ""한방내과"": 1, ""핵의학과"": 1}","[""골밀도검사기"", ""ECMO"", ""분만감시기"", ""유방촬영장치"", ""일반엑스선촬영장치"", ""CT"", ""양전자단층촬영기 (PET)"", ""초음파영상진단기"", ""인공호흡기"", ""MRI"", ""혈액투석을위한인공신장기"", ""인큐베이터""]","[""성인 중환자실"", ""신생아 중환자실"", ""HPV 국가예방접종사업 참여기관"", ""개방병원"", ""차세대염기서열분석 기반 유전자 패널검사 실시기관"", ""의·한협진 활성화를 위한 5단계 시범기관"", ""응급의료기관"", ""암환자 재택의료 시범기관"", ""첩약 건강보험 적용 2단계 시범사업"", ""간호간병통합서비스 제공기관"", ""난임시술(체외)"", ""난임시술(인공)""]"
JDQ4MTg4MSM1MSMkMSMkMCMkODkkMzgxMzUxIzExIyQxIyQ3IyQ4OSQzNjEwMDIjNjEjJDEjJDgjJDgz,의료법인성화의료재단  대한병원,종합병원,"서울특별시 강북구 도봉로 301, (수유동, 대한병원)",37.6354747,127.0226914,"[""내과"", ""신경과"", ""외과"", ""정형외과"", ""신경외과"", ""마취통증의학과"", ""산부인과"", ""영상의학과"", ""진단검사의학과"", ""응급의학과""]","{""내과"": 4, ""마취통증의학과"": 1, ""산부인과"": 1, ""신경과"": 1, ""영상의학과"": 1, ""외과"": 1, ""정형외과"": 2, ""진단검사의학과"": 1}","[""MRI"", ""초음파영상진단기"", ""유방촬영장치"", ""일반엑스선촬영장치"", ""CT"", ""인공호흡기"", ""골밀도검사기""]","[""성인 중환자실""]"
JDQ4MTYyMiM4MSMkMSMkNCMkODkkMzgxMzUxIzExIyQxIyQzIyQ4MiQzNjE4MzIjNTEjJDEjJDYjJDgz,의료법인숭인의료재단 김해복음병원,종합병원,"경상남도 김해시 활천로 33, (삼정동)",35.2306263,128.8931625,"[""내과"", ""신경과"", ""정신건강의학과"", ""외과"", ""정형외과"", ""신경외과"", ""마취통증의학과"", ""산부인과"", ""소아청소년과"", ""비뇨의학과"", ""영상의학과"", ""진단검사의학과"", ""응급의학과"", ""직업환경의학과"", ""소아치과"", ""예방치과""]","{""가정의학과"": 1, ""내과"": 10, ""마취통증의학과"": 3, ""비뇨의학과"": 1, ""산부인과"": 1, ""소아청소년과"": 1, ""신경과"": 3, ""신경외과"": 3, ""심장혈관흉부외과"": 1, ""영상의학과"": 4, ""외과"": 3, ""응급의학과"": 6, ""정형외과"": 4, ""직업환경의학과"": 3, ""진단검사의학과"": 1}","[""일반엑스선촬영장치"", ""인공호흡기"", ""CT"", ""MRI"", ""초음파영상진단기"", ""골밀도검사기"", ""유방촬영장치"", ""혈액투석을위한인공신장기"", ""체외충격파쇄석기""]","[""성인 중환자실"", ""간호간병통합서비스 제공기관"", ""응급의료기관"", ""HPV 국가예방접종사업 참여기관""]"
JDQ4MTYyMiM4MSMkMSMkMCMkODkkMzgxMzUxIzExIyQxIyQzIyQ4OSQyNjEyMjIjNTEjJDEjJDIjJDgz,의료법인안동병원,종합병원,"경상북도 안동시 앙실로 11,  (수상동)",36.5467408,128.7010976,"[""내과"", ""신경과"", ""정신건강의학과"", ""외과"", ""정형외과"", ""신경외과"", ""심장혈관흉부외과"", ""성형외과"", ""마취통증의학과"", ""산부인과"", ""소아청소년과"", ""안과"", ""이비인후과"", ""피부과"", ""비뇨의학과"", ""영상의학과"", ""방사선종양학과"", ""병리과"", ""진단검사의학과"", ""재활의학과"", ""가정의학과"", ""응급의학과"", ""직업환경의학과"", ""예방의학과"", ""구강악안면외과"", ""영상치의학과"", ""통합치의학과""]","{""가정의학과"": 3, ""구강악안면외과"": 1, ""내과"": 17, ""마취통증의학과"": 4, ""방사선종양학과"": 2, ""병리과"": 2, ""비뇨의학과"": 2, ""산부인과"": 4, ""성형외과"": 2, ""소아청소년과"": 6, ""신경과"": 4, ""신경외과"": 7, ""심장혈관흉부외과"": 5, ""안과"": 1, ""영상의학과"": 7, ""영상치의학과"": 1, ""예방의학과"": 1, ""외과"": 6, ""응급의학과"": 15, ""이비인후과"": 1, ""재활의학과"": 1, ""정신건강의학과"": 2, ""정형외과"": 6, ""직업환경의학과"": 1, ""진단검사의학과"": 2, ""통합치의학과"": 1, ""피부과"": 1}","[""일반엑스선촬영장치"", ""유방촬영장치"", ""CT"", ""인공호흡기"", ""분만감시기"", ""콘빔CT"", ""ECMO"", ""체외충격파쇄석기"", ""초음파영상진단기"", ""양전자단층촬영기 (PET)"", ""인큐베이터"", ""혈액투석을위한인공신장기"", ""골밀도검사기"", ""MRI""]","[""개방병원"", ""심장질환자 재택의료 시범기관"", ""응급의료기관"", ""HPV 국가예방접종사업 참여기관"", ""결핵환자 재택의료 시범기관"", ""간호간병통합서비스 제공기관"", ""난임시술(인공)"", ""재활환자 재택의료 시범기관"", ""1형 당뇨병 환자 재택의료 시범기관"", ""성인 중환자실"", ""신생아 중환자실""]"
JDQ4MTYyMiM2MSMkMSMkNiMkODkkMzgxMzUxIzExIyQxIyQzIyQ5OSQyNjEwMDIjNjEjJDEjJDAjJDgz,의료법인영경의료재단전주병원,종합병원,"전북특별자치도 전주시 완산구 한두평3길 13, (중화산동2가, 전주병원)",35.8152645,127.1248245,"[""내과"", ""신경과"", ""정신건강의학과"", ""외과"", ""정형외과"", ""신경외과"", ""심장혈관흉부외과"", ""성형외과"", ""마취통증의학과"", ""산부인과"", ""소아청소년과"", ""비뇨의학과"", ""영상의학과"", ""진단검사의학과"", ""재활의학과"", ""가정의학과"", ""응급의학과"", ""직업환경의학과""]","{""가정의학과"": 1, ""내과"": 14, ""마취통증의학과"": 3, ""비뇨의학과"": 1, ""산부인과"": 1, ""성형외과"": 1, ""소아청소년과"": 1, ""신경과"": 2, ""신경외과"": 2, ""심장혈관흉부외과"": 1, ""영상의학과"": 2, ""외과"": 5, ""응급의학과"": 8, ""재활의학과"": 1, ""정신건강의학과"": 1, ""정형외과"": 4, ""직업환경의학과"": 2, ""진단검사의학과"": 2}","[""CT"", ""골밀도검사기"", ""초음파영상진단기"", ""체외충격파쇄석기"", ""일반엑스선촬영장치"", ""유방촬영장치"", ""MRI"", ""인공호흡기"", ""혈액투석을위한인공신장기""]","[""장애인 건강 주치의 시범기관(전체)"", ""(정신질환)낮병동 시범기관"", ""치매관리주치의 시범기관"", ""간호간병통합서비스 제공기관"", ""응급의료기관"", ""HPV 국가예방접종사업 참여기관"", ""성인 중환자실""]"
JDQ4MTYyMiM3MSMkMSMkMCMkODkkMzgxMzUxIzExIyQxIyQzIyQ5OSQyNjE4MzIjNjEjJDEjJDAjJDgz,의료법인영성의료재단 고흥종합병원,종합병원,"전남광주통합특별시 고흥군 고흥읍 고흥로 1935, (고흥읍)",34.6210654,127.2939625,"[""내과"", ""신경과"", ""외과"", ""정형외과"", ""심장혈관흉부외과"", ""마취통증의학과"", ""산부인과"", ""소아청소년과"", ""비뇨의학과"", ""영상의학과"", ""병리과"", ""진단검사의학과"", ""응급의학과""]","{""마취통증의학과"": 1, ""방사선종양학과"": 1, ""병리과"": 1, ""산부인과"": 2, ""소아청소년과"": 1, ""신경과"": 1, ""영상의학과"": 1, ""외과"": 1, ""정형외과"": 2}","[""CT"", ""인큐베이터"", ""분만감시기"", ""골밀도검사기"", ""혈액투석을위한인공신장기"", ""일반엑스선촬영장치"", ""MRI"", ""인공호흡기"", ""유방촬영장치"", ""체외충격파쇄석기"", ""초음파영상진단기""]","[""성인 중환자실"", ""응급의료기관"", ""HPV 국가예방접종사업 참여기관"", ""결핵환자 재택의료 시범기관"", ""보훈위탁진료요양기관""]"
JDQ4MTYyMiM2MSMkMSMkMiMkODkkMzgxMzUxIzExIyQxIyQzIyQ5OSQ0NjE0ODEjODEjJDEjJDIjJDgz,의료법인영훈의료재단 유성선병원,종합병원,"대전광역시 유성구 북유성대로 93-0,  0동 0호 (지족동,유선성병원)",36.3751715,127.3249507,"[""내과"", ""신경과"", ""정신건강의학과"", ""외과"", ""정형외과"", ""신경외과"", ""심장혈관흉부외과"", ""성형외과"", ""마취통증의학과"", ""산부인과"", ""소아청소년과"", ""이비인후과"", ""피부과"", ""비뇨의학과"", ""영상의학과"", ""방사선종양학과"", ""병리과"", ""진단검사의학과"", ""재활의학과"", ""가정의학과"", ""응급의학과"", ""직업환경의학과"", ""구강악안면외과"", ""치과보철과"", ""치주과"", ""치과보존과""]","{""가정의학과"": 11, ""구강악안면외과"": 1, ""내과"": 20, ""마취통증의학과"": 5, ""방사선종양학과"": 1, ""병리과"": 2, ""비뇨의학과"": 3, ""산부인과"": 4, ""성형외과"": 1, ""소아청소년과"": 2, ""신경과"": 5, ""신경외과"": 2, ""심장혈관흉부외과"": 1, ""영상의학과"": 7, ""외과"": 6, ""응급의학과"": 11, ""이비인후과"": 1, ""재활의학과"": 1, ""정신건강의학과"": 1, ""정형외과"": 7, ""직업환경의학과"": 1, ""진단검사의학과"": 1, ""치과보존과"": 1, ""치과보철과"": 1}","[""콘빔CT"", ""혈액투석을위한인공신장기"", ""유방촬영장치"", ""초음파영상진단기"", ""CT"", ""체외충격파쇄석기"", ""양전자단층촬영기 (PET)"", ""일반엑스선촬영장치"", ""MRI"", ""골밀도검사기"", ""인공호흡기""]","[""수면다원검사 실시기관"", ""응급의료기관"", ""간호간병통합서비스 제공기관"", ""비대면진료 시범사업 진료기관(의료기관)"", ""개방병원"", ""HPV 국가예방접종사업 참여기관"", ""성인 중환자실""]"
JDQ4MTYyMiM1MSMkMSMkMCMkODkkMzgxMzUxIzExIyQxIyQ3IyQ3OSQ0NjE0ODEjODEjJDEjJDYjJDgz,의료법인우리의료재단김포우리병원,종합병원,"경기도 김포시 감암로 11, 김포우리병원 (걸포동)",37.6323325,126.7107331,"[""내과"", ""신경과"", ""정신건강의학과"", ""외과"", ""정형외과"", ""신경외과"", ""심장혈관흉부외과"", ""마취통증의학과"", ""산부인과"", ""소아청소년과"", ""안과"", ""이비인후과"", ""비뇨의학과"", ""영상의학과"", ""병리과"", ""진단검사의학과"", ""재활의학과"", ""핵의학과"", ""가정의학과"", ""응급의학과"", ""직업환경의학과"", ""예방의학과"", ""구강악안면외과"", ""치과보철과""]","{""가정의학과"": 3, ""구강악안면외과"": 1, ""내과"": 26, ""마취통증의학과"": 6, ""병리과"": 2, ""비뇨의학과"": 3, ""산부인과"": 2, ""소아청소년과"": 1, ""신경과"": 3, ""신경외과"": 4, ""심장혈관흉부외과"": 2, ""안과"": 1, ""영상의학과"": 8, ""예방의학과"": 1, ""외과"": 7, ""응급의학과"": 10, ""이비인후과"": 2, ""재활의학과"": 1, ""정신건강의학과"": 1, ""정형외과"": 5, ""직업환경의학과"": 2, ""진단검사의학과"": 2, ""통합치의학과"": 1, ""핵의학과"": 2}","[""MRI"", ""양전자단층촬영기 (PET)"", ""골밀도검사기"", ""유방촬영장치"", ""CT"", ""혈액투석을위한인공신장기"", ""체외충격파쇄석기"", ""인공호흡기"", ""ECMO"", ""일반엑스선촬영장치"", ""초음파영상진단기"", ""콘빔CT""]","[""성인 중환자실"", ""응급의료기관"", ""외국인 근로자 등 의료지원 사업시행 의료기관"", ""수면다원검사 실시기관"", ""간호간병통합서비스 제공기관"", ""보훈위탁진료요양기관"", ""HPV 국가예방접종사업 참여기관""]"
JDQ4MTYyMiM4MSMkMSMkMCMkODkkMzgxMzUxIzExIyQxIyQzIyQ3MiQyNjE0ODEjNjEjJDEjJDQjJDgz,의료법인은성의료재단좋은선린병원,종합병원,"경상북도 포항시 북구 대신로 43,  (대신동)",36.0482630,129.3670367,"[""내과"", ""신경과"", ""외과"", ""정형외과"", ""신경외과"", ""심장혈관흉부외과"", ""성형외과"", ""마취통증의학과"", ""산부인과"", ""소아청소년과"", ""이비인후과"", ""영상의학과"", ""병리과"", ""진단검사의학과"", ""가정의학과"", ""응급의학과"", ""직업환경의학과""]","{""가정의학과"": 1, ""내과"": 8, ""마취통증의학과"": 1, ""병리과"": 1, ""산부인과"": 1, ""성형외과"": 1, ""소아청소년과"": 1, ""신경과"": 1, ""영상의학과"": 1, ""외과"": 3, ""응급의학과"": 1, ""정형외과"": 3, ""직업환경의학과"": 2}","[""일반엑스선촬영장치"", ""유방촬영장치"", ""인공호흡기"", ""체외충격파쇄석기"", ""콘빔CT"", ""혈액투석을위한인공신장기"", ""초음파영상진단기"", ""CT"", ""골밀도검사기"", ""MRI""]","[""응급의료기관"", ""간호간병통합서비스 제공기관"", ""HPV 국가예방접종사업 참여기관"", ""성인 중환자실""]"
JDQ4MTYyMiM1MSMkMSMkMCMkODkkMzgxMzUxIzExIyQxIyQ3IyQ4OSQyNjE0ODEjNDEjJDEjJDgjJDgz,의료법인인봉의료재단뉴고려병원,종합병원,"경기도 김포시 김포한강3로 283, 뉴고려병원 (장기동)",37.6409590,126.6602138,"[""내과"", ""신경과"", ""정신건강의학과"", ""외과"", ""정형외과"", ""신경외과"", ""심장혈관흉부외과"", ""마취통증의학과"", ""산부인과"", ""소아청소년과"", ""안과"", ""비뇨의학과"", ""영상의학과"", ""진단검사의학과"", ""재활의학과"", ""가정의학과"", ""응급의학과"", ""직업환경의학과"", ""구강악안면외과""]","{""내과"": 14, ""마취통증의학과"": 4, ""비뇨의학과"": 1, ""산부인과"": 2, ""소아청소년과"": 2, ""신경과"": 2, ""신경외과"": 5, ""심장혈관흉부외과"": 1, ""영상의학과"": 3, ""외과"": 3, ""응급의학과"": 10, ""재활의학과"": 2, ""정형외과"": 6, ""직업환경의학과"": 3, ""진단검사의학과"": 2}","[""CT"", ""인공호흡기"", ""골밀도검사기"", ""콘빔CT"", ""일반엑스선촬영장치"", ""초음파영상진단기"", ""체외충격파쇄석기"", ""MRI"", ""혈액투석을위한인공신장기"", ""유방촬영장치""]","[""성인 중환자실"", ""외국인 근로자 등 의료지원 사업시행 의료기관"", ""HPV 국가예방접종사업 참여기관"", ""응급의료기관"", ""결핵환자 재택의료 시범기관"", ""간호간병통합서비스 제공기관"", ""측두하악관절자극요법 실시기관""]"
JDQ4MTYyMiM1MSMkMSMkMCMkODkkMzgxMzUxIzExIyQxIyQ3IyQ3MiQyNjE0ODEjNDEjJDEjJDQjJDgz,의료법인자인의료재단(더자인병원),종합병원,"경기도 고양시 덕양구 중앙로 555, /중앙로557번길 555, /중앙로557번길 14, 지하1(일부),1-6층 (행신동)",37.6229778,126.8357506,"[""내과"", ""신경과"", ""외과"", ""정형외과"", ""신경외과"", ""심장혈관흉부외과"", ""마취통증의학과"", ""산부인과"", ""비뇨의학과"", ""영상의학과"", ""진단검사의학과"", ""재활의학과"", ""가정의학과"", ""응급의학과"", ""한방내과"", ""한방재활의학과""]","{""가정의학과"": 1, ""내과"": 7, ""마취통증의학과"": 2, ""비뇨의학과"": 1, ""산부인과"": 1, ""신경과"": 2, ""신경외과"": 3, ""심장혈관흉부외과"": 1, ""영상의학과"": 2, ""외과"": 4, ""재활의학과"": 1, ""정형외과"": 5, ""진단검사의학과"": 1, ""한방재활의학과"": 1}","[""일반엑스선촬영장치"", ""MRI"", ""혈액투석을위한인공신장기"", ""골밀도검사기"", ""유방촬영장치"", ""초음파영상진단기"", ""체외충격파쇄석기"", ""CT"", ""인공호흡기""]","[""성인 중환자실"", ""간호간병통합서비스 제공기관"", ""응급의료기관""]"
JDQ4MTAxMiM1MSMkMSMkMCMkODkkMzgxMzUxIzExIyQxIyQzIyQ2MiQzNjEyMjIjNTEjJDEjJDIjJDgz,의료법인정화의료재단 봉생기념병원,종합병원,"부산광역시 동구 중앙대로 401, (좌천동, 봉생병원)",35.1310265,129.0501907,"[""내과"", ""신경과"", ""정신건강의학과"", ""외과"", ""정형외과"", ""신경외과"", ""마취통증의학과"", ""산부인과"", ""소아청소년과"", ""이비인후과"", ""비뇨의학과"", ""영상의학과"", ""병리과"", ""진단검사의학과"", ""재활의학과"", ""응급의학과"", ""치주과""]","{""가정의학과"": 1, ""내과"": 16, ""마취통증의학과"": 3, ""병리과"": 1, ""비뇨의학과"": 1, ""산부인과"": 2, ""소아청소년과"": 2, ""신경과"": 6, ""신경외과"": 5, ""영상의학과"": 3, ""외과"": 3, ""응급의학과"": 6, ""이비인후과"": 1, ""재활의학과"": 1, ""정신건강의학과"": 4, ""정형외과"": 2, ""진단검사의학과"": 1, ""통합치의학과"": 1, ""핵의학과"": 1}","[""CT"", ""일반엑스선촬영장치"", ""콘빔CT"", ""체외충격파쇄석기"", ""ECMO"", ""초음파영상진단기"", ""혈액투석을위한인공신장기"", ""MRI"", ""유방촬영장치"", ""골밀도검사기"", ""인공호흡기""]","[""(정신질환)낮병동 시범기관"", ""복막투석 환자 재택관리 시범기관"", ""응급의료기관"", ""심장질환자 재택의료 시범기관"", ""간호간병통합서비스 제공기관"", ""성인 중환자실"", ""개방병원""]"
JDQ4MTYyMiM4MSMkMSMkNCMkODkkMzgxMzUxIzExIyQxIyQzIyQ2MiQyNjE0ODEjNDEjJDEjJDgjJDgz,의료법인청아의료재단청아병원,종합병원,"경상남도 창원시 마산회원구 내서읍 광려천서로 67, (청아병원)",35.2480349,128.5096500,"[""내과"", ""신경과"", ""외과"", ""정형외과"", ""신경외과"", ""마취통증의학과"", ""소아청소년과"", ""이비인후과"", ""영상의학과"", ""진단검사의학과""]","{""내과"": 5, ""마취통증의학과"": 1, ""소아청소년과"": 1, ""신경과"": 1, ""신경외과"": 1, ""영상의학과"": 3, ""외과"": 1, ""정형외과"": 4, ""진단검사의학과"": 1}","[""일반엑스선촬영장치"", ""MRI"", ""인공호흡기"", ""유방촬영장치"", ""CT"", ""초음파영상진단기"", ""골밀도검사기""]","[""응급의료기관"", ""간호간병통합서비스 제공기관"", ""HPV 국가예방접종사업 참여기관""]"
JDQ4MTYyMiM3MSMkMSMkMCMkODkkMzgxMzUxIzExIyQxIyQzIyQ5MiQyNjEyMjIjNTEjJDEjJDIjJDgz,의료법인청언의료재단 순천제일병원,종합병원,"전남광주통합특별시 순천시 기적의도서관1길 3,  (조례동)",34.9549262,127.5241750,"[""내과"", ""외과"", ""정형외과"", ""마취통증의학과"", ""산부인과"", ""영상의학과"", ""진단검사의학과"", ""응급의학과"", ""직업환경의학과"", ""예방의학과""]","{""내과"": 3, ""마취통증의학과"": 1, ""산부인과"": 1, ""영상의학과"": 1, ""예방의학과"": 1, ""외과"": 1, ""응급의학과"": 1, ""정형외과"": 2, ""직업환경의학과"": 1, ""진단검사의학과"": 1}","[""초음파영상진단기"", ""MRI"", ""CT"", ""일반엑스선촬영장치"", ""골밀도검사기"", ""인공호흡기"", ""체외충격파쇄석기"", ""유방촬영장치""]","[""HPV 국가예방접종사업 참여기관"", ""간호간병통합서비스 제공기관"", ""응급의료기관""]"
JDQ4MTYyMiM1MSMkMSMkMCMkODkkMzgxMzUxIzExIyQxIyQ3IyQ2MiQzNjE4MzIjNDEjJDEjJDQjJDgz,의료법인칠석의료재단사랑의병원,종합병원,"경기도 안산시 상록구 예술광장로 69, 사랑의병원(593-4번지/593-5번지) (성포동)",37.3269353,126.8449325,"[""내과"", ""신경과"", ""정신건강의학과"", ""외과"", ""정형외과"", ""신경외과"", ""성형외과"", ""마취통증의학과"", ""산부인과"", ""소아청소년과"", ""안과"", ""이비인후과"", ""피부과"", ""비뇨의학과"", ""영상의학과"", ""진단검사의학과"", ""재활의학과"", ""가정의학과"", ""응급의학과"", ""직업환경의학과"", ""예방의학과"", ""예방치과""]","{""내과"": 10, ""마취통증의학과"": 3, ""산부인과"": 1, ""신경과"": 3, ""신경외과"": 1, ""영상의학과"": 8, ""외과"": 2, ""응급의학과"": 8, ""정형외과"": 4, ""진단검사의학과"": 1}","[""인공호흡기"", ""일반엑스선촬영장치"", ""초음파영상진단기"", ""골밀도검사기"", ""MRI"", ""체외충격파쇄석기"", ""유방촬영장치"", ""혈액투석을위한인공신장기"", ""CT""]","[""성인 중환자실"", ""결핵환자 재택의료 시범기관"", ""응급의료기관"", ""간호간병통합서비스 제공기관""]"
JDQ4MTg4MSM1MSMkMSMkMCMkODkkMzgxMzUxIzExIyQxIyQzIyQxMyQyNjE4MzIjNDEjJDEjJDgjJDgz,의료법인풍산의료재단동부제일병원,종합병원,"서울특별시 중랑구 망우로 511, 동부제일병원 지하1~6층 (망우동)",37.6007085,127.1090094,"[""내과"", ""신경과"", ""외과"", ""정형외과"", ""신경외과"", ""마취통증의학과"", ""산부인과"", ""소아청소년과"", ""영상의학과"", ""진단검사의학과"", ""가정의학과""]","{""내과"": 6, ""마취통증의학과"": 1, ""산부인과"": 1, ""신경과"": 1, ""신경외과"": 1, ""영상의학과"": 3, ""외과"": 3, ""응급의학과"": 1, ""정형외과"": 5, ""진단검사의학과"": 1}","[""인공호흡기"", ""유방촬영장치"", ""MRI"", ""초음파영상진단기"", ""일반엑스선촬영장치"", ""골밀도검사기"", ""CT""]","[""HPV 국가예방접종사업 참여기관"", ""응급의료기관"", ""간호간병통합서비스 제공기관""]"
JDQ4MTYyMiM3MSMkMSMkMCMkODkkMzgxMzUxIzExIyQyIyQzIyQwMCQzNjE4MzIjNjEjJDEjJDAjJDgz,의료법인한국의료재단 순천한국병원,종합병원,"전남광주통합특별시 순천시 우명길 42,  (연향동)",34.9477666,127.5122885,"[""내과"", ""외과"", ""정형외과"", ""신경외과"", ""마취통증의학과"", ""소아청소년과"", ""비뇨의학과"", ""영상의학과"", ""진단검사의학과"", ""응급의학과"", ""치주과"", ""치과보존과""]","{""가정의학과"": 1, ""내과"": 5, ""마취통증의학과"": 1, ""비뇨의학과"": 1, ""소아청소년과"": 1, ""신경외과"": 1, ""영상의학과"": 1, ""외과"": 1, ""응급의학과"": 1, ""정형외과"": 4, ""진단검사의학과"": 1, ""치과보존과"": 1, ""치주과"": 1}","[""초음파영상진단기"", ""MRI"", ""인공호흡기"", ""혈액투석을위한인공신장기"", ""일반엑스선촬영장치"", ""CT"", ""체외충격파쇄석기"", ""유방촬영장치"", ""콘빔CT"", ""골밀도검사기""]","[""성인 중환자실"", ""HPV 국가예방접종사업 참여기관"", ""측두하악관절자극요법 실시기관"", ""간호간병통합서비스 제공기관"", ""응급의료기관""]"
JDQ4MTYyMiM3MSMkMSMkMCMkODkkMzgxMzUxIzExIyQxIyQzIyQxMyQ0NjEwMDIjNjEjJDEjJDAjJDgz,의료법인한마음의료재단 여수제일병원,종합병원,"전남광주통합특별시 여수시 쌍봉로 70, (학동)",34.7659726,127.6635449,"[""내과"", ""신경과"", ""정신건강의학과"", ""외과"", ""정형외과"", ""신경외과"", ""심장혈관흉부외과"", ""마취통증의학과"", ""산부인과"", ""소아청소년과"", ""비뇨의학과"", ""영상의학과"", ""진단검사의학과"", ""가정의학과"", ""직업환경의학과"", ""통합치의학과""]","{""가정의학과"": 2, ""내과"": 13, ""마취통증의학과"": 3, ""비뇨의학과"": 1, ""산부인과"": 5, ""소아청소년과"": 3, ""신경과"": 1, ""신경외과"": 3, ""영상의학과"": 5, ""외과"": 2, ""정신건강의학과"": 1, ""정형외과"": 4, ""직업환경의학과"": 2, ""진단검사의학과"": 2}","[""분만감시기"", ""콘빔CT"", ""일반엑스선촬영장치"", ""골밀도검사기"", ""MRI"", ""ECMO"", ""CT"", ""인공호흡기"", ""초음파영상진단기"", ""혈액투석을위한인공신장기"", ""인큐베이터"", ""체외충격파쇄석기"", ""유방촬영장치""]","[""성인 중환자실"", ""응급의료기관"", ""간호간병통합서비스 제공기관"", ""HPV 국가예방접종사업 참여기관""]"
JDQ4MTYyMiM1MSMkMSMkOCMkODkkMzgxMzUxIzExIyQxIyQzIyQ4OSQzNjE4MzIjODEjJDEjJDYjJDgz,의료법인한마음의료재단하나병원,종합병원,"충청북도 청주시 흥덕구 2순환로 1262-0, 하나병원",36.6235046,127.4308626,"[""내과"", ""신경과"", ""정신건강의학과"", ""외과"", ""정형외과"", ""신경외과"", ""심장혈관흉부외과"", ""마취통증의학과"", ""산부인과"", ""소아청소년과"", ""이비인후과"", ""비뇨의학과"", ""영상의학과"", ""진단검사의학과"", ""재활의학과"", ""가정의학과"", ""응급의학과"", ""직업환경의학과"", ""구강악안면외과"", ""치과보철과""]","{""가정의학과"": 8, ""구강악안면외과"": 1, ""내과"": 16, ""마취통증의학과"": 4, ""비뇨의학과"": 2, ""산부인과"": 2, ""소아청소년과"": 1, ""신경과"": 3, ""신경외과"": 6, ""심장혈관흉부외과"": 1, ""영상의학과"": 6, ""외과"": 2, ""응급의학과"": 5, ""이비인후과"": 1, ""재활의학과"": 2, ""정신건강의학과"": 2, ""정형외과"": 4, ""직업환경의학과"": 4, ""진단검사의학과"": 1, ""치주과"": 1}","[""유방촬영장치"", ""CT"", ""골밀도검사기"", ""혈액투석을위한인공신장기"", ""콘빔CT"", ""인큐베이터"", ""인공호흡기"", ""분만감시기"", ""체외충격파쇄석기"", ""일반엑스선촬영장치"", ""MRI"", ""초음파영상진단기""]","[""성인 중환자실"", ""응급의료기관"", ""HPV 국가예방접종사업 참여기관"", ""간호간병통합서비스 제공기관"", ""수면다원검사 실시기관""]"
JDQ4MTYyMiM4MSMkMSMkMCMkODkkMzgxMzUxIzExIyQxIyQzIyQ5OSQyNjEwMDIjNDEjJDEjJDgjJDgz,의료법인한성재단포항세명기독병원,종합병원,"경상북도 포항시 남구 포스코대로 351,  (대도동)",36.0177172,129.3622256,"[""내과"", ""신경과"", ""정신건강의학과"", ""외과"", ""정형외과"", ""신경외과"", ""심장혈관흉부외과"", ""성형외과"", ""마취통증의학과"", ""산부인과"", ""소아청소년과"", ""안과"", ""이비인후과"", ""비뇨의학과"", ""영상의학과"", ""방사선종양학과"", ""병리과"", ""진단검사의학과"", ""재활의학과"", ""핵의학과"", ""가정의학과"", ""응급의학과"", ""직업환경의학과"", ""구강내과""]","{""가정의학과"": 4, ""내과"": 33, ""마취통증의학과"": 5, ""방사선종양학과"": 3, ""병리과"": 2, ""비뇨의학과"": 4, ""산부인과"": 3, ""성형외과"": 1, ""소아청소년과"": 1, ""신경과"": 5, ""신경외과"": 5, ""심장혈관흉부외과"": 2, ""영상의학과"": 7, ""예방의학과"": 1, ""외과"": 8, ""응급의학과"": 17, ""이비인후과"": 2, ""재활의학과"": 2, ""정신건강의학과"": 1, ""정형외과"": 16, ""직업환경의학과"": 1, ""진단검사의학과"": 4, ""치과보철과"": 1, ""핵의학과"": 1}","[""인큐베이터"", ""인공호흡기"", ""콘빔CT"", ""일반엑스선촬영장치"", ""유방촬영장치"", ""양전자단층촬영기 (PET)"", ""골밀도검사기"", ""CT"", ""체외충격파쇄석기"", ""초음파영상진단기"", ""ECMO"", ""분만감시기"", ""MRI"", ""혈액투석을위한인공신장기""]","[""재활환자 재택의료 시범기관"", ""결핵환자 재택의료 시범기관"", ""응급의료기관"", ""HPV 국가예방접종사업 참여기관"", ""암환자(요루) 재택의료 시범기관"", ""간호간병통합서비스 제공기관"", ""수면다원검사 실시기관"", ""심장질환자 재택의료 시범기관"", ""암환자 재택의료 시범기관"", ""성인 중환자실""]"
JDQ4MTg4MSM1MSMkMSMkMCMkODkkMzgxMzUxIzExIyQxIyQ3IyQ4OSQ0NjEwMDIjODEjJDEjJDYjJDgz,의료법인한전의료재단 한일병원,종합병원,"서울특별시 도봉구 우이천로 308, 한일병원 (쌍문동)",37.6461401,127.0291228,"[""내과"", ""신경과"", ""정신건강의학과"", ""외과"", ""정형외과"", ""신경외과"", ""심장혈관흉부외과"", ""성형외과"", ""마취통증의학과"", ""산부인과"", ""소아청소년과"", ""안과"", ""이비인후과"", ""피부과"", ""비뇨의학과"", ""영상의학과"", ""병리과"", ""진단검사의학과"", ""재활의학과"", ""핵의학과"", ""가정의학과"", ""응급의학과"", ""직업환경의학과"", ""치과보철과""]","{""가정의학과"": 3, ""내과"": 22, ""마취통증의학과"": 5, ""병리과"": 1, ""비뇨의학과"": 2, ""산부인과"": 2, ""성형외과"": 3, ""소아청소년과"": 3, ""신경과"": 5, ""신경외과"": 2, ""심장혈관흉부외과"": 1, ""안과"": 1, ""영상의학과"": 6, ""예방의학과"": 1, ""외과"": 6, ""응급의학과"": 12, ""이비인후과"": 1, ""재활의학과"": 1, ""정신건강의학과"": 1, ""정형외과"": 6, ""직업환경의학과"": 9, ""진단검사의학과"": 1, ""치과보철과"": 1, ""통합치의학과"": 1, ""피부과"": 1, ""핵의학과"": 2}","[""CT"", ""콘빔CT"", ""초음파영상진단기"", ""골밀도검사기"", ""MRI"", ""인공호흡기"", ""혈액투석을위한인공신장기"", ""분만감시기"", ""인큐베이터"", ""일반엑스선촬영장치"", ""유방촬영장치"", ""체외충격파쇄석기""]","[""결핵환자 재택의료 시범기관"", ""응급의료기관"", ""HPV 국가예방접종사업 참여기관"", ""간호간병통합서비스 제공기관"", ""성인 중환자실""]"
JDQ4MTYyMiM4MSMkMSMkNCMkODkkMzgxMzUxIzExIyQyIyQzIyQwMCQ0NjEwMDIjODEjJDEjJDIjJDgz,의료법인합포의료재단에스엠지연세병원,종합병원,"경상남도 창원시 마산합포구 3·15대로 76, (월남동2가, 합포의료재단)",35.1863148,128.5616013,"[""내과"", ""신경과"", ""정신건강의학과"", ""외과"", ""정형외과"", ""신경외과"", ""심장혈관흉부외과"", ""마취통증의학과"", ""산부인과"", ""소아청소년과"", ""이비인후과"", ""비뇨의학과"", ""영상의학과"", ""병리과"", ""진단검사의학과"", ""가정의학과"", ""응급의학과"", ""구강내과""]","{""내과"": 10, ""마취통증의학과"": 3, ""병리과"": 1, ""비뇨의학과"": 2, ""산부인과"": 1, ""소아청소년과"": 2, ""신경과"": 2, ""신경외과"": 3, ""심장혈관흉부외과"": 1, ""영상의학과"": 2, ""외과"": 2, ""응급의학과"": 4, ""정신건강의학과"": 1, ""정형외과"": 3, ""진단검사의학과"": 1}","[""체외충격파쇄석기"", ""MRI"", ""골밀도검사기"", ""혈액투석을위한인공신장기"", ""CT"", ""일반엑스선촬영장치"", ""유방촬영장치"", ""초음파영상진단기"", ""인공호흡기""]","[""성인 중환자실"", ""응급의료기관"", ""간호간병통합서비스 제공기관"", ""HPV 국가예방접종사업 참여기관""]"
JDQ4MTYyMiM3MSMkMSMkMCMkODkkMzgxMzUxIzExIyQxIyQzIyQ5MiQzNjE4MzIjNTEjJDEjJDYjJDgz,의료법인해민의료재단 세안종합병원,종합병원,"전남광주통합특별시 목포시 고하대로 795-2, (연산동)",34.8169147,126.3802493,"[""내과"", ""신경과"", ""정신건강의학과"", ""외과"", ""정형외과"", ""마취통증의학과"", ""산부인과"", ""소아청소년과"", ""영상의학과"", ""병리과"", ""진단검사의학과"", ""구강악안면외과""]","{""내과"": 2, ""마취통증의학과"": 1, ""산부인과"": 1, ""소아청소년과"": 1, ""신경과"": 1, ""영상의학과"": 1, ""응급의학과"": 1, ""정신건강의학과"": 2, ""정형외과"": 1, ""진단검사의학과"": 1}","[""일반엑스선촬영장치"", ""인공호흡기"", ""MRI"", ""혈액투석을위한인공신장기"", ""CT"", ""콘빔CT"", ""골밀도검사기"", ""초음파영상진단기"", ""유방촬영장치""]","[""성인 중환자실"", ""간호간병통합서비스 제공기관"", ""치매관리주치의 시범기관""]"
JDQ4MTYyMiM3MSMkMSMkMCMkODkkMzgxMzUxIzExIyQxIyQzIyQ3OSQzNjEyMjIjNjEjJDEjJDAjJDgz,의료법인행촌의료재단 해남종합병원,종합병원,"전남광주통합특별시 해남군 해남읍 해남로 45, (해남읍)",34.5717971,126.6127914,"[""내과"", ""신경과"", ""정신건강의학과"", ""외과"", ""정형외과"", ""신경외과"", ""성형외과"", ""마취통증의학과"", ""산부인과"", ""소아청소년과"", ""비뇨의학과"", ""영상의학과"", ""진단검사의학과"", ""재활의학과"", ""가정의학과"", ""예방치과"", ""통합치의학과""]","{""가정의학과"": 2, ""내과"": 2, ""마취통증의학과"": 1, ""비뇨의학과"": 1, ""산부인과"": 3, ""소아청소년과"": 2, ""신경과"": 1, ""신경외과"": 1, ""심장혈관흉부외과"": 1, ""영상의학과"": 1, ""외과"": 1, ""재활의학과"": 1, ""정신건강의학과"": 1, ""정형외과"": 2, ""진단검사의학과"": 1}","[""MRI"", ""분만감시기"", ""일반엑스선촬영장치"", ""유방촬영장치"", ""인큐베이터"", ""CT"", ""초음파영상진단기"", ""체외충격파쇄석기"", ""골밀도검사기"", ""혈액투석을위한인공신장기"", ""인공호흡기""]","[""성인 중환자실"", ""보훈위탁진료요양기관"", ""HPV 국가예방접종사업 참여기관"", ""응급의료기관""]"
JDQ4MTYyMiM3MSMkMSMkMCMkODkkMzgxMzUxIzExIyQxIyQ3IyQ3OSQyNjE4MzIjNjEjJDEjJDgjJDgz,의료법인현경의료재단 광양서울병원,종합병원,"전남광주통합특별시 광양시 진등길 93,  (마동)",34.9579361,127.6905821,"[""내과"", ""외과"", ""정형외과"", ""신경외과"", ""마취통증의학과"", ""소아청소년과"", ""영상의학과"", ""진단검사의학과"", ""가정의학과"", ""직업환경의학과"", ""예방치과""]","{""가정의학과"": 1, ""내과"": 4, ""마취통증의학과"": 1, ""소아청소년과"": 1, ""신경외과"": 1, ""영상의학과"": 1, ""외과"": 1, ""정형외과"": 2, ""직업환경의학과"": 2, ""진단검사의학과"": 1}","[""유방촬영장치"", ""CT"", ""골밀도검사기"", ""초음파영상진단기"", ""MRI"", ""인공호흡기"", ""일반엑스선촬영장치"", ""혈액투석을위한인공신장기""]","[""간호간병통합서비스 제공기관"", ""응급의료기관"", ""HPV 국가예방접종사업 참여기관""]"
JDQ4MTYyMiM4MSMkMSMkNCMkODkkMzgxMzUxIzExIyQxIyQzIyQ2MiQ0NjEwMDIjNjEjJDEjJDQjJDgz,의료법인환명의료재단 조은금강병원,종합병원,"경상남도 김해시 김해대로 1814-37, (삼계동)",35.2623213,128.8615328,"[""내과"", ""신경과"", ""정신건강의학과"", ""외과"", ""정형외과"", ""신경외과"", ""마취통증의학과"", ""산부인과"", ""소아청소년과"", ""이비인후과"", ""피부과"", ""비뇨의학과"", ""영상의학과"", ""진단검사의학과"", ""재활의학과"", ""가정의학과"", ""응급의학과"", ""직업환경의학과"", ""치주과""]","{""가정의학과"": 2, ""내과"": 9, ""마취통증의학과"": 2, ""비뇨의학과"": 1, ""산부인과"": 1, ""소아청소년과"": 1, ""신경과"": 2, ""신경외과"": 1, ""영상의학과"": 3, ""외과"": 3, ""응급의학과"": 4, ""이비인후과"": 1, ""재활의학과"": 1, ""정신건강의학과"": 3, ""정형외과"": 3, ""직업환경의학과"": 3, ""진단검사의학과"": 1, ""피부과"": 1}","[""콘빔CT"", ""MRI"", ""초음파영상진단기"", ""인공호흡기"", ""혈액투석을위한인공신장기"", ""체외충격파쇄석기"", ""유방촬영장치"", ""CT"", ""골밀도검사기"", ""일반엑스선촬영장치""]","[""성인 중환자실"", ""가정간호실시기관"", ""간호간병통합서비스 제공기관"", ""HPV 국가예방접종사업 참여기관"", ""응급의료기관"", ""보훈위탁진료요양기관""]"
JDQ4MTYyMiM1MSMkMSMkNCMkODkkMzgxMzUxIzExIyQxIyQzIyQ4OSQ0NjE0ODEjNTEjJDEjJDYjJDgz,의산의료재단 강릉고려병원,종합병원,"강원특별자치도 강릉시 옥가로 30, (옥천동)",37.7590068,128.8998047,"[""내과"", ""외과"", ""정형외과"", ""신경외과"", ""마취통증의학과"", ""산부인과"", ""영상의학과"", ""병리과""]","{""내과"": 2, ""마취통증의학과"": 1, ""병리과"": 1, ""산부인과"": 1, ""영상의학과"": 1, ""외과"": 1, ""정형외과"": 4}","[""CT"", ""유방촬영장치"", ""골밀도검사기"", ""인공호흡기"", ""초음파영상진단기"", ""일반엑스선촬영장치"", ""MRI""]","[""간호간병통합서비스 제공기관""]"
JDQ4MTg4MSM1MSMkMSMkMCMkODkkMzgxMzUxIzExIyQyIyQ3IyQwMCQzNjEyMjIjODEjJDEjJDYjJDgz,이화여자대학교의과대학부속서울병원,종합병원,"서울특별시 강서구 공항대로 260, 이화의대부속서울병원 (마곡동)",37.5572629,126.8362668,"[""내과"", ""신경과"", ""정신건강의학과"", ""외과"", ""정형외과"", ""신경외과"", ""심장혈관흉부외과"", ""성형외과"", ""마취통증의학과"", ""산부인과"", ""소아청소년과"", ""안과"", ""이비인후과"", ""피부과"", ""비뇨의학과"", ""영상의학과"", ""방사선종양학과"", ""병리과"", ""진단검사의학과"", ""재활의학과"", ""핵의학과"", ""가정의학과"", ""응급의학과"", ""구강악안면외과"", ""치과보존과"", ""통합치의학과""]","{""가정의학과"": 9, ""구강악안면외과"": 2, ""내과"": 65, ""마취통증의학과"": 22, ""방사선종양학과"": 2, ""병리과"": 6, ""비뇨의학과"": 4, ""산부인과"": 10, ""성형외과"": 4, ""소아청소년과"": 21, ""신경과"": 14, ""신경외과"": 9, ""심장혈관흉부외과"": 11, ""안과"": 5, ""영상의학과"": 27, ""외과"": 19, ""응급의학과"": 18, ""이비인후과"": 3, ""재활의학과"": 4, ""정신건강의학과"": 4, ""정형외과"": 10, ""직업환경의학과"": 1, ""진단검사의학과"": 3, ""치과교정과"": 1, ""치과보존과"": 1, ""치과보철과"": 1, ""통합치의학과"": 1, ""피부과"": 3, ""핵의학과"": 3}","[""초음파영상진단기"", ""유방촬영장치"", ""콘빔CT"", ""일반엑스선촬영장치"", ""CT"", ""골밀도검사기"", ""혈액투석을위한인공신장기"", ""분만감시기"", ""MRI"", ""인공호흡기"", ""ECMO"", ""양전자단층촬영기 (PET)"", ""인큐베이터"", ""체외충격파쇄석기""]","[""신속대응시스템 시범기관"", ""경피적 좌심방이 폐색술 실시기관"", ""차세대염기서열분석 기반 유전자 패널검사 실시기관"", ""심장질환자 재택의료 시범기관"", ""HPV 국가예방접종사업 참여기관"", ""수면다원검사 실시기관"", ""조혈모세포이식 실시기관"", ""인공와우 실시기관"", ""측두하악관절자극요법 실시기관"", ""응급의료기관"", ""경피적 대동맥판삽입 실시기관"", ""간호간병통합서비스 제공기관"", ""복막투석 환자 재택관리 시범기관"", ""성인 중환자실"", ""신생아 중환자실""]"
JDQ4MTYyMiM2MSMkMSMkNiMkODkkMzgxMzUxIzExIyQxIyQzIyQ4OSQzNjEyMjIjODEjJDEjJDIjJDgz,익산병원,종합병원,"전북특별자치도 익산시 무왕로 969, (신동)",35.9616504,126.9665158,"[""내과"", ""신경과"", ""정신건강의학과"", ""외과"", ""정형외과"", ""신경외과"", ""심장혈관흉부외과"", ""성형외과"", ""마취통증의학과"", ""산부인과"", ""소아청소년과"", ""비뇨의학과"", ""영상의학과"", ""진단검사의학과"", ""재활의학과"", ""가정의학과"", ""응급의학과"", ""직업환경의학과"", ""구강악안면외과"", ""치과보철과"", ""소아치과"", ""치주과"", ""치과보존과"", ""구강내과"", ""통합치의학과""]","{""가정의학과"": 1, ""내과"": 14, ""마취통증의학과"": 2, ""비뇨의학과"": 1, ""산부인과"": 2, ""성형외과"": 1, ""소아청소년과"": 1, ""신경과"": 2, ""신경외과"": 2, ""심장혈관흉부외과"": 2, ""영상의학과"": 5, ""외과"": 3, ""응급의학과"": 9, ""재활의학과"": 1, ""정신건강의학과"": 1, ""정형외과"": 5, ""직업환경의학과"": 2, ""진단검사의학과"": 2, ""통합치의학과"": 1}","[""MRI"", ""인공호흡기"", ""혈액투석을위한인공신장기"", ""유방촬영장치"", ""초음파영상진단기"", ""콘빔CT"", ""체외충격파쇄석기"", ""일반엑스선촬영장치"", ""골밀도검사기"", ""CT""]","[""보훈위탁진료요양기관"", ""응급의료기관"", ""암환자 재택의료 시범기관"", ""간호간병통합서비스 제공기관"", ""HPV 국가예방접종사업 참여기관"", ""결핵환자 재택의료 시범기관"", ""성인 중환자실""]"
JDQ4MTYyMiM1MSMkMSMkMCMkODkkMzgxMzUxIzExIyQxIyQzIyQ4OSQ0NjEwMDIjODEjJDEjJDIjJDgz,인산의료재단 메트로병원,종합병원,"경기도 안양시 만안구 명학로33번길 8, (안양동, 메트로병원)",37.3786666,126.9352309,"[""내과"", ""외과"", ""심장혈관흉부외과"", ""마취통증의학과"", ""산부인과"", ""비뇨의학과"", ""영상의학과"", ""진단검사의학과"", ""가정의학과"", ""직업환경의학과"", ""치과보존과""]","{""가정의학과"": 1, ""내과"": 3, ""병리과"": 1, ""비뇨의학과"": 1, ""산부인과"": 1, ""심장혈관흉부외과"": 1, ""영상의학과"": 1, ""외과"": 1, ""직업환경의학과"": 1, ""진단검사의학과"": 1}","[""유방촬영장치"", ""초음파영상진단기"", ""혈액투석을위한인공신장기"", ""골밀도검사기"", ""MRI"", ""일반엑스선촬영장치"", ""CT"", ""인공호흡기""]","[""성인 중환자실"", ""개방병원"", ""입원형 호스피스전문기관"", ""가정형 호스피스전문기관""]"
JDQ4MTg4MSM1MSMkMSMkMCMkODkkMzgxMzUxIzExIyQxIyQzIyQwMyQyNjEwMDIjODEjJDEjJDIjJDgz,인제대학교 상계백병원,종합병원,"서울특별시 노원구 동일로 1342, 상계백병원 (상계동)",37.6485408,127.0629909,"[""내과"", ""신경과"", ""정신건강의학과"", ""외과"", ""정형외과"", ""신경외과"", ""심장혈관흉부외과"", ""성형외과"", ""마취통증의학과"", ""산부인과"", ""소아청소년과"", ""안과"", ""이비인후과"", ""피부과"", ""비뇨의학과"", ""영상의학과"", ""방사선종양학과"", ""병리과"", ""진단검사의학과"", ""재활의학과"", ""핵의학과"", ""가정의학과"", ""응급의학과"", ""직업환경의학과"", ""구강악안면외과""]","{""가정의학과"": 4, ""구강악안면외과"": 2, ""내과"": 31, ""마취통증의학과"": 9, ""방사선종양학과"": 1, ""병리과"": 3, ""비뇨의학과"": 3, ""산부인과"": 3, ""성형외과"": 3, ""소아청소년과"": 8, ""신경과"": 7, ""신경외과"": 5, ""심장혈관흉부외과"": 2, ""안과"": 6, ""영상의학과"": 9, ""외과"": 13, ""응급의학과"": 11, ""이비인후과"": 4, ""재활의학과"": 4, ""정신건강의학과"": 5, ""정형외과"": 13, ""진단검사의학과"": 2, ""통합치의학과"": 1, ""피부과"": 3, ""핵의학과"": 1}","[""초음파영상진단기"", ""콘빔CT"", ""분만감시기"", ""인공호흡기"", ""ECMO"", ""CT"", ""골밀도검사기"", ""MRI"", ""체외충격파쇄석기"", ""일반엑스선촬영장치"", ""유방촬영장치"", ""양전자단층촬영기 (PET)"", ""인큐베이터"", ""혈액투석을위한인공신장기""]","[""측두하악관절자극요법 실시기관"", ""수면다원검사 실시기관"", ""외국인 근로자 등 의료지원 사업시행 의료기관"", ""복막투석 환자 재택관리 시범기관"", ""1형 당뇨병 환자 재택의료 시범기관"", ""간호간병통합서비스 제공기관"", ""응급의료기관"", ""인공와우 실시기관"", ""HPV 국가예방접종사업 참여기관"", ""성인 중환자실"", ""신생아 중환자실""]"
JDQ4MTAxMiM1MSMkMSMkMCMkODkkMzgxMzUxIzExIyQxIyQzIyQ4MiQyNjE0ODEjODEjJDEjJDIjJDgz,인제대학교 해운대백병원,종합병원,"부산광역시 해운대구 해운대로 875, (좌동)",35.1734430,129.1820130,"[""내과"", ""신경과"", ""정신건강의학과"", ""외과"", ""정형외과"", ""신경외과"", ""심장혈관흉부외과"", ""성형외과"", ""마취통증의학과"", ""산부인과"", ""소아청소년과"", ""안과"", ""이비인후과"", ""피부과"", ""비뇨의학과"", ""영상의학과"", ""방사선종양학과"", ""병리과"", ""진단검사의학과"", ""재활의학과"", ""핵의학과"", ""가정의학과"", ""응급의학과"", ""직업환경의학과"", ""구강악안면외과"", ""치과보철과"", ""치과교정과""]","{""가정의학과"": 9, ""구강악안면외과"": 1, ""내과"": 62, ""마취통증의학과"": 15, ""방사선종양학과"": 2, ""병리과"": 4, ""비뇨의학과"": 4, ""산부인과"": 8, ""성형외과"": 3, ""소아청소년과"": 19, ""신경과"": 8, ""신경외과"": 5, ""심장혈관흉부외과"": 5, ""안과"": 4, ""영상의학과"": 15, ""외과"": 19, ""응급의학과"": 12, ""이비인후과"": 6, ""재활의학과"": 3, ""정신건강의학과"": 3, ""정형외과"": 7, ""직업환경의학과"": 2, ""진단검사의학과"": 3, ""치과보존과"": 2, ""치과보철과"": 2, ""치주과"": 1, ""통합치의학과"": 1, ""피부과"": 3, ""핵의학과"": 3}","[""초음파영상진단기"", ""콘빔CT"", ""골밀도검사기"", ""유방촬영장치"", ""종양치료기 (Gamma Knife)"", ""인공호흡기"", ""CT"", ""양전자단층촬영기 (PET)"", ""MRI"", ""일반엑스선촬영장치"", ""인큐베이터"", ""ECMO"", ""체외충격파쇄석기"", ""혈액투석을위한인공신장기"", ""분만감시기""]","[""응급의료기관"", ""측두하악관절자극요법 실시기관"", ""수면다원검사 실시기관"", ""인공와우 실시기관"", ""결핵환자 재택의료 시범기관"", ""(정신질환)병원기반·낮병동 시범기관"", ""재활환자 재택의료 시범기관"", ""간호간병통합서비스 제공기관"", ""난임시술(체외)"", ""난임시술(인공)"", ""성인 중환자실"", ""신생아 중환자실"", ""차세대염기서열분석 기반 유전자 패널검사 실시기관"", ""1형 당뇨병 환자 재택의료 시범기관"", ""신속대응시스템 시범기관"", ""복막투석 환자 재택관리 시범기관"", ""가정용 인공호흡기 환자 재택의료 시범기관"", ""암환자 재택의료 시범기관"", ""조혈모세포이식 실시기관""]"
JDQ4MTYyMiM1MSMkMSMkMCMkODkkMzgxMzUxIzExIyQxIyQzIyQ4MiQzNjEwMDIjNDEjJDEjJDgjJDgz,인제대학교일산백병원,종합병원,"경기도 고양시 일산서구 주화로 170, (대화동)",37.6742736,126.7503802,"[""내과"", ""신경과"", ""정신건강의학과"", ""외과"", ""정형외과"", ""신경외과"", ""심장혈관흉부외과"", ""성형외과"", ""마취통증의학과"", ""산부인과"", ""소아청소년과"", ""안과"", ""이비인후과"", ""피부과"", ""비뇨의학과"", ""영상의학과"", ""방사선종양학과"", ""병리과"", ""진단검사의학과"", ""재활의학과"", ""핵의학과"", ""가정의학과"", ""응급의학과"", ""구강악안면외과"", ""치과보철과"", ""치과교정과"", ""통합치의학과""]","{""가정의학과"": 4, ""구강악안면외과"": 1, ""내과"": 43, ""마취통증의학과"": 9, ""방사선종양학과"": 1, ""병리과"": 4, ""비뇨의학과"": 5, ""산부인과"": 6, ""성형외과"": 2, ""소아청소년과"": 6, ""신경과"": 8, ""신경외과"": 7, ""심장혈관흉부외과"": 2, ""안과"": 5, ""영상의학과"": 8, ""외과"": 12, ""응급의학과"": 12, ""이비인후과"": 5, ""재활의학과"": 3, ""정신건강의학과"": 5, ""정형외과"": 11, ""진단검사의학과"": 4, ""치과보철과"": 2, ""통합치의학과"": 1, ""피부과"": 3, ""핵의학과"": 1}","[""분만감시기"", ""양전자단층촬영기 (PET)"", ""콘빔CT"", ""인큐베이터"", ""인공호흡기"", ""체외충격파쇄석기"", ""유방촬영장치"", ""ECMO"", ""초음파영상진단기"", ""일반엑스선촬영장치"", ""골밀도검사기"", ""MRI"", ""혈액투석을위한인공신장기"", ""CT""]","[""성인 중환자실"", ""신생아 중환자실"", ""차세대염기서열분석 기반 유전자 패널검사 실시기관"", ""측두하악관절자극요법 실시기관"", ""HPV 국가예방접종사업 참여기관"", ""보훈위탁진료요양기관"", ""입원형 호스피스전문기관"", ""결핵환자 재택의료 시범기관"", ""간호간병통합서비스 제공기관"", ""난임시술(체외)"", ""난임시술(인공)"", ""응급의료기관"", ""복막투석 환자 재택관리 시범기관"", ""가정간호실시기관"", ""인공와우 실시기관"", ""수면다원검사 실시기관""]"
JDQ4MTYyMiM1MSMkMSMkMCMkODkkMzgxMzUxIzExIyQxIyQzIyQ3OSQyNjEwMDIjNjEjJDEjJDQjJDgz,인천광역시의료원,종합병원,"인천광역시 제물포구 방축로 217, 217",37.4787429,126.6687500,"[""내과"", ""신경과"", ""정신건강의학과"", ""외과"", ""정형외과"", ""신경외과"", ""심장혈관흉부외과"", ""마취통증의학과"", ""산부인과"", ""소아청소년과"", ""안과"", ""이비인후과"", ""비뇨의학과"", ""영상의학과"", ""진단검사의학과"", ""재활의학과"", ""가정의학과"", ""응급의학과"", ""직업환경의학과"", ""치과보철과"", ""치과보존과""]","{""가정의학과"": 2, ""구강악안면외과"": 1, ""내과"": 9, ""마취통증의학과"": 3, ""비뇨의학과"": 1, ""산부인과"": 2, ""신경과"": 1, ""신경외과"": 2, ""심장혈관흉부외과"": 1, ""안과"": 1, ""영상의학과"": 1, ""외과"": 4, ""응급의학과"": 3, ""이비인후과"": 1, ""재활의학과"": 2, ""정신건강의학과"": 5, ""정형외과"": 3, ""직업환경의학과"": 1, ""진단검사의학과"": 1}","[""CT"", ""인공호흡기"", ""골밀도검사기"", ""유방촬영장치"", ""인큐베이터"", ""초음파영상진단기"", ""혈액투석을위한인공신장기"", ""일반엑스선촬영장치"", ""체외충격파쇄석기"", ""콘빔CT"", ""MRI""]","[""성인 중환자실"", ""외국인 근로자 등 의료지원 사업시행 의료기관"", ""HPV 국가예방접종사업 참여기관"", ""개방병원"", ""보훈위탁진료요양기관"", ""간호간병통합서비스 제공기관"", ""장애인 건강 주치의 시범기관(방문진료 실시기관)"", ""입원형 호스피스전문기관"", ""장애인 건강 주치의 시범기관(전체)"", ""(정신질환)병원기반·낮병동 시범기관"", ""응급의료기관"", ""가정간호실시기관"", ""일차의료 방문진료 수가 시범기관""]"
JDQ4MTYyMiM1MSMkMSMkMCMkODkkMzgxMzUxIzExIyQxIyQzIyQ3OSQyNjEyMjIjNTEjJDEjJDYjJDgz,인천기독병원,종합병원,"인천광역시 제물포구 답동로30번길 10, (율목동)",37.4712156,126.6321218,"[""내과"", ""정신건강의학과"", ""외과"", ""정형외과"", ""신경외과"", ""심장혈관흉부외과"", ""마취통증의학과"", ""소아청소년과"", ""비뇨의학과"", ""영상의학과"", ""진단검사의학과"", ""응급의학과""]","{""내과"": 7, ""마취통증의학과"": 1, ""비뇨의학과"": 1, ""소아청소년과"": 1, ""신경과"": 1, ""신경외과"": 1, ""심장혈관흉부외과"": 1, ""영상의학과"": 1, ""외과"": 1, ""응급의학과"": 3, ""정신건강의학과"": 1, ""정형외과"": 2, ""진단검사의학과"": 1}","[""일반엑스선촬영장치"", ""인큐베이터"", ""MRI"", ""인공호흡기"", ""체외충격파쇄석기"", ""유방촬영장치"", ""초음파영상진단기"", ""혈액투석을위한인공신장기"", ""CT"", ""골밀도검사기"", ""분만감시기""]","[""성인 중환자실"", ""HPV 국가예방접종사업 참여기관"", ""응급의료기관"", ""간호간병통합서비스 제공기관""]"
JDQ4MTYyMiM1MSMkMSMkMCMkODkkMzgxMzUxIzExIyQxIyQ3IyQ5OSQzNjEyMjIjNzEjJDEjJDgjJDgz,인천세종병원,종합병원,"인천광역시 계양구 계양문화로 20-0, 인천세종병원",37.5324735,126.7368717,"[""내과"", ""신경과"", ""정신건강의학과"", ""외과"", ""정형외과"", ""신경외과"", ""심장혈관흉부외과"", ""마취통증의학과"", ""산부인과"", ""소아청소년과"", ""안과"", ""이비인후과"", ""피부과"", ""비뇨의학과"", ""영상의학과"", ""병리과"", ""진단검사의학과"", ""재활의학과"", ""가정의학과"", ""응급의학과"", ""치과보철과""]","{""가정의학과"": 3, ""내과"": 33, ""마취통증의학과"": 4, ""병리과"": 2, ""비뇨의학과"": 2, ""산부인과"": 3, ""소아청소년과"": 4, ""신경과"": 4, ""신경외과"": 4, ""심장혈관흉부외과"": 5, ""안과"": 1, ""영상의학과"": 6, ""외과"": 6, ""응급의학과"": 15, ""이비인후과"": 1, ""재활의학과"": 1, ""정신건강의학과"": 1, ""정형외과"": 4, ""진단검사의학과"": 1, ""치과교정과"": 1, ""치과보철과"": 1, ""피부과"": 1}","[""혈액투석을위한인공신장기"", ""CT"", ""골밀도검사기"", ""콘빔CT"", ""분만감시기"", ""체외충격파쇄석기"", ""ECMO"", ""유방촬영장치"", ""일반엑스선촬영장치"", ""인공호흡기"", ""MRI"", ""초음파영상진단기""]","[""성인 중환자실"", ""HPV 국가예방접종사업 참여기관"", ""심실 보조장치 치료술 실시기관(이식형)"", ""수면다원검사 실시기관"", ""심장질환자 재택의료 시범기관"", ""경피적 좌심방이 폐색술 실시기관"", ""외국인 근로자 등 의료지원 사업시행 의료기관"", ""장애인 건강 주치의 시범기관(전체)"", ""결핵환자 재택의료 시범기관"", ""경피적 대동맥판삽입 실시기관"", ""간호간병통합서비스 제공기관"", ""응급의료기관"", ""신속대응시스템 시범기관"", ""복막투석 환자 재택관리 시범기관""]"
JDQ4MTYyMiM1MSMkMSMkMCMkODkkMzgxMzUxIzExIyQxIyQ3IyQ2MiQ0NjE0ODEjODEjJDEjJDIjJDgz,인천적십자병원,종합병원,"인천광역시 연수구 원인재로 263, (연수동)",37.4184945,126.6896544,"[""내과"", ""신경과"", ""외과"", ""정형외과"", ""신경외과"", ""마취통증의학과"", ""산부인과"", ""영상의학과"", ""병리과"", ""진단검사의학과"", ""가정의학과"", ""응급의학과"", ""치주과""]","{""내과"": 4, ""마취통증의학과"": 1, ""병리과"": 1, ""산부인과"": 1, ""신경과"": 1, ""신경외과"": 1, ""영상의학과"": 1, ""외과"": 1, ""응급의학과"": 5, ""정형외과"": 1}","[""MRI"", ""CT"", ""초음파영상진단기"", ""혈액투석을위한인공신장기"", ""콘빔CT"", ""유방촬영장치"", ""골밀도검사기"", ""인공호흡기"", ""일반엑스선촬영장치""]","[""성인 중환자실"", ""응급의료기관"", ""외국인 근로자 등 의료지원 사업시행 의료기관"", ""간호간병통합서비스 제공기관"", ""HPV 국가예방접종사업 참여기관""]"
JDQ4MTYyMiM1MSMkMSMkMCMkODkkMzgxMzUxIzExIyQxIyQ3IyQ2MiQyNjEyMjIjODEjJDEjJDYjJDgz,인천힘찬종합병원,종합병원,"인천광역시 남동구 논현로 72-0, 인천힘찬종합병원",37.4011109,126.7147129,"[""내과"", ""신경과"", ""외과"", ""정형외과"", ""신경외과"", ""마취통증의학과"", ""산부인과"", ""소아청소년과"", ""비뇨의학과"", ""영상의학과"", ""진단검사의학과"", ""재활의학과"", ""가정의학과"", ""응급의학과"", ""직업환경의학과"", ""예방치과""]","{""가정의학과"": 1, ""내과"": 8, ""마취통증의학과"": 3, ""비뇨의학과"": 1, ""산부인과"": 1, ""소아청소년과"": 1, ""신경과"": 1, ""신경외과"": 3, ""영상의학과"": 3, ""외과"": 1, ""응급의학과"": 6, ""정형외과"": 6, ""직업환경의학과"": 1, ""진단검사의학과"": 1}","[""초음파영상진단기"", ""혈액투석을위한인공신장기"", ""일반엑스선촬영장치"", ""유방촬영장치"", ""CT"", ""골밀도검사기"", ""MRI"", ""체외충격파쇄석기"", ""인공호흡기""]","[""성인 중환자실"", ""HPV 국가예방접종사업 참여기관"", ""치매관리주치의 시범기관"", ""결핵환자 재택의료 시범기관"", ""간호간병통합서비스 제공기관"", ""응급의료기관""]"
JDQ4MTYyMiM2MSMkMSMkMiMkODkkMzgxMzUxIzExIyQxIyQzIyQ3OSQyNjEyMjIjNjEjJDEjJDAjJDgz,재단법인 아산사회복지재단 부속 보령아산병원,종합병원,"충청남도 보령시 죽성로 136,  (죽정동)",36.3811282,126.6228523,"[""내과"", ""외과"", ""정형외과"", ""신경외과"", ""마취통증의학과"", ""산부인과"", ""소아청소년과"", ""비뇨의학과"", ""영상의학과"", ""진단검사의학과"", ""재활의학과"", ""가정의학과"", ""응급의학과"", ""예방의학과""]","{""가정의학과"": 2, ""내과"": 3, ""마취통증의학과"": 1, ""병리과"": 1, ""비뇨의학과"": 1, ""산부인과"": 1, ""소아청소년과"": 3, ""신경외과"": 1, ""영상의학과"": 1, ""예방의학과"": 1, ""외과"": 2, ""재활의학과"": 1, ""정형외과"": 2, ""진단검사의학과"": 1}","[""유방촬영장치"", ""CT"", ""인큐베이터"", ""초음파영상진단기"", ""체외충격파쇄석기"", ""혈액투석을위한인공신장기"", ""인공호흡기"", ""골밀도검사기"", ""일반엑스선촬영장치"", ""MRI""]","[""응급의료기관"", ""간호간병통합서비스 제공기관"", ""보훈위탁진료요양기관"", ""성인 중환자실""]"
JDQ4MTYyMiM2MSMkMSMkNiMkODkkMzgxMzUxIzExIyQxIyQzIyQ3OSQyNjE4MzIjNjEjJDEjJDgjJDgz,재단법인 아산사회복지재단 정읍아산병원,종합병원,"전북특별자치도 정읍시 충정로 606-22, (용계동)",35.5888321,126.8234125,"[""내과"", ""정신건강의학과"", ""외과"", ""정형외과"", ""신경외과"", ""마취통증의학과"", ""산부인과"", ""소아청소년과"", ""이비인후과"", ""비뇨의학과"", ""영상의학과"", ""병리과"", ""가정의학과"", ""응급의학과"", ""직업환경의학과""]","{""가정의학과"": 2, ""내과"": 5, ""마취통증의학과"": 2, ""병리과"": 1, ""비뇨의학과"": 1, ""산부인과"": 2, ""소아청소년과"": 3, ""신경외과"": 1, ""심장혈관흉부외과"": 1, ""영상의학과"": 2, ""외과"": 2, ""이비인후과"": 1, ""정형외과"": 1, ""직업환경의학과"": 1}","[""일반엑스선촬영장치"", ""초음파영상진단기"", ""혈액투석을위한인공신장기"", ""MRI"", ""인공호흡기"", ""CT"", ""분만감시기"", ""유방촬영장치"", ""골밀도검사기"", ""체외충격파쇄석기""]","[""응급의료기관"", ""가정간호실시기관"", ""(정신질환)낮병동 시범기관"", ""간호간병통합서비스 제공기관"", ""HPV 국가예방접종사업 참여기관"", ""보훈위탁진료요양기관"", ""결핵환자 재택의료 시범기관"", ""성인 중환자실""]"
JDQ4MTYyMiM1MSMkMSMkOCMkODkkMzgxMzUxIzExIyQxIyQzIyQ5OSQzNjEwMDIjNDEjJDEjJDQjJDgz,재단법인베스티안재단베스티안병원,종합병원,"충청북도 청주시 흥덕구 오송읍 오송생명1로 191-0, (오송읍)",36.6364294,127.3216409,"[""내과"", ""외과"", ""정형외과"", ""마취통증의학과"", ""산부인과"", ""소아청소년과"", ""영상의학과"", ""진단검사의학과"", ""가정의학과"", ""응급의학과""]","{""가정의학과"": 1, ""내과"": 1, ""마취통증의학과"": 1, ""산부인과"": 1, ""영상의학과"": 1, ""외과"": 2, ""응급의학과"": 1, ""진단검사의학과"": 1}","[""일반엑스선촬영장치"", ""MRI"", ""인공호흡기"", ""CT"", ""골밀도검사기"", ""초음파영상진단기"", ""혈액투석을위한인공신장기"", ""유방촬영장치"", ""ECMO""]","[""성인 중환자실"", ""HPV 국가예방접종사업 참여기관"", ""간호간병통합서비스 제공기관""]"
JDQ4MTg4MSM1MSMkMSMkMCMkODkkMzgxMzUxIzExIyQyIyQ3IyQwMCQzNjEwMDIjNDEjJDEjJDgjJDgz,재단법인베스티안재단베스티안서울병원,종합병원,"서울특별시 성동구 왕십리로 382, (하왕십리동)",37.5651103,127.0280199,"[""내과"", ""외과"", ""마취통증의학과"", ""소아청소년과"", ""영상의학과"", ""진단검사의학과"", ""응급의학과""]","{""내과"": 1, ""마취통증의학과"": 1, ""소아청소년과"": 1, ""영상의학과"": 1, ""외과"": 2, ""응급의학과"": 2, ""진단검사의학과"": 1}","[""유방촬영장치"", ""골밀도검사기"", ""인공호흡기"", ""혈액투석을위한인공신장기"", ""초음파영상진단기"", ""일반엑스선촬영장치"", ""CT""]","[""간호간병통합서비스 제공기관"", ""성인 중환자실""]"
JDQ4MTYyMiM2MSMkMSMkNiMkODkkMzgxMzUxIzExIyQxIyQzIyQ3OSQyNjEyMjIjODEjJDEjJDIjJDgz,재단법인예수병원유지재단예수병원,종합병원,"전북특별자치도 전주시 완산구 서원로 365, (중화산동1가, 예수병원)",35.8143916,127.1332292,"[""내과"", ""신경과"", ""정신건강의학과"", ""외과"", ""정형외과"", ""신경외과"", ""심장혈관흉부외과"", ""성형외과"", ""마취통증의학과"", ""산부인과"", ""소아청소년과"", ""안과"", ""이비인후과"", ""피부과"", ""비뇨의학과"", ""영상의학과"", ""방사선종양학과"", ""병리과"", ""진단검사의학과"", ""재활의학과"", ""핵의학과"", ""가정의학과"", ""응급의학과"", ""구강악안면외과"", ""치과보철과"", ""소아치과"", ""치주과"", ""치과보존과"", ""구강내과"", ""예방치과""]","{""가정의학과"": 8, ""내과"": 38, ""마취통증의학과"": 6, ""방사선종양학과"": 2, ""병리과"": 3, ""비뇨의학과"": 2, ""산부인과"": 6, ""성형외과"": 1, ""소아청소년과"": 11, ""신경과"": 3, ""신경외과"": 6, ""심장혈관흉부외과"": 1, ""안과"": 2, ""영상의학과"": 9, ""외과"": 12, ""응급의학과"": 13, ""이비인후과"": 3, ""재활의학과"": 8, ""정신건강의학과"": 3, ""정형외과"": 8, ""진단검사의학과"": 3, ""치과보존과"": 1, ""피부과"": 2, ""핵의학과"": 2}","[""분만감시기"", ""양전자단층촬영기 (PET)"", ""인큐베이터"", ""ECMO"", ""일반엑스선촬영장치"", ""MRI"", ""유방촬영장치"", ""CT"", ""골밀도검사기"", ""인공호흡기"", ""체외충격파쇄석기"", ""초음파영상진단기"", ""콘빔CT"", ""혈액투석을위한인공신장기""]","[""장애인 치과 주치의 시범기관"", ""복막투석 환자 재택관리 시범기관"", ""보훈위탁진료요양기관"", ""입원형 호스피스전문기관"", ""심장질환자 재택의료 시범기관"", ""재활환자 재택의료 시범기관"", ""간호간병통합서비스 제공기관"", ""난임시술(체외)"", ""난임시술(인공)"", ""HPV 국가예방접종사업 참여기관"", ""암환자 재택의료 시범기관"", ""응급의료기관"", ""외국인 근로자 등 의료지원 사업시행 의료기관"", ""성인 중환자실"", ""신생아 중환자실""]"
JDQ4MTAxMiM1MSMkMSMkMCMkODkkMzgxMzUxIzExIyQyIyQzIyQwMCQyNjE0ODEjNjEjJDEjJDgjJDgz,재단법인일신기독교선교회 일신기독병원,종합병원,"부산광역시 동구 정공단로 27, (좌천동)",35.1357830,129.0543811,"[""내과"", ""신경과"", ""외과"", ""정형외과"", ""마취통증의학과"", ""산부인과"", ""소아청소년과"", ""영상의학과"", ""병리과"", ""진단검사의학과"", ""가정의학과""]","{""가정의학과"": 1, ""내과"": 6, ""마취통증의학과"": 1, ""병리과"": 1, ""산부인과"": 7, ""소아청소년과"": 9, ""신경과"": 1, ""영상의학과"": 1, ""외과"": 2, ""정형외과"": 2}","[""인공호흡기"", ""혈액투석을위한인공신장기"", ""일반엑스선촬영장치"", ""MRI"", ""CT"", ""골밀도검사기"", ""초음파영상진단기"", ""인큐베이터"", ""분만감시기"", ""유방촬영장치""]","[""외국인 근로자 등 의료지원 사업시행 의료기관"", ""HPV 국가예방접종사업 참여기관"", ""간호간병통합서비스 제공기관"", ""난임시술(체외)"", ""난임시술(인공)"", ""신생아 중환자실""]"
JDQ4MTAxMiM1MSMkMSMkMCMkODkkMzgxMzUxIzExIyQxIyQzIyQ3OSQyNjEwMDIjNTEjJDEjJDIjJDgz,재단법인천주교부산교구유지재단 메리놀병원,종합병원,"부산광역시 중구 중구로 121, (대청동4가)",35.1076838,129.0324148,"[""내과"", ""신경과"", ""정신건강의학과"", ""외과"", ""정형외과"", ""신경외과"", ""심장혈관흉부외과"", ""마취통증의학과"", ""산부인과"", ""소아청소년과"", ""안과"", ""이비인후과"", ""피부과"", ""비뇨의학과"", ""영상의학과"", ""방사선종양학과"", ""병리과"", ""진단검사의학과"", ""재활의학과"", ""가정의학과"", ""구강악안면외과"", ""치과보철과"", ""치과교정과"", ""소아치과"", ""치주과"", ""치과보존과"", ""구강내과"", ""영상치의학과"", ""구강병리과"", ""예방치과""]","{""가정의학과"": 3, ""구강악안면외과"": 1, ""내과"": 14, ""마취통증의학과"": 4, ""병리과"": 1, ""비뇨의학과"": 1, ""산부인과"": 2, ""소아청소년과"": 2, ""신경과"": 2, ""신경외과"": 3, ""심장혈관흉부외과"": 2, ""안과"": 5, ""영상의학과"": 5, ""외과"": 5, ""이비인후과"": 4, ""재활의학과"": 1, ""정신건강의학과"": 2, ""정형외과"": 3, ""진단검사의학과"": 2, ""피부과"": 1}","[""혈액투석을위한인공신장기"", ""MRI"", ""CT"", ""분만감시기"", ""골밀도검사기"", ""인큐베이터"", ""유방촬영장치"", ""일반엑스선촬영장치"", ""초음파영상진단기"", ""인공호흡기"", ""체외충격파쇄석기""]","[""결핵환자 재택의료 시범기관"", ""응급의료기관"", ""입원형 호스피스전문기관"", ""HPV 국가예방접종사업 참여기관"", ""개방병원"", ""1형 당뇨병 환자 재택의료 시범기관"", ""간호간병통합서비스 제공기관"", ""성인 중환자실"", ""암환자 재택의료 시범기관""]"
JDQ4MTYyMiM3MSMkMSMkMCMkODkkMzgxMzUxIzExIyQxIyQzIyQ5OSQyNjE0ODEjNDEjJDEjJDQjJDgz,전라남도 강진의료원,종합병원,"전남광주통합특별시 강진군 강진읍 탐진로 5, (강진읍)",34.6368113,126.7578653,"[""내과"", ""신경과"", ""외과"", ""정형외과"", ""마취통증의학과"", ""산부인과"", ""소아청소년과"", ""안과"", ""이비인후과"", ""영상의학과"", ""병리과"", ""응급의학과""]","{""내과"": 2, ""마취통증의학과"": 1, ""병리과"": 1, ""산부인과"": 3, ""소아청소년과"": 1, ""영상의학과"": 1, ""영상치의학과"": 1, ""외과"": 1, ""이비인후과"": 1, ""정형외과"": 2}","[""일반엑스선촬영장치"", ""인공호흡기"", ""분만감시기"", ""유방촬영장치"", ""골밀도검사기"", ""MRI"", ""혈액투석을위한인공신장기"", ""CT"", ""인큐베이터"", ""초음파영상진단기""]","[""가정간호실시기관"", ""HPV 국가예방접종사업 참여기관"", ""응급의료기관"", ""외국인 근로자 등 의료지원 사업시행 의료기관"", ""보훈위탁진료요양기관"", ""일차의료 방문진료 수가 시범기관""]"
JDQ4MTYyMiM3MSMkMSMkMCMkODkkMzgxMzUxIzExIyQxIyQzIyQxMyQzNjE4MzIjODEjJDEjJDIjJDgz,전라남도 순천의료원,종합병원,"전남광주통합특별시 순천시 서문성터길 2,  (매곡동)",34.9579097,127.4834680,"[""내과"", ""정신건강의학과"", ""외과"", ""정형외과"", ""신경외과"", ""심장혈관흉부외과"", ""마취통증의학과"", ""소아청소년과"", ""안과"", ""비뇨의학과"", ""영상의학과"", ""진단검사의학과"", ""결핵과"", ""재활의학과"", ""가정의학과"", ""응급의학과"", ""통합치의학과""]","{""내과"": 3, ""마취통증의학과"": 1, ""비뇨의학과"": 1, ""성형외과"": 1, ""소아청소년과"": 1, ""신경외과"": 1, ""영상의학과"": 1, ""외과"": 2, ""재활의학과"": 1, ""정신건강의학과"": 1, ""정형외과"": 1, ""진단검사의학과"": 1}","[""체외충격파쇄석기"", ""유방촬영장치"", ""인공호흡기"", ""CT"", ""골밀도검사기"", ""MRI"", ""콘빔CT"", ""초음파영상진단기"", ""일반엑스선촬영장치""]","[""성인 중환자실"", ""응급의료기관"", ""(정신질환)병원기반 시범기관"", ""외국인 근로자 등 의료지원 사업시행 의료기관"", ""입원형 호스피스전문기관"", ""HPV 국가예방접종사업 참여기관"", ""간호간병통합서비스 제공기관"", ""일차의료 방문진료 수가 시범기관"", ""결핵환자 재택의료 시범기관""]"
JDQ4MTYyMiM2MSMkMSMkNiMkODkkMzgxMzUxIzExIyQxIyQzIyQ3OSQ0NjEwMDIjNjEjJDEjJDQjJDgz,전북특별자치도 군산의료원,종합병원,"전북특별자치도 군산시 의료원로 27, (지곡동, 군산의료원)",35.9549526,126.7117406,"[""내과"", ""신경과"", ""정신건강의학과"", ""외과"", ""정형외과"", ""신경외과"", ""심장혈관흉부외과"", ""성형외과"", ""마취통증의학과"", ""산부인과"", ""소아청소년과"", ""안과"", ""이비인후과"", ""피부과"", ""비뇨의학과"", ""영상의학과"", ""병리과"", ""진단검사의학과"", ""재활의학과"", ""가정의학과"", ""응급의학과"", ""직업환경의학과"", ""통합치의학과"", ""한방내과""]","{""가정의학과"": 2, ""내과"": 6, ""마취통증의학과"": 4, ""병리과"": 1, ""비뇨의학과"": 1, ""산부인과"": 1, ""성형외과"": 1, ""소아청소년과"": 1, ""신경과"": 3, ""신경외과"": 2, ""심장혈관흉부외과"": 2, ""안과"": 1, ""영상의학과"": 3, ""외과"": 6, ""응급의학과"": 7, ""이비인후과"": 1, ""재활의학과"": 1, ""정신건강의학과"": 1, ""정형외과"": 4, ""직업환경의학과"": 1, ""한방내과"": 1}","[""유방촬영장치"", ""분만감시기"", ""골밀도검사기"", ""인공호흡기"", ""MRI"", ""일반엑스선촬영장치"", ""CT"", ""초음파영상진단기"", ""인큐베이터"", ""체외충격파쇄석기"", ""콘빔CT"", ""혈액투석을위한인공신장기""]","[""입원형 호스피스전문기관"", ""가정간호실시기관"", ""HPV 국가예방접종사업 참여기관"", ""장애인 건강 주치의 시범기관(전체)"", ""보훈위탁진료요양기관"", ""수면다원검사 실시기관"", ""간호간병통합서비스 제공기관"", ""응급의료기관"", ""외국인 근로자 등 의료지원 사업시행 의료기관"", ""일차의료 방문진료 수가 시범기관"", ""성인 중환자실""]"
JDQ4MTYyMiM2MSMkMSMkNiMkODkkMzgxMzUxIzExIyQxIyQzIyQ3OSQ0NjE0ODEjNzEjJDEjJDgjJDgz,전북특별자치도 남원의료원,종합병원,"전북특별자치도 남원시 충정로 365, (고죽동)",35.4318755,127.4073171,"[""내과"", ""신경과"", ""외과"", ""정형외과"", ""신경외과"", ""심장혈관흉부외과"", ""마취통증의학과"", ""산부인과"", ""소아청소년과"", ""안과"", ""이비인후과"", ""비뇨의학과"", ""영상의학과"", ""병리과"", ""진단검사의학과"", ""재활의학과"", ""가정의학과"", ""응급의학과"", ""통합치의학과""]","{""가정의학과"": 4, ""내과"": 7, ""마취통증의학과"": 3, ""병리과"": 1, ""산부인과"": 2, ""소아청소년과"": 2, ""신경과"": 1, ""신경외과"": 1, ""심장혈관흉부외과"": 1, ""영상의학과"": 1, ""외과"": 2, ""응급의학과"": 5, ""재활의학과"": 1, ""정형외과"": 2}","[""체외충격파쇄석기"", ""인큐베이터"", ""분만감시기"", ""골밀도검사기"", ""콘빔CT"", ""CT"", ""인공호흡기"", ""혈액투석을위한인공신장기"", ""MRI"", ""유방촬영장치"", ""일반엑스선촬영장치"", ""초음파영상진단기""]","[""입원형 호스피스전문기관"", ""소아 야간·휴일진료기관"", ""응급의료기관"", ""보훈위탁진료요양기관"", ""일차의료 방문진료 수가 시범기관"", ""간호간병통합서비스 제공기관"", ""개방병원"", ""외국인 근로자 등 의료지원 사업시행 의료기관"", ""HPV 국가예방접종사업 참여기관"", ""성인 중환자실""]"
JDQ4MTYyMiM2MSMkMSMkNiMkODkkMzgxMzUxIzExIyQxIyQzIyQ4OSQ0NjE0ODEjNjEjJDEjJDAjJDgz,전주고려병원,종합병원,"전북특별자치도 전주시 덕진구 안덕원로 367, (산정동)",35.8398807,127.1670378,"[""내과"", ""신경과"", ""외과"", ""정형외과"", ""신경외과"", ""마취통증의학과"", ""산부인과"", ""영상의학과"", ""진단검사의학과"", ""재활의학과"", ""가정의학과""]","{""가정의학과"": 1, ""내과"": 2, ""마취통증의학과"": 1, ""산부인과"": 1, ""신경외과"": 1, ""영상의학과"": 1, ""외과"": 1, ""정형외과"": 3, ""진단검사의학과"": 1}","[""골밀도검사기"", ""CT"", ""초음파영상진단기"", ""인공호흡기"", ""일반엑스선촬영장치"", ""유방촬영장치"", ""MRI""]","[""간호간병통합서비스 제공기관""]"
JDQ4MTYyMiM2MSMkMSMkNiMkODkkMzgxMzUxIzExIyQyIyQzIyQwMCQyNjEwMDIjNDEjJDEjJDgjJDgz,정읍한국병원,종합병원,"전북특별자치도 정읍시 서부산업도로 425-12,  1동 (농소동,한국병원)",35.5843414,126.8515587,"[""내과"", ""신경과"", ""외과"", ""정형외과"", ""신경외과"", ""마취통증의학과"", ""산부인과"", ""비뇨의학과"", ""영상의학과"", ""진단검사의학과"", ""재활의학과"", ""가정의학과""]","{""가정의학과"": 2, ""내과"": 6, ""마취통증의학과"": 1, ""비뇨의학과"": 1, ""산부인과"": 1, ""신경과"": 1, ""신경외과"": 2, ""영상의학과"": 2, ""외과"": 3, ""재활의학과"": 1, ""정형외과"": 2, ""진단검사의학과"": 1}","[""골밀도검사기"", ""MRI"", ""초음파영상진단기"", ""체외충격파쇄석기"", ""유방촬영장치"", ""일반엑스선촬영장치"", ""CT"", ""인공호흡기"", ""혈액투석을위한인공신장기""]","[""외국인 근로자 등 의료지원 사업시행 의료기관"", ""HPV 국가예방접종사업 참여기관"", ""성인 중환자실""]"
JDQ4MTYyMiM4MSMkMSMkNCMkODkkMzgxMzUxIzExIyQxIyQzIyQ3MiQzNjEwMDIjNDEjJDEjJDQjJDgz,제일병원,종합병원,"경상남도 진주시 진주대로 885, (강남동)",35.1794722,128.0902544,"[""내과"", ""신경과"", ""외과"", ""정형외과"", ""신경외과"", ""성형외과"", ""마취통증의학과"", ""산부인과"", ""소아청소년과"", ""비뇨의학과"", ""영상의학과"", ""병리과"", ""진단검사의학과"", ""가정의학과"", ""응급의학과"", ""직업환경의학과""]","{""가정의학과"": 2, ""내과"": 15, ""마취통증의학과"": 2, ""병리과"": 1, ""비뇨의학과"": 1, ""산부인과"": 3, ""성형외과"": 1, ""소아청소년과"": 1, ""신경과"": 1, ""신경외과"": 1, ""영상의학과"": 6, ""예방의학과"": 2, ""외과"": 19, ""응급의학과"": 5, ""정형외과"": 2, ""직업환경의학과"": 2}","[""분만감시기"", ""CT"", ""유방촬영장치"", ""MRI"", ""초음파영상진단기"", ""인공호흡기"", ""일반엑스선촬영장치"", ""골밀도검사기"", ""체외충격파쇄석기"", ""혈액투석을위한인공신장기""]","[""성인 중환자실"", ""보훈위탁진료요양기관"", ""응급의료기관"", ""간호간병통합서비스 제공기관"", ""암환자 재택의료 시범기관"", ""가정간호실시기관"", ""개방병원"", ""HPV 국가예방접종사업 참여기관""]"
JDQ4MTYyMiM4MSMkMSMkOCMkODkkMzgxMzUxIzExIyQxIyQzIyQ4OSQyNjE0ODEjNTEjJDEjJDYjJDgz,제주대학교병원,종합병원,"제주특별자치도 제주시 아란13길 15-0,  0동 0층 0호 (아라일동,제주대학교병원)",33.4672085,126.5452010,"[""내과"", ""신경과"", ""정신건강의학과"", ""외과"", ""정형외과"", ""신경외과"", ""심장혈관흉부외과"", ""성형외과"", ""마취통증의학과"", ""산부인과"", ""소아청소년과"", ""안과"", ""이비인후과"", ""피부과"", ""비뇨의학과"", ""영상의학과"", ""방사선종양학과"", ""병리과"", ""진단검사의학과"", ""재활의학과"", ""핵의학과"", ""가정의학과"", ""응급의학과"", ""직업환경의학과"", ""구강악안면외과"", ""치과보철과"", ""소아치과""]","{""가정의학과"": 5, ""구강악안면외과"": 2, ""내과"": 33, ""마취통증의학과"": 7, ""방사선종양학과"": 2, ""병리과"": 5, ""비뇨의학과"": 4, ""산부인과"": 6, ""성형외과"": 1, ""소아청소년과"": 10, ""소아치과"": 1, ""신경과"": 9, ""신경외과"": 4, ""심장혈관흉부외과"": 1, ""안과"": 6, ""영상의학과"": 13, ""예방의학과"": 2, ""외과"": 12, ""응급의학과"": 11, ""이비인후과"": 5, ""재활의학과"": 3, ""정신건강의학과"": 8, ""정형외과"": 9, ""직업환경의학과"": 1, ""진단검사의학과"": 3, ""피부과"": 2, ""핵의학과"": 2}","[""골밀도검사기"", ""인큐베이터"", ""MRI"", ""일반엑스선촬영장치"", ""유방촬영장치"", ""인공호흡기"", ""체외충격파쇄석기"", ""콘빔CT"", ""양전자단층촬영기 (PET)"", ""ECMO"", ""혈액투석을위한인공신장기"", ""분만감시기"", ""CT"", ""초음파영상진단기""]","[""성인 중환자실"", ""소아 중환자실"", ""신생아 중환자실"", ""HPV 국가예방접종사업 참여기관"", ""차세대염기서열분석 기반 유전자 패널검사 실시기관"", ""복막투석 환자 재택관리 시범기관"", ""입원형 호스피스전문기관"", ""신속대응시스템 시범기관"", ""치매관리주치의 시범기관"", ""가정형 호스피스전문기관"", ""보훈위탁진료요양기관"", ""간호간병통합서비스 제공기관"", ""1형 당뇨병 환자 재택의료 시범기관"", ""재활환자 재택의료 시범기관"", ""인공와우 실시기관"", ""개방병원"", ""장애인 건강 주치의 시범기관(전체)"", ""(정신질환)병원기반·낮병동 시범기관"", ""심장질환자 재택의료 시범기관"", ""응급의료기관"", ""수면다원검사 실시기관""]"
JDQ4MTYyMiM4MSMkMSMkOCMkODkkMzgxMzUxIzExIyQxIyQzIyQ3OSQ0NjEwMDIjNDEjJDEjJDQjJDgz,제주특별자치도 서귀포의료원,종합병원,"제주특별자치도 서귀포시 장수로 47-0, 서귀포의료원",33.2555354,126.5639215,"[""내과"", ""신경과"", ""정신건강의학과"", ""외과"", ""정형외과"", ""신경외과"", ""심장혈관흉부외과"", ""마취통증의학과"", ""산부인과"", ""소아청소년과"", ""이비인후과"", ""비뇨의학과"", ""영상의학과"", ""진단검사의학과"", ""재활의학과"", ""가정의학과"", ""응급의학과"", ""통합치의학과""]","{""가정의학과"": 2, ""내과"": 6, ""마취통증의학과"": 3, ""비뇨의학과"": 1, ""산부인과"": 3, ""소아청소년과"": 3, ""신경과"": 1, ""신경외과"": 2, ""심장혈관흉부외과"": 1, ""영상의학과"": 2, ""외과"": 3, ""응급의학과"": 8, ""이비인후과"": 1, ""재활의학과"": 1, ""정신건강의학과"": 2, ""정형외과"": 3, ""진단검사의학과"": 1, ""치과보존과"": 1, ""통합치의학과"": 1}","[""골밀도검사기"", ""분만감시기"", ""인공호흡기"", ""콘빔CT"", ""일반엑스선촬영장치"", ""인큐베이터"", ""CT"", ""MRI"", ""초음파영상진단기"", ""유방촬영장치"", ""ECMO"", ""혈액투석을위한인공신장기""]","[""성인 중환자실"", ""외국인 근로자 등 의료지원 사업시행 의료기관"", ""HPV 국가예방접종사업 참여기관"", ""간호간병통합서비스 제공기관"", ""응급의료기관"", ""보훈위탁진료요양기관"", ""개방병원"", ""일차의료 방문진료 수가 시범기관"", ""측두하악관절자극요법 실시기관"", ""수면다원검사 실시기관""]"
JDQ4MTYyMiM4MSMkMSMkOCMkODkkMzgxMzUxIzExIyQxIyQzIyQ3OSQyNjEyMjIjNTEjJDEjJDIjJDgz,제주한라병원,종합병원,"제주특별자치도 제주시 도령로 65,  (연동)",33.4899609,126.4850403,"[""내과"", ""신경과"", ""정신건강의학과"", ""외과"", ""정형외과"", ""신경외과"", ""심장혈관흉부외과"", ""성형외과"", ""마취통증의학과"", ""산부인과"", ""소아청소년과"", ""안과"", ""이비인후과"", ""피부과"", ""비뇨의학과"", ""영상의학과"", ""방사선종양학과"", ""병리과"", ""진단검사의학과"", ""재활의학과"", ""핵의학과"", ""가정의학과"", ""응급의학과"", ""직업환경의학과"", ""구강악안면외과""]","{""가정의학과"": 2, ""내과"": 20, ""마취통증의학과"": 6, ""방사선종양학과"": 2, ""병리과"": 2, ""비뇨의학과"": 2, ""산부인과"": 3, ""성형외과"": 2, ""소아청소년과"": 7, ""신경과"": 1, ""신경외과"": 6, ""심장혈관흉부외과"": 7, ""안과"": 2, ""영상의학과"": 5, ""외과"": 14, ""응급의학과"": 12, ""이비인후과"": 2, ""재활의학과"": 1, ""정신건강의학과"": 1, ""정형외과"": 6, ""직업환경의학과"": 1, ""진단검사의학과"": 1, ""치과보존과"": 1, ""피부과"": 1, ""핵의학과"": 1}","[""인공호흡기"", ""콘빔CT"", ""CT"", ""ECMO"", ""양전자단층촬영기 (PET)"", ""초음파영상진단기"", ""혈액투석을위한인공신장기"", ""MRI"", ""일반엑스선촬영장치"", ""유방촬영장치"", ""체외충격파쇄석기"", ""골밀도검사기"", ""분만감시기"", ""인큐베이터""]","[""성인 중환자실"", ""신생아 중환자실"", ""보훈위탁진료요양기관"", ""HPV 국가예방접종사업 참여기관"", ""결핵환자 재택의료 시범기관"", ""조혈모세포이식 실시기관"", ""복막투석 환자 재택관리 시범기관"", ""응급의료기관"", ""차세대염기서열분석 기반 유전자 패널검사 실시기관"", ""1형 당뇨병 환자 재택의료 시범기관""]"
JDQ4MTAxMiM1MSMkMSMkMCMkODkkMzgxMzUxIzExIyQxIyQzIyQ3MiQzNjE0ODEjNTEjJDEjJDYjJDgz,좋은문화병원,종합병원,"부산광역시 동구 범일로 119, (범일동)",35.1408881,129.0590919,"[""내과"", ""신경과"", ""정신건강의학과"", ""외과"", ""정형외과"", ""신경외과"", ""성형외과"", ""마취통증의학과"", ""산부인과"", ""소아청소년과"", ""이비인후과"", ""피부과"", ""비뇨의학과"", ""영상의학과"", ""병리과"", ""진단검사의학과"", ""가정의학과"", ""응급의학과"", ""치과보존과""]","{""가정의학과"": 1, ""내과"": 11, ""마취통증의학과"": 7, ""병리과"": 1, ""비뇨의학과"": 1, ""산부인과"": 18, ""성형외과"": 2, ""소아청소년과"": 7, ""신경과"": 1, ""신경외과"": 2, ""영상의학과"": 7, ""외과"": 10, ""이비인후과"": 1, ""정형외과"": 1, ""진단검사의학과"": 1, ""통합치의학과"": 1, ""피부과"": 1}","[""골밀도검사기"", ""혈액투석을위한인공신장기"", ""CT"", ""분만감시기"", ""일반엑스선촬영장치"", ""유방촬영장치"", ""인공호흡기"", ""MRI"", ""인큐베이터"", ""콘빔CT"", ""초음파영상진단기""]","[""HPV 국가예방접종사업 참여기관"", ""간호간병통합서비스 제공기관"", ""난임시술(체외)"", ""난임시술(인공)"", ""성인 중환자실"", ""신생아 중환자실"", ""응급의료기관""]"
JDQ4MTYyMiM1MSMkMSMkMCMkODkkMzgxMzUxIzExIyQxIyQ3IyQ2MiQzNjE0ODEjNjEjJDEjJDQjJDgz,중앙대학교광명병원,종합병원,"경기도 광명시 덕안로 110, (일직동)",37.4245975,126.8859100,"[""내과"", ""신경과"", ""정신건강의학과"", ""외과"", ""정형외과"", ""신경외과"", ""심장혈관흉부외과"", ""성형외과"", ""마취통증의학과"", ""산부인과"", ""소아청소년과"", ""안과"", ""이비인후과"", ""피부과"", ""비뇨의학과"", ""영상의학과"", ""방사선종양학과"", ""병리과"", ""진단검사의학과"", ""재활의학과"", ""핵의학과"", ""가정의학과"", ""응급의학과"", ""구강악안면외과"", ""치과보철과"", ""치과교정과"", ""치과보존과"", ""통합치의학과""]","{""가정의학과"": 3, ""구강악안면외과"": 3, ""마취통증의학과"": 9, ""방사선종양학과"": 2, ""병리과"": 4, ""비뇨의학과"": 4, ""산부인과"": 7, ""성형외과"": 3, ""소아청소년과"": 11, ""신경과"": 8, ""신경외과"": 8, ""심장혈관흉부외과"": 5, ""안과"": 7, ""영상의학과"": 14, ""외과"": 14, ""응급의학과"": 14, ""이비인후과"": 4, ""재활의학과"": 4, ""정신건강의학과"": 4, ""정형외과"": 6, ""진단검사의학과"": 4, ""치과교정과"": 2, ""치과보존과"": 1, ""치과보철과"": 1, ""통합치의학과"": 1, ""피부과"": 2, ""핵의학과"": 1}","[""골밀도검사기"", ""MRI"", ""유방촬영장치"", ""초음파영상진단기"", ""콘빔CT"", ""양전자단층촬영기 (PET)"", ""체외충격파쇄석기"", ""인큐베이터"", ""혈액투석을위한인공신장기"", ""ECMO"", ""일반엑스선촬영장치"", ""분만감시기"", ""CT"", ""인공호흡기""]","[""성인 중환자실"", ""신생아 중환자실"", ""응급의료기관"", ""HPV 국가예방접종사업 참여기관"", ""복막투석 환자 재택관리 시범기관"", ""재활환자 재택의료 시범기관"", ""가정간호실시기관"", ""수면다원검사 실시기관"", ""1형 당뇨병 환자 재택의료 시범기관"", ""암환자 재택의료 시범기관"", ""암환자(요루) 재택의료 시범기관"", ""신속대응시스템 시범기관"", ""경피적 좌심방이 폐색술 실시기관"", ""차세대염기서열분석 기반 유전자 패널검사 실시기관"", ""선천성 악안면 기형의 치과교정 및 악정형 치료 실시기관"", ""경피적 대동맥판삽입 실시기관"", ""간호간병통합서비스 제공기관"", ""측두하악관절자극요법 실시기관""]"
JDQ4MTg4MSM1MSMkMSMkMCMkODkkMzgxMzUxIzExIyQxIyQzIyQwMyQzNjE0ODEjNTEjJDEjJDIjJDgz,차의과학대학교 강남차병원,종합병원,"서울특별시 강남구 논현로 566, 강남차병원(역삼동650-9, 606-4, 605외2필지(지하7층~지하1층, 지상2층~7층)) (역삼동)",37.5067005,127.0345427,"[""내과"", ""신경과"", ""정신건강의학과"", ""외과"", ""신경외과"", ""심장혈관흉부외과"", ""성형외과"", ""마취통증의학과"", ""산부인과"", ""소아청소년과"", ""비뇨의학과"", ""영상의학과"", ""병리과"", ""진단검사의학과"", ""구강악안면외과"", ""치과보철과"", ""치과교정과"", ""통합치의학과"", ""한방내과"", ""한방부인과"", ""한방소아과"", ""한방안·이비인후·피부과"", ""한방신경정신과"", ""침구과"", ""한방재활의학과"", ""사상체질과""]","{""구강악안면외과"": 1, ""내과"": 9, ""마취통증의학과"": 14, ""병리과"": 6, ""비뇨의학과"": 4, ""산부인과"": 38, ""성형외과"": 1, ""소아청소년과"": 11, ""영상의학과"": 3, ""외과"": 6, ""정신건강의학과"": 1, ""진단검사의학과"": 3, ""치과교정과"": 1, ""통합치의학과"": 1}","[""인큐베이터"", ""초음파영상진단기"", ""콘빔CT"", ""일반엑스선촬영장치"", ""골밀도검사기"", ""체외충격파쇄석기"", ""분만감시기"", ""유방촬영장치"", ""MRI"", ""인공호흡기"", ""CT""]","[""개방병원"", ""HPV 국가예방접종사업 참여기관"", ""선천성 악안면 기형의 치과교정 및 악정형 치료 실시기관"", ""난임시술(체외)"", ""난임시술(인공)"", ""간호간병통합서비스 제공기관"", ""신생아 중환자실""]"
JDQ4MTYyMiM4MSMkMSMkMCMkODkkMzgxMzUxIzExIyQyIyQzIyQwMCQzNjE0ODEjNTEjJDEjJDYjJDgz,차의과학대학교부속구미차병원,종합병원,"경상북도 구미시 신시로10길 12,  (형곡동)",36.1145324,128.3405414,"[""내과"", ""신경과"", ""정신건강의학과"", ""외과"", ""정형외과"", ""신경외과"", ""심장혈관흉부외과"", ""성형외과"", ""마취통증의학과"", ""산부인과"", ""소아청소년과"", ""안과"", ""이비인후과"", ""비뇨의학과"", ""영상의학과"", ""병리과"", ""진단검사의학과"", ""재활의학과"", ""가정의학과"", ""응급의학과"", ""통합치의학과""]","{""가정의학과"": 3, ""내과"": 18, ""마취통증의학과"": 5, ""병리과"": 2, ""비뇨의학과"": 2, ""산부인과"": 4, ""성형외과"": 1, ""소아청소년과"": 4, ""신경과"": 1, ""신경외과"": 3, ""심장혈관흉부외과"": 2, ""안과"": 1, ""영상의학과"": 7, ""외과"": 5, ""응급의학과"": 12, ""이비인후과"": 1, ""재활의학과"": 1, ""정신건강의학과"": 1, ""정형외과"": 3, ""진단검사의학과"": 2, ""통합치의학과"": 1}","[""인큐베이터"", ""인공호흡기"", ""체외충격파쇄석기"", ""분만감시기"", ""유방촬영장치"", ""콘빔CT"", ""골밀도검사기"", ""MRI"", ""초음파영상진단기"", ""ECMO"", ""혈액투석을위한인공신장기"", ""일반엑스선촬영장치"", ""CT""]","[""복막투석 환자 재택관리 시범기관"", ""응급의료기관"", ""간호간병통합서비스 제공기관"", ""HPV 국가예방접종사업 참여기관"", ""결핵환자 재택의료 시범기관"", ""성인 중환자실"", ""신생아 중환자실""]"
JDQ4MTYyMiM1MSMkMSMkMCMkODkkMzgxMzUxIzExIyQxIyQzIyQ3MiQyNjEwMDIjNDEjJDEjJDgjJDgz,차의과학대학교분당차병원,종합병원,"경기도 성남시 분당구 야탑로 59, (야탑동)",37.4102384,127.1254535,"[""내과"", ""신경과"", ""정신건강의학과"", ""외과"", ""정형외과"", ""신경외과"", ""심장혈관흉부외과"", ""성형외과"", ""마취통증의학과"", ""산부인과"", ""소아청소년과"", ""안과"", ""이비인후과"", ""피부과"", ""비뇨의학과"", ""영상의학과"", ""방사선종양학과"", ""병리과"", ""진단검사의학과"", ""재활의학과"", ""핵의학과"", ""가정의학과"", ""응급의학과"", ""구강악안면외과"", ""치과교정과"", ""치주과"", ""치과보존과"", ""한방부인과"", ""침구과""]","{""가정의학과"": 8, ""구강악안면외과"": 1, ""내과"": 77, ""마취통증의학과"": 23, ""방사선종양학과"": 4, ""병리과"": 9, ""비뇨의학과"": 6, ""산부인과"": 35, ""성형외과"": 4, ""소아청소년과"": 29, ""신경과"": 10, ""신경외과"": 11, ""심장혈관흉부외과"": 5, ""안과"": 5, ""영상의학과"": 26, ""외과"": 21, ""응급의학과"": 22, ""이비인후과"": 5, ""재활의학과"": 5, ""정신건강의학과"": 7, ""정형외과"": 9, ""진단검사의학과"": 5, ""치과교정과"": 1, ""치과보존과"": 1, ""치과보철과"": 1, ""치주과"": 1, ""침구과"": 1, ""피부과"": 5, ""한방부인과"": 1, ""핵의학과"": 2}","[""골밀도검사기"", ""양전자단층촬영기 (PET)"", ""인큐베이터"", ""초음파영상진단기"", ""혈액투석을위한인공신장기"", ""일반엑스선촬영장치"", ""MRI"", ""ECMO"", ""체외충격파쇄석기"", ""유방촬영장치"", ""콘빔CT"", ""인공호흡기"", ""분만감시기"", ""CT""]","[""성인 중환자실"", ""신생아 중환자실"", ""HPV 국가예방접종사업 참여기관"", ""차세대염기서열분석 기반 유전자 패널검사 실시기관"", ""결핵환자 재택의료 시범기관"", ""개방병원"", ""수면다원검사 실시기관"", ""인공와우 실시기관"", ""장애인 건강 주치의 시범기관(전체)"", ""응급의료기관"", ""복막투석 환자 재택관리 시범기관"", ""1형 당뇨병 환자 재택의료 시범기관"", ""경피적 대동맥판삽입 실시기관"", ""첩약 건강보험 적용 2단계 시범사업"", ""간호간병통합서비스 제공기관"", ""난임시술(체외)"", ""난임시술(인공)"", ""가정간호실시기관"", ""재활환자 재택의료 시범기관"", ""의·한협진 활성화를 위한 5단계 시범기관"", ""가정용 인공호흡기 환자 재택의료 시범기관"", ""선천성 악안면 기형의 치과교정 및 악정형 치료 실시기관"", ""조혈모세포이식 실시기관""]"
JDQ4MTYyMiM1MSMkMSMkMCMkODkkMzgxMzUxIzExIyQxIyQ3IyQ5OSQzNjE0ODEjNDEjJDEjJDgjJDgz,참조은병원,종합병원,"경기도 광주시 광주대로 45, (경안동)",37.4109626,127.2602540,"[""내과"", ""신경과"", ""정신건강의학과"", ""외과"", ""정형외과"", ""신경외과"", ""심장혈관흉부외과"", ""성형외과"", ""마취통증의학과"", ""산부인과"", ""소아청소년과"", ""이비인후과"", ""피부과"", ""비뇨의학과"", ""영상의학과"", ""진단검사의학과"", ""재활의학과"", ""가정의학과"", ""응급의학과"", ""구강악안면외과"", ""치과보철과""]","{""가정의학과"": 1, ""구강악안면외과"": 1, ""내과"": 19, ""마취통증의학과"": 4, ""비뇨의학과"": 1, ""산부인과"": 1, ""성형외과"": 2, ""소아청소년과"": 2, ""신경과"": 2, ""신경외과"": 3, ""영상의학과"": 5, ""외과"": 4, ""응급의학과"": 11, ""재활의학과"": 1, ""정신건강의학과"": 2, ""정형외과"": 10, ""진단검사의학과"": 1, ""통합치의학과"": 1}","[""유방촬영장치"", ""혈액투석을위한인공신장기"", ""일반엑스선촬영장치"", ""체외충격파쇄석기"", ""인큐베이터"", ""골밀도검사기"", ""MRI"", ""인공호흡기"", ""CT"", ""콘빔CT"", ""초음파영상진단기""]","[""성인 중환자실"", ""HPV 국가예방접종사업 참여기관"", ""응급의료기관"", ""간호간병통합서비스 제공기관""]"
JDQ4MTYyMiM4MSMkMSMkNCMkODkkMzgxMzUxIzExIyQxIyQzIyQ4MiQyNjE4MzIjNDEjJDEjJDgjJDgz,창원경상국립대학교병원,종합병원,"경상남도 창원시 성산구 삼정자로 11, (성주동, 창원경상대학교병원)",35.1990872,128.7078463,"[""내과"", ""신경과"", ""정신건강의학과"", ""외과"", ""정형외과"", ""신경외과"", ""심장혈관흉부외과"", ""성형외과"", ""마취통증의학과"", ""산부인과"", ""소아청소년과"", ""안과"", ""이비인후과"", ""피부과"", ""비뇨의학과"", ""영상의학과"", ""방사선종양학과"", ""병리과"", ""진단검사의학과"", ""재활의학과"", ""핵의학과"", ""응급의학과"", ""직업환경의학과"", ""구강악안면외과""]","{""구강악안면외과"": 1, ""내과"": 33, ""마취통증의학과"": 9, ""방사선종양학과"": 1, ""병리과"": 2, ""비뇨의학과"": 2, ""산부인과"": 4, ""성형외과"": 1, ""소아청소년과"": 11, ""신경과"": 5, ""신경외과"": 5, ""심장혈관흉부외과"": 6, ""안과"": 2, ""영상의학과"": 6, ""예방의학과"": 1, ""외과"": 8, ""응급의학과"": 11, ""이비인후과"": 4, ""재활의학과"": 2, ""정신건강의학과"": 4, ""정형외과"": 3, ""직업환경의학과"": 2, ""진단검사의학과"": 1, ""치과보철과"": 1, ""피부과"": 2, ""핵의학과"": 1}","[""인큐베이터"", ""분만감시기"", ""초음파영상진단기"", ""인공호흡기"", ""양전자단층촬영기 (PET)"", ""일반엑스선촬영장치"", ""콘빔CT"", ""골밀도검사기"", ""MRI"", ""혈액투석을위한인공신장기"", ""유방촬영장치"", ""CT"", ""ECMO"", ""체외충격파쇄석기""]","[""성인 중환자실"", ""신생아 중환자실"", ""심실 보조장치 치료술 실시기관(이식형)"", ""복막투석 환자 재택관리 시범기관"", ""인공와우 실시기관"", ""HPV 국가예방접종사업 참여기관"", ""수면다원검사 실시기관"", ""1형 당뇨병 환자 재택의료 시범기관"", ""경피적 대동맥판삽입 실시기관"", ""간호간병통합서비스 제공기관"", ""난임시술(체외)"", ""난임시술(인공)"", ""응급의료기관"", ""측두하악관절자극요법 실시기관"", ""신속대응시스템 시범기관""]"
JDQ4MTYyMiM4MSMkMSMkNCMkODkkMzgxMzUxIzExIyQxIyQzIyQ4OSQyNjEwMDIjODEjJDEjJDIjJDgz,창원파티마병원,종합병원,"경상남도 창원시 의창구 창이대로 45-45, (명서동)",35.2372930,128.6459130,"[""내과"", ""신경과"", ""정신건강의학과"", ""외과"", ""정형외과"", ""신경외과"", ""심장혈관흉부외과"", ""성형외과"", ""마취통증의학과"", ""산부인과"", ""소아청소년과"", ""안과"", ""이비인후과"", ""피부과"", ""비뇨의학과"", ""영상의학과"", ""병리과"", ""진단검사의학과"", ""재활의학과"", ""핵의학과"", ""가정의학과"", ""응급의학과"", ""직업환경의학과"", ""구강악안면외과"", ""치과보철과""]","{""가정의학과"": 4, ""구강악안면외과"": 1, ""내과"": 26, ""마취통증의학과"": 4, ""병리과"": 1, ""비뇨의학과"": 2, ""산부인과"": 6, ""성형외과"": 1, ""소아청소년과"": 4, ""신경과"": 6, ""신경외과"": 4, ""심장혈관흉부외과"": 2, ""안과"": 3, ""영상의학과"": 10, ""외과"": 7, ""응급의학과"": 10, ""이비인후과"": 2, ""재활의학과"": 1, ""정신건강의학과"": 1, ""정형외과"": 4, ""직업환경의학과"": 3, ""진단검사의학과"": 2, ""치과보철과"": 1, ""피부과"": 2, ""핵의학과"": 1}","[""혈액투석을위한인공신장기"", ""양전자단층촬영기 (PET)"", ""MRI"", ""인큐베이터"", ""콘빔CT"", ""골밀도검사기"", ""분만감시기"", ""일반엑스선촬영장치"", ""체외충격파쇄석기"", ""초음파영상진단기"", ""유방촬영장치"", ""CT"", ""인공호흡기""]","[""성인 중환자실"", ""신생아 중환자실"", ""응급의료기관"", ""입원형 호스피스전문기관"", ""결핵환자 재택의료 시범기관"", ""간호간병통합서비스 제공기관"", ""측두하악관절자극요법 실시기관"", ""HPV 국가예방접종사업 참여기관"", ""외국인 근로자 등 의료지원 사업시행 의료기관"", ""보훈위탁진료요양기관""]"
JDQ4MTYyMiM4MSMkMSMkNCMkODkkMzgxMzUxIzExIyQxIyQzIyQ2MiQ0NjE0ODEjNzEjJDEjJDgjJDgz,창원한마음병원,종합병원,"경상남도 창원시 의창구 용동로57번길 8, (사림동)",35.2379477,128.6990272,"[""내과"", ""신경과"", ""정신건강의학과"", ""외과"", ""정형외과"", ""신경외과"", ""심장혈관흉부외과"", ""성형외과"", ""마취통증의학과"", ""산부인과"", ""소아청소년과"", ""안과"", ""이비인후과"", ""피부과"", ""비뇨의학과"", ""영상의학과"", ""방사선종양학과"", ""병리과"", ""진단검사의학과"", ""재활의학과"", ""핵의학과"", ""가정의학과"", ""응급의학과"", ""직업환경의학과"", ""구강악안면외과""]","{""가정의학과"": 2, ""구강악안면외과"": 1, ""내과"": 24, ""마취통증의학과"": 5, ""방사선종양학과"": 1, ""병리과"": 3, ""비뇨의학과"": 3, ""산부인과"": 8, ""소아청소년과"": 4, ""신경과"": 3, ""신경외과"": 4, ""심장혈관흉부외과"": 2, ""안과"": 2, ""영상의학과"": 7, ""예방의학과"": 2, ""외과"": 11, ""응급의학과"": 13, ""이비인후과"": 2, ""재활의학과"": 1, ""정신건강의학과"": 3, ""정형외과"": 4, ""직업환경의학과"": 2, ""진단검사의학과"": 2, ""치과보철과"": 1, ""피부과"": 1, ""핵의학과"": 1}","[""양전자단층촬영기 (PET)"", ""콘빔CT"", ""유방촬영장치"", ""인공호흡기"", ""ECMO"", ""골밀도검사기"", ""MRI"", ""초음파영상진단기"", ""체외충격파쇄석기"", ""일반엑스선촬영장치"", ""CT"", ""인큐베이터"", ""혈액투석을위한인공신장기"", ""분만감시기""]","[""성인 중환자실"", ""신생아 중환자실"", ""측두하악관절자극요법 실시기관"", ""HPV 국가예방접종사업 참여기관"", ""간호간병통합서비스 제공기관"", ""난임시술(체외)"", ""난임시술(인공)"", ""응급의료기관""]"
JDQ4MTYyMiM3MSMkMSMkMCMkODkkMzgxMzUxIzExIyQxIyQzIyQ4MiQzNjE0ODEjNDEjJDEjJDgjJDgz,첨단종합병원,종합병원,"전남광주통합특별시 광산구 첨단중앙로170번길 59,  (쌍암동)",35.2211088,126.8453041,"[""내과"", ""신경과"", ""정신건강의학과"", ""외과"", ""정형외과"", ""신경외과"", ""심장혈관흉부외과"", ""성형외과"", ""마취통증의학과"", ""산부인과"", ""소아청소년과"", ""안과"", ""이비인후과"", ""비뇨의학과"", ""영상의학과"", ""진단검사의학과"", ""재활의학과"", ""핵의학과"", ""가정의학과"", ""응급의학과"", ""통합치의학과""]","{""가정의학과"": 1, ""내과"": 12, ""마취통증의학과"": 3, ""비뇨의학과"": 1, ""산부인과"": 2, ""소아청소년과"": 1, ""신경과"": 1, ""신경외과"": 3, ""심장혈관흉부외과"": 1, ""영상의학과"": 1, ""외과"": 3, ""응급의학과"": 7, ""재활의학과"": 2, ""정신건강의학과"": 1, ""정형외과"": 4, ""진단검사의학과"": 1}","[""인공호흡기"", ""체외충격파쇄석기"", ""초음파영상진단기"", ""혈액투석을위한인공신장기"", ""분만감시기"", ""골밀도검사기"", ""일반엑스선촬영장치"", ""MRI"", ""유방촬영장치"", ""콘빔CT"", ""CT""]","[""성인 중환자실"", ""응급의료기관"", ""간호간병통합서비스 제공기관"", ""수면다원검사 실시기관"", ""HPV 국가예방접종사업 참여기관""]"
JDQ4MTYyMiM1MSMkMSMkOCMkODkkMzgxMzUxIzExIyQxIyQzIyQ4OSQzNjEyMjIjNDEjJDEjJDgjJDgz,청주성모병원,종합병원,"충청북도 청주시 청원구 주성로 173-19, 청주성모병원",36.6737973,127.4856545,"[""내과"", ""신경과"", ""정신건강의학과"", ""외과"", ""정형외과"", ""신경외과"", ""심장혈관흉부외과"", ""성형외과"", ""마취통증의학과"", ""산부인과"", ""소아청소년과"", ""안과"", ""이비인후과"", ""피부과"", ""비뇨의학과"", ""영상의학과"", ""병리과"", ""진단검사의학과"", ""재활의학과"", ""가정의학과"", ""응급의학과"", ""구강악안면외과"", ""치과보존과""]","{""가정의학과"": 1, ""내과"": 18, ""마취통증의학과"": 4, ""방사선종양학과"": 1, ""병리과"": 1, ""비뇨의학과"": 2, ""산부인과"": 3, ""성형외과"": 1, ""소아청소년과"": 3, ""신경과"": 5, ""신경외과"": 5, ""안과"": 1, ""영상의학과"": 4, ""외과"": 5, ""응급의학과"": 5, ""이비인후과"": 1, ""재활의학과"": 1, ""정신건강의학과"": 1, ""정형외과"": 3, ""진단검사의학과"": 2, ""통합치의학과"": 1, ""피부과"": 1}","[""양전자단층촬영기 (PET)"", ""골밀도검사기"", ""초음파영상진단기"", ""인공호흡기"", ""인큐베이터"", ""분만감시기"", ""유방촬영장치"", ""MRI"", ""혈액투석을위한인공신장기"", ""콘빔CT"", ""일반엑스선촬영장치"", ""CT"", ""체외충격파쇄석기""]","[""성인 중환자실"", ""결핵환자 재택의료 시범기관"", ""입원형 호스피스전문기관"", ""1형 당뇨병 환자 재택의료 시범기관"", ""응급의료기관"", ""HPV 국가예방접종사업 참여기관"", ""간호간병통합서비스 제공기관"", ""비대면진료 시범사업 진료기관(의료기관)"", ""가정간호실시기관""]"
JDQ4MTYyMiM1MSMkMSMkMCMkODkkMzgxMzUxIzExIyQyIyQ3IyQwMCQzNjE0ODEjODEjJDEjJDIjJDgz,추병원,종합병원,"경기도 의정부시 평화로 650, (의정부동)",37.7497898,127.0450722,"[""내과"", ""신경과"", ""외과"", ""정형외과"", ""신경외과"", ""심장혈관흉부외과"", ""마취통증의학과"", ""산부인과"", ""소아청소년과"", ""영상의학과"", ""진단검사의학과"", ""가정의학과"", ""응급의학과"", ""치과보철과"", ""통합치의학과""]","{""가정의학과"": 2, ""내과"": 7, ""마취통증의학과"": 1, ""병리과"": 1, ""산부인과"": 1, ""소아청소년과"": 1, ""신경과"": 1, ""신경외과"": 2, ""심장혈관흉부외과"": 1, ""영상의학과"": 1, ""외과"": 2, ""응급의학과"": 6, ""정형외과"": 3, ""진단검사의학과"": 1, ""통합치의학과"": 1}","[""유방촬영장치"", ""CT"", ""골밀도검사기"", ""체외충격파쇄석기"", ""인큐베이터"", ""초음파영상진단기"", ""혈액투석을위한인공신장기"", ""인공호흡기"", ""MRI"", ""일반엑스선촬영장치""]","[""성인 중환자실"", ""응급의료기관"", ""간호간병통합서비스 제공기관""]"
JDQ4MTYyMiM2MSMkMSMkMiMkODkkMzgxMzUxIzExIyQxIyQzIyQ4OSQyNjE4MzIjNDEjJDEjJDQjJDgz,충청남도 공주의료원,종합병원,"충청남도 공주시 무령로 77,  (웅진동)",36.4588777,127.1094955,"[""내과"", ""신경과"", ""외과"", ""정형외과"", ""신경외과"", ""심장혈관흉부외과"", ""마취통증의학과"", ""산부인과"", ""소아청소년과"", ""안과"", ""비뇨의학과"", ""영상의학과"", ""진단검사의학과"", ""재활의학과"", ""응급의학과"", ""구강악안면외과"", ""치과보철과"", ""소아치과"", ""치주과"", ""치과보존과"", ""구강내과"", ""영상치의학과"", ""예방치과"", ""침구과""]","{""가정의학과"": 1, ""내과"": 6, ""마취통증의학과"": 2, ""비뇨의학과"": 1, ""산부인과"": 1, ""소아청소년과"": 1, ""신경과"": 2, ""신경외과"": 2, ""영상의학과"": 2, ""예방의학과"": 1, ""외과"": 4, ""재활의학과"": 1, ""정형외과"": 3, ""진단검사의학과"": 1}","[""일반엑스선촬영장치"", ""콘빔CT"", ""초음파영상진단기"", ""혈액투석을위한인공신장기"", ""MRI"", ""인공호흡기"", ""인큐베이터"", ""분만감시기"", ""유방촬영장치"", ""체외충격파쇄석기"", ""CT"", ""골밀도검사기""]","[""결핵환자 재택의료 시범기관"", ""외국인 근로자 등 의료지원 사업시행 의료기관"", ""HPV 국가예방접종사업 참여기관"", ""일차의료 방문진료 수가 시범기관"", ""보훈위탁진료요양기관"", ""첩약 건강보험 적용 2단계 시범사업"", ""간호간병통합서비스 제공기관"", ""응급의료기관"", ""성인 중환자실""]"
JDQ4MTYyMiM2MSMkMSMkMiMkODkkMzgxMzUxIzExIyQxIyQzIyQ4OSQzNjEyMjIjNjEjJDEjJDAjJDgz,충청남도 서산의료원,종합병원,"충청남도 서산시 중앙로 149,  (석림동)",36.7755835,126.4652578,"[""내과"", ""신경과"", ""정신건강의학과"", ""외과"", ""정형외과"", ""신경외과"", ""마취통증의학과"", ""산부인과"", ""소아청소년과"", ""안과"", ""이비인후과"", ""비뇨의학과"", ""영상의학과"", ""진단검사의학과"", ""재활의학과"", ""가정의학과"", ""응급의학과"", ""치과보철과""]","{""가정의학과"": 3, ""내과"": 7, ""마취통증의학과"": 1, ""비뇨의학과"": 1, ""산부인과"": 1, ""소아청소년과"": 1, ""신경과"": 2, ""신경외과"": 1, ""심장혈관흉부외과"": 2, ""영상의학과"": 2, ""외과"": 4, ""응급의학과"": 5, ""재활의학과"": 1, ""정형외과"": 3, ""진단검사의학과"": 1}","[""CT"", ""골밀도검사기"", ""유방촬영장치"", ""체외충격파쇄석기"", ""인공호흡기"", ""일반엑스선촬영장치"", ""인큐베이터"", ""MRI"", ""콘빔CT"", ""초음파영상진단기""]","[""응급의료기관"", ""보훈위탁진료요양기관"", ""일차의료 방문진료 수가 시범기관"", ""외국인 근로자 등 의료지원 사업시행 의료기관"", ""간호간병통합서비스 제공기관"", ""장애인 건강 주치의 시범기관(방문진료 실시기관)"", ""장애인 건강 주치의 시범기관(전체)"", ""HPV 국가예방접종사업 참여기관"", ""성인 중환자실""]"
JDQ4MTYyMiM2MSMkMSMkMiMkODkkMzgxMzUxIzExIyQxIyQzIyQ4OSQzNjEwMDIjNjEjJDEjJDgjJDgz,충청남도 천안의료원,종합병원,"충청남도 천안시 동남구 충절로 537,  (삼룡동)",36.7754908,127.1794126,"[""내과"", ""신경과"", ""외과"", ""정형외과"", ""신경외과"", ""마취통증의학과"", ""산부인과"", ""소아청소년과"", ""안과"", ""이비인후과"", ""비뇨의학과"", ""영상의학과"", ""진단검사의학과"", ""재활의학과"", ""가정의학과"", ""응급의학과"", ""직업환경의학과"", ""구강악안면외과"", ""치과보철과"", ""소아치과"", ""치주과"", ""치과보존과"", ""구강내과"", ""영상치의학과"", ""구강병리과"", ""예방치과""]","{""가정의학과"": 1, ""내과"": 10, ""마취통증의학과"": 2, ""비뇨의학과"": 1, ""산부인과"": 1, ""신경과"": 2, ""신경외과"": 1, ""심장혈관흉부외과"": 1, ""영상의학과"": 1, ""외과"": 2, ""응급의학과"": 4, ""이비인후과"": 1, ""재활의학과"": 1, ""정형외과"": 2, ""직업환경의학과"": 1, ""진단검사의학과"": 1, ""통합치의학과"": 1}","[""유방촬영장치"", ""인공호흡기"", ""혈액투석을위한인공신장기"", ""체외충격파쇄석기"", ""콘빔CT"", ""골밀도검사기"", ""일반엑스선촬영장치"", ""CT"", ""MRI"", ""초음파영상진단기""]","[""입원형 호스피스전문기관"", ""치매관리주치의 시범기관"", ""응급의료기관"", ""간호간병통합서비스 제공기관"", ""장애인 건강 주치의 시범기관(방문진료 실시기관)"", ""가정형 호스피스전문기관"", ""장애인 건강 주치의 시범기관(전체)"", ""가정간호실시기관"", ""외국인 근로자 등 의료지원 사업시행 의료기관"", ""일차의료 방문진료 수가 시범기관"", ""성인 중환자실""]"
JDQ4MTYyMiM2MSMkMSMkMiMkODkkMzgxMzUxIzExIyQxIyQzIyQ4OSQyNjEyMjIjNDEjJDEjJDgjJDgz,충청남도 홍성의료원,종합병원,"충청남도 홍성군 홍성읍 조양로 224, (홍성읍)",36.5992203,126.6743787,"[""내과"", ""신경과"", ""정신건강의학과"", ""외과"", ""정형외과"", ""신경외과"", ""성형외과"", ""마취통증의학과"", ""산부인과"", ""소아청소년과"", ""안과"", ""이비인후과"", ""피부과"", ""비뇨의학과"", ""영상의학과"", ""진단검사의학과"", ""재활의학과"", ""가정의학과"", ""응급의학과"", ""직업환경의학과"", ""치주과""]","{""가정의학과"": 5, ""내과"": 6, ""비뇨의학과"": 1, ""산부인과"": 3, ""신경과"": 2, ""신경외과"": 2, ""안과"": 1, ""영상의학과"": 2, ""외과"": 3, ""응급의학과"": 9, ""이비인후과"": 1, ""재활의학과"": 2, ""정신건강의학과"": 2, ""정형외과"": 3, ""진단검사의학과"": 1, ""통합치의학과"": 1}","[""분만감시기"", ""MRI"", ""인큐베이터"", ""체외충격파쇄석기"", ""유방촬영장치"", ""인공호흡기"", ""CT"", ""초음파영상진단기"", ""혈액투석을위한인공신장기"", ""일반엑스선촬영장치"", ""골밀도검사기""]","[""일차의료 방문진료 수가 시범기관"", ""외국인 근로자 등 의료지원 사업시행 의료기관"", ""입원형 호스피스전문기관"", ""가정간호실시기관"", ""HPV 국가예방접종사업 참여기관"", ""심장질환자 재택의료 시범기관"", ""간호간병통합서비스 제공기관"", ""장애인 건강 주치의 시범기관(방문진료 실시기관)"", ""장애인 건강 주치의 시범기관(전체)"", ""보훈위탁진료요양기관"", ""응급의료기관"", ""성인 중환자실""]"
JDQ4MTYyMiM1MSMkMSMkOCMkODkkMzgxMzUxIzExIyQxIyQzIyQ3OSQyNjEwMDIjNTEjJDEjJDIjJDgz,충청북도 청주의료원,종합병원,"충청북도 청주시 서원구 흥덕로 48-0, 청주의료원",36.6402026,127.4730326,"[""내과"", ""신경과"", ""정신건강의학과"", ""외과"", ""정형외과"", ""신경외과"", ""마취통증의학과"", ""산부인과"", ""소아청소년과"", ""안과"", ""이비인후과"", ""피부과"", ""비뇨의학과"", ""영상의학과"", ""병리과"", ""진단검사의학과"", ""재활의학과"", ""가정의학과"", ""응급의학과"", ""직업환경의학과"", ""구강내과""]","{""가정의학과"": 7, ""내과"": 6, ""마취통증의학과"": 2, ""병리과"": 1, ""비뇨의학과"": 1, ""산부인과"": 2, ""소아청소년과"": 1, ""신경과"": 1, ""신경외과"": 2, ""심장혈관흉부외과"": 1, ""영상의학과"": 3, ""외과"": 3, ""응급의학과"": 2, ""이비인후과"": 1, ""재활의학과"": 2, ""정신건강의학과"": 3, ""정형외과"": 2, ""직업환경의학과"": 4, ""진단검사의학과"": 1, ""통합치의학과"": 1}","[""골밀도검사기"", ""혈액투석을위한인공신장기"", ""CT"", ""체외충격파쇄석기"", ""유방촬영장치"", ""초음파영상진단기"", ""인큐베이터"", ""콘빔CT"", ""MRI"", ""일반엑스선촬영장치"", ""인공호흡기"", ""분만감시기""]","[""성인 중환자실"", ""응급의료기관"", ""외국인 근로자 등 의료지원 사업시행 의료기관"", ""장애인 건강 주치의 시범기관(전체)"", ""장애인 치과 주치의 시범기관"", ""가정간호실시기관"", ""개방병원"", ""간호간병통합서비스 제공기관"", ""장애인 건강 주치의 시범기관(방문진료 실시기관)"", ""입원형 호스피스전문기관"", ""의·한협진 활성화를 위한 5단계 시범기관"", ""일차의료 방문진료 수가 시범기관"", ""결핵환자 재택의료 시범기관""]"
JDQ4MTYyMiM1MSMkMSMkOCMkODkkMzgxMzUxIzExIyQxIyQzIyQ3OSQzNjEyMjIjNTEjJDEjJDYjJDgz,충청북도 충주의료원,종합병원,"충청북도 충주시 안림로 239-50, 충청북도충주의료원",36.9796506,127.9706116,"[""내과"", ""신경과"", ""정신건강의학과"", ""외과"", ""정형외과"", ""신경외과"", ""마취통증의학과"", ""산부인과"", ""소아청소년과"", ""안과"", ""이비인후과"", ""비뇨의학과"", ""영상의학과"", ""진단검사의학과"", ""재활의학과"", ""가정의학과"", ""응급의학과"", ""직업환경의학과"", ""치과보철과"", ""치주과"", ""치과보존과""]","{""가정의학과"": 3, ""내과"": 7, ""마취통증의학과"": 2, ""비뇨의학과"": 3, ""산부인과"": 1, ""소아청소년과"": 1, ""신경과"": 2, ""신경외과"": 2, ""영상의학과"": 1, ""외과"": 5, ""응급의학과"": 1, ""재활의학과"": 1, ""정형외과"": 3, ""직업환경의학과"": 2, ""진단검사의학과"": 1}","[""일반엑스선촬영장치"", ""MRI"", ""체외충격파쇄석기"", ""초음파영상진단기"", ""혈액투석을위한인공신장기"", ""CT"", ""인공호흡기"", ""유방촬영장치"", ""콘빔CT"", ""골밀도검사기""]","[""성인 중환자실"", ""입원형 호스피스전문기관"", ""외국인 근로자 등 의료지원 사업시행 의료기관"", ""개방병원"", ""HPV 국가예방접종사업 참여기관"", ""간호간병통합서비스 제공기관"", ""응급의료기관"", ""일차의료 방문진료 수가 시범기관""]"
JDQ4MTYyMiM4MSMkMSMkMCMkODkkMzgxMzUxIzExIyQxIyQzIyQ3OSQzNjEyMjIjODEjJDEjJDIjJDgz,포항성모병원,종합병원,"경상북도 포항시 남구 대잠동길 17,  (대잠동)",36.0159003,129.3399527,"[""내과"", ""신경과"", ""정신건강의학과"", ""외과"", ""정형외과"", ""신경외과"", ""심장혈관흉부외과"", ""마취통증의학과"", ""산부인과"", ""소아청소년과"", ""안과"", ""이비인후과"", ""피부과"", ""비뇨의학과"", ""영상의학과"", ""방사선종양학과"", ""병리과"", ""진단검사의학과"", ""재활의학과"", ""가정의학과"", ""응급의학과"", ""직업환경의학과"", ""구강악안면외과""]","{""가정의학과"": 4, ""구강악안면외과"": 1, ""내과"": 24, ""마취통증의학과"": 4, ""방사선종양학과"": 1, ""병리과"": 1, ""비뇨의학과"": 3, ""산부인과"": 4, ""소아청소년과"": 5, ""신경과"": 2, ""신경외과"": 5, ""심장혈관흉부외과"": 4, ""안과"": 1, ""영상의학과"": 8, ""외과"": 8, ""응급의학과"": 15, ""이비인후과"": 2, ""재활의학과"": 1, ""정신건강의학과"": 2, ""정형외과"": 5, ""직업환경의학과"": 4, ""진단검사의학과"": 1, ""피부과"": 1, ""핵의학과"": 1}","[""혈액투석을위한인공신장기"", ""MRI"", ""인큐베이터"", ""CT"", ""ECMO"", ""체외충격파쇄석기"", ""콘빔CT"", ""유방촬영장치"", ""인공호흡기"", ""분만감시기"", ""일반엑스선촬영장치"", ""초음파영상진단기"", ""골밀도검사기""]","[""결핵환자 재택의료 시범기관"", ""입원형 호스피스전문기관"", ""HPV 국가예방접종사업 참여기관"", ""간호간병통합서비스 제공기관"", ""측두하악관절자극요법 실시기관"", ""응급의료기관"", ""성인 중환자실""]"
JDQ4MTYyMiM3MSMkMSMkMCMkODkkMzgxMzUxIzExIyQyIyQzIyQwMCQzNjE0ODEjNDEjJDEjJDQjJDgz,하남성심병원,종합병원,"전남광주통합특별시 광산구 용아로 259,  (산정동)",35.1666556,126.8009586,"[""내과"", ""신경과"", ""외과"", ""정형외과"", ""신경외과"", ""심장혈관흉부외과"", ""마취통증의학과"", ""산부인과"", ""소아청소년과"", ""안과"", ""이비인후과"", ""비뇨의학과"", ""영상의학과"", ""진단검사의학과"", ""응급의학과"", ""치과""]","{""내과"": 5, ""마취통증의학과"": 2, ""산부인과"": 1, ""소아청소년과"": 1, ""신경외과"": 2, ""안과"": 1, ""영상의학과"": 2, ""외과"": 2, ""응급의학과"": 4, ""이비인후과"": 1, ""정형외과"": 2, ""진단검사의학과"": 1}","[""골밀도검사기"", ""CT"", ""초음파영상진단기"", ""MRI"", ""일반엑스선촬영장치"", ""인공호흡기"", ""혈액투석을위한인공신장기"", ""유방촬영장치""]","[""성인 중환자실"", ""간호간병통합서비스 제공기관"", ""HPV 국가예방접종사업 참여기관"", ""응급의료기관""]"
JDQ4MTYyMiM2MSMkMSMkMiMkODkkMzgxMzUxIzExIyQxIyQzIyQ3OSQyNjE4MzIjNTEjJDEjJDIjJDgz,학교법인 가톨릭학원 가톨릭대학교 대전성모병원,종합병원,"대전광역시 중구 대흥로 64, (대흥동)",36.3230420,127.4201629,"[""내과"", ""신경과"", ""정신건강의학과"", ""외과"", ""정형외과"", ""신경외과"", ""심장혈관흉부외과"", ""성형외과"", ""마취통증의학과"", ""산부인과"", ""소아청소년과"", ""안과"", ""이비인후과"", ""피부과"", ""비뇨의학과"", ""영상의학과"", ""방사선종양학과"", ""병리과"", ""진단검사의학과"", ""재활의학과"", ""핵의학과"", ""가정의학과"", ""응급의학과"", ""구강악안면외과"", ""치과보철과"", ""치과교정과"", ""치과보존과""]","{""가정의학과"": 5, ""구강악안면외과"": 1, ""내과"": 31, ""마취통증의학과"": 7, ""방사선종양학과"": 2, ""병리과"": 3, ""비뇨의학과"": 3, ""산부인과"": 5, ""성형외과"": 1, ""소아청소년과"": 3, ""신경과"": 3, ""신경외과"": 6, ""심장혈관흉부외과"": 3, ""안과"": 4, ""영상의학과"": 11, ""외과"": 9, ""응급의학과"": 8, ""이비인후과"": 5, ""재활의학과"": 4, ""정신건강의학과"": 2, ""정형외과"": 7, ""진단검사의학과"": 2, ""치과보철과"": 1, ""피부과"": 1, ""핵의학과"": 1}","[""일반엑스선촬영장치"", ""유방촬영장치"", ""체외충격파쇄석기"", ""인공호흡기"", ""콘빔CT"", ""양전자단층촬영기 (PET)"", ""초음파영상진단기"", ""분만감시기"", ""MRI"", ""ECMO"", ""골밀도검사기"", ""CT"", ""혈액투석을위한인공신장기"", ""인큐베이터""]","[""치매관리주치의 시범기관"", ""가정용 인공호흡기 환자 재택의료 시범기관"", ""1형 당뇨병 환자 재택의료 시범기관"", ""가정간호실시기관"", ""응급의료기관"", ""인공와우 실시기관"", ""수면다원검사 실시기관"", ""경피적 대동맥판삽입 실시기관"", ""간호간병통합서비스 제공기관"", ""입원형 호스피스전문기관"", ""차세대염기서열분석 기반 유전자 패널검사 실시기관"", ""심장질환자 재택의료 시범기관"", ""복막투석 환자 재택관리 시범기관"", ""재활환자 재택의료 시범기관"", ""자문형 호스피스전문기관"", ""성인 중환자실"", ""신생아 중환자실""]"
JDQ4MTYyMiM2MSMkMSMkMiMkODkkMzgxMzUxIzExIyQxIyQzIyQ3OSQzNjE0ODEjNDEjJDEjJDgjJDgz,학교법인 을지학원 대전을지대학교병원,종합병원,"대전광역시 서구 둔산서로 95, (둔산동)",36.3553098,127.3819888,"[""내과"", ""신경과"", ""정신건강의학과"", ""외과"", ""정형외과"", ""신경외과"", ""심장혈관흉부외과"", ""성형외과"", ""마취통증의학과"", ""산부인과"", ""소아청소년과"", ""안과"", ""이비인후과"", ""피부과"", ""비뇨의학과"", ""영상의학과"", ""방사선종양학과"", ""병리과"", ""진단검사의학과"", ""재활의학과"", ""핵의학과"", ""가정의학과"", ""응급의학과"", ""구강악안면외과""]","{""가정의학과"": 4, ""구강악안면외과"": 1, ""내과"": 27, ""마취통증의학과"": 6, ""방사선종양학과"": 2, ""병리과"": 2, ""비뇨의학과"": 5, ""산부인과"": 8, ""성형외과"": 4, ""소아청소년과"": 5, ""신경과"": 5, ""신경외과"": 6, ""심장혈관흉부외과"": 3, ""안과"": 1, ""영상의학과"": 11, ""외과"": 12, ""응급의학과"": 6, ""이비인후과"": 4, ""재활의학과"": 4, ""정신건강의학과"": 4, ""정형외과"": 10, ""직업환경의학과"": 1, ""진단검사의학과"": 2, ""치과보존과"": 1, ""피부과"": 2, ""핵의학과"": 1}","[""양전자단층촬영기 (PET)"", ""MRI"", ""체외충격파쇄석기"", ""혈액투석을위한인공신장기"", ""일반엑스선촬영장치"", ""콘빔CT"", ""ECMO"", ""CT"", ""골밀도검사기"", ""분만감시기"", ""유방촬영장치"", ""초음파영상진단기"", ""종양치료기 (Gamma Knife)"", ""인큐베이터"", ""인공호흡기""]","[""HPV 국가예방접종사업 참여기관"", ""응급의료기관"", ""가정간호실시기관"", ""수면다원검사 실시기관"", ""경피적 대동맥판삽입 실시기관"", ""간호간병통합서비스 제공기관"", ""난임시술(체외)"", ""난임시술(인공)"", ""측두하악관절자극요법 실시기관"", ""성인 중환자실"", ""신생아 중환자실""]"
JDQ4MTYyMiM1MSMkMSMkMCMkODkkMzgxMzUxIzExIyQxIyQ3IyQ2MiQyNjEwMDIjNDEjJDEjJDgjJDgz,학교법인 을지학원 의정부을지대학교병원,종합병원,"경기도 의정부시 동일로 712, 을지대학교 의정부캠퍼스 및 부속병원 (금오동)",37.7518185,127.0506997,"[""내과"", ""신경과"", ""정신건강의학과"", ""외과"", ""정형외과"", ""신경외과"", ""심장혈관흉부외과"", ""성형외과"", ""마취통증의학과"", ""산부인과"", ""소아청소년과"", ""안과"", ""이비인후과"", ""피부과"", ""비뇨의학과"", ""영상의학과"", ""방사선종양학과"", ""병리과"", ""진단검사의학과"", ""재활의학과"", ""핵의학과"", ""가정의학과"", ""응급의학과"", ""구강악안면외과"", ""치과보철과"", ""치과교정과"", ""치주과""]","{""구강악안면외과"": 2, ""내과"": 34, ""마취통증의학과"": 6, ""방사선종양학과"": 2, ""병리과"": 2, ""비뇨의학과"": 3, ""산부인과"": 4, ""성형외과"": 1, ""소아청소년과"": 6, ""신경과"": 10, ""신경외과"": 5, ""심장혈관흉부외과"": 6, ""안과"": 3, ""영상의학과"": 8, ""외과"": 21, ""응급의학과"": 9, ""이비인후과"": 3, ""재활의학과"": 2, ""정신건강의학과"": 6, ""정형외과"": 3, ""치과교정과"": 1, ""치과보철과"": 1, ""치주과"": 1, ""피부과"": 3, ""핵의학과"": 1}","[""분만감시기"", ""인공호흡기"", ""ECMO"", ""골밀도검사기"", ""혈액투석을위한인공신장기"", ""인큐베이터"", ""유방촬영장치"", ""콘빔CT"", ""양전자단층촬영기 (PET)"", ""체외충격파쇄석기"", ""CT"", ""초음파영상진단기"", ""일반엑스선촬영장치"", ""MRI""]","[""성인 중환자실"", ""신생아 중환자실"", ""HPV 국가예방접종사업 참여기관"", ""복막투석 환자 재택관리 시범기관"", ""수면다원검사 실시기관"", ""가정간호실시기관"", ""응급의료기관"", ""경피적 대동맥판삽입 실시기관"", ""간호간병통합서비스 제공기관"", ""인공와우 실시기관"", ""신속대응시스템 시범기관"", ""선천성 악안면 기형의 치과교정 및 악정형 치료 실시기관""]"
JDQ4MTAxMiM1MSMkMSMkMCMkODkkMzgxMzUxIzExIyQxIyQzIyQ5OSQzNjEyMjIjODEjJDEjJDIjJDgz,학교법인 춘해병원,종합병원,"부산광역시 부산진구 중앙대로 605, 지상1층~지상9층 (범천동)",35.1469602,129.0583786,"[""내과"", ""신경과"", ""외과"", ""정형외과"", ""신경외과"", ""마취통증의학과"", ""산부인과"", ""이비인후과"", ""비뇨의학과"", ""영상의학과"", ""진단검사의학과"", ""가정의학과""]","{""가정의학과"": 2, ""내과"": 6, ""마취통증의학과"": 2, ""비뇨의학과"": 1, ""산부인과"": 2, ""신경과"": 1, ""신경외과"": 1, ""영상의학과"": 2, ""외과"": 3, ""이비인후과"": 1, ""정형외과"": 3, ""진단검사의학과"": 1}","[""인공호흡기"", ""일반엑스선촬영장치"", ""MRI"", ""CT"", ""골밀도검사기"", ""체외충격파쇄석기"", ""유방촬영장치"", ""초음파영상진단기""]","[""개방병원"", ""HPV 국가예방접종사업 참여기관"", ""응급의료기관"", ""간호간병통합서비스 제공기관""]"
JDQ4MTAxMiM1MSMkMSMkMCMkODkkMzgxMzUxIzExIyQxIyQzIyQ2MiQyNjEwMDIjNDEjJDEjJDgjJDgz,학교법인)동의병원,종합병원,"부산광역시 부산진구 양정로 62, 지상2ㆍ3ㆍ10층 각 일부/ 지하1ㆍ지상1ㆍ지상4~지상8층 전층 (양정동)",35.1698202,129.0765140,"[""내과"", ""신경과"", ""정신건강의학과"", ""외과"", ""정형외과"", ""신경외과"", ""심장혈관흉부외과"", ""마취통증의학과"", ""산부인과"", ""소아청소년과"", ""안과"", ""이비인후과"", ""비뇨의학과"", ""영상의학과"", ""병리과"", ""진단검사의학과"", ""재활의학과"", ""가정의학과"", ""응급의학과"", ""구강악안면외과"", ""치과보철과"", ""소아치과"", ""치주과"", ""치과보존과"", ""구강내과"", ""영상치의학과"", ""예방치과"", ""통합치의학과""]","{""가정의학과"": 3, ""내과"": 15, ""마취통증의학과"": 3, ""병리과"": 1, ""비뇨의학과"": 3, ""산부인과"": 2, ""소아청소년과"": 3, ""신경과"": 4, ""신경외과"": 4, ""영상의학과"": 5, ""외과"": 3, ""응급의학과"": 6, ""이비인후과"": 2, ""재활의학과"": 3, ""정신건강의학과"": 1, ""정형외과"": 5, ""진단검사의학과"": 1}","[""MRI"", ""초음파영상진단기"", ""CT"", ""유방촬영장치"", ""인큐베이터"", ""혈액투석을위한인공신장기"", ""일반엑스선촬영장치"", ""분만감시기"", ""골밀도검사기"", ""ECMO"", ""인공호흡기"", ""체외충격파쇄석기""]","[""응급의료기관"", ""개방병원"", ""의·한협진 활성화를 위한 5단계 시범기관"", ""HPV 국가예방접종사업 참여기관"", ""간호간병통합서비스 제공기관"", ""성인 중환자실"", ""인공와우 실시기관""]"
JDQ4MTYyMiM4MSMkMSMkMCMkODkkMzgxMzUxIzExIyQxIyQzIyQ5OSQyNjEyMjIjNDEjJDEjJDQjJDgz,한국보훈복지의료공단 대구보훈병원,종합병원,"대구광역시 달서구 월곡로 60, (도원동)",35.8028206,128.5519785,"[""내과"", ""신경과"", ""정신건강의학과"", ""외과"", ""정형외과"", ""신경외과"", ""심장혈관흉부외과"", ""마취통증의학과"", ""산부인과"", ""소아청소년과"", ""안과"", ""이비인후과"", ""피부과"", ""비뇨의학과"", ""영상의학과"", ""진단검사의학과"", ""재활의학과"", ""핵의학과"", ""가정의학과"", ""응급의학과"", ""치과보철과"", ""치주과"", ""치과보존과"", ""구강내과"", ""영상치의학과"", ""통합치의학과""]","{""가정의학과"": 4, ""구강내과"": 1, ""구강악안면외과"": 3, ""내과"": 8, ""마취통증의학과"": 2, ""비뇨의학과"": 1, ""산부인과"": 1, ""소아청소년과"": 1, ""신경과"": 2, ""신경외과"": 2, ""안과"": 3, ""영상의학과"": 3, ""외과"": 2, ""이비인후과"": 2, ""재활의학과"": 2, ""정신건강의학과"": 1, ""정형외과"": 5, ""진단검사의학과"": 1, ""통합치의학과"": 2, ""피부과"": 2}","[""콘빔CT"", ""유방촬영장치"", ""CT"", ""골밀도검사기"", ""MRI"", ""일반엑스선촬영장치"", ""인공호흡기"", ""양전자단층촬영기 (PET)"", ""초음파영상진단기"", ""혈액투석을위한인공신장기"", ""체외충격파쇄석기""]","[""인공와우 실시기관"", ""입원형 호스피스전문기관"", ""가정간호실시기관"", ""HPV 국가예방접종사업 참여기관"", ""간호간병통합서비스 제공기관"", ""가정형 호스피스전문기관"", ""응급의료기관"", ""성인 중환자실""]"
JDQ4MTAxMiM1MSMkMSMkMCMkODkkMzgxMzUxIzExIyQxIyQzIyQ5OSQ0NjEwMDIjNTEjJDEjJDIjJDgz,한국보훈복지의료공단 부산보훈병원,종합병원,"부산광역시 사상구 백양대로 420, (주례동)",35.1533821,129.0065750,"[""내과"", ""신경과"", ""정신건강의학과"", ""외과"", ""정형외과"", ""신경외과"", ""마취통증의학과"", ""산부인과"", ""소아청소년과"", ""안과"", ""이비인후과"", ""피부과"", ""비뇨의학과"", ""영상의학과"", ""병리과"", ""진단검사의학과"", ""재활의학과"", ""가정의학과"", ""치과보철과"", ""한방내과""]","{""가정의학과"": 4, ""내과"": 13, ""마취통증의학과"": 2, ""병리과"": 1, ""비뇨의학과"": 5, ""산부인과"": 2, ""소아청소년과"": 2, ""신경과"": 2, ""신경외과"": 3, ""심장혈관흉부외과"": 1, ""안과"": 1, ""영상의학과"": 3, ""외과"": 1, ""이비인후과"": 2, ""재활의학과"": 2, ""정신건강의학과"": 2, ""정형외과"": 5, ""진단검사의학과"": 1, ""치주과"": 1, ""통합치의학과"": 5, ""피부과"": 2}","[""일반엑스선촬영장치"", ""골밀도검사기"", ""혈액투석을위한인공신장기"", ""분만감시기"", ""인공호흡기"", ""체외충격파쇄석기"", ""콘빔CT"", ""유방촬영장치"", ""CT"", ""MRI"", ""초음파영상진단기""]","[""가정간호실시기관"", ""가정형 호스피스전문기관"", ""응급의료기관"", ""입원형 호스피스전문기관"", ""간호간병통합서비스 제공기관"", ""성인 중환자실"", ""HPV 국가예방접종사업 참여기관""]"
JDQ4MTg4MSM1MSMkMSMkMCMkODkkMzgxMzUxIzExIyQxIyQzIyQ5OSQyNjE4MzIjNDEjJDEjJDgjJDgz,한국보훈복지의료공단 중앙보훈병원,종합병원,"서울특별시 강동구 진황도로61길 53, (둔촌동)",37.5303393,127.1478691,"[""내과"", ""신경과"", ""정신건강의학과"", ""외과"", ""정형외과"", ""신경외과"", ""심장혈관흉부외과"", ""성형외과"", ""마취통증의학과"", ""산부인과"", ""소아청소년과"", ""안과"", ""이비인후과"", ""피부과"", ""비뇨의학과"", ""영상의학과"", ""방사선종양학과"", ""병리과"", ""진단검사의학과"", ""재활의학과"", ""핵의학과"", ""가정의학과"", ""응급의학과"", ""구강악안면외과"", ""치과보철과"", ""치주과"", ""치과보존과"", ""구강내과"", ""통합치의학과"", ""한방재활의학과""]","{""가정의학과"": 5, ""구강내과"": 1, ""구강악안면외과"": 3, ""내과"": 43, ""마취통증의학과"": 5, ""방사선종양학과"": 2, ""병리과"": 2, ""비뇨의학과"": 7, ""산부인과"": 3, ""성형외과"": 2, ""소아청소년과"": 2, ""신경과"": 6, ""신경외과"": 5, ""심장혈관흉부외과"": 4, ""안과"": 7, ""영상의학과"": 7, ""외과"": 7, ""응급의학과"": 10, ""이비인후과"": 5, ""재활의학과"": 6, ""정신건강의학과"": 2, ""정형외과"": 7, ""진단검사의학과"": 3, ""치과보존과"": 5, ""치과보철과"": 9, ""치주과"": 5, ""통합치의학과"": 1, ""피부과"": 2, ""한방재활의학과"": 1, ""핵의학과"": 1}","[""MRI"", ""인큐베이터"", ""골밀도검사기"", ""양전자단층촬영기 (PET)"", ""ECMO"", ""체외충격파쇄석기"", ""유방촬영장치"", ""인공호흡기"", ""혈액투석을위한인공신장기"", ""분만감시기"", ""일반엑스선촬영장치"", ""초음파영상진단기"", ""CT"", ""콘빔CT""]","[""인공와우 실시기관"", ""HPV 국가예방접종사업 참여기관"", ""복막투석 환자 재택관리 시범기관"", ""가정형 호스피스전문기관"", ""측두하악관절자극요법 실시기관"", ""차세대염기서열분석 기반 유전자 패널검사 실시기관"", ""입원형 호스피스전문기관"", ""응급의료기관"", ""경피적 대동맥판삽입 실시기관"", ""간호간병통합서비스 제공기관"", ""심장질환자 재택의료 시범기관"", ""자문형 호스피스전문기관"", ""가정간호실시기관"", ""수면다원검사 실시기관"", ""성인 중환자실""]"
JDQ4MTg4MSM1MSMkMSMkMCMkODkkMzgxMzUxIzExIyQxIyQ3IyQ5OSQ0NjEwMDIjNjEjJDEjJDgjJDgz,한국원자력의학원원자력병원,종합병원,"서울특별시 노원구 노원로 75, 한국원자력의학원 (공릉동)",37.6288667,127.0824198,"[""내과"", ""신경과"", ""정신건강의학과"", ""외과"", ""정형외과"", ""신경외과"", ""심장혈관흉부외과"", ""성형외과"", ""마취통증의학과"", ""산부인과"", ""소아청소년과"", ""안과"", ""이비인후과"", ""피부과"", ""비뇨의학과"", ""영상의학과"", ""방사선종양학과"", ""병리과"", ""진단검사의학과"", ""핵의학과"", ""가정의학과"", ""응급의학과"", ""구강악안면외과"", ""치과보철과"", ""치과교정과"", ""소아치과"", ""치주과"", ""치과보존과"", ""구강내과"", ""영상치의학과"", ""예방치과""]","{""가정의학과"": 2, ""내과"": 21, ""마취통증의학과"": 8, ""방사선종양학과"": 6, ""병리과"": 5, ""비뇨의학과"": 3, ""산부인과"": 4, ""소아청소년과"": 3, ""신경과"": 3, ""신경외과"": 3, ""심장혈관흉부외과"": 3, ""안과"": 1, ""영상의학과"": 10, ""예방의학과"": 1, ""외과"": 18, ""이비인후과"": 4, ""정신건강의학과"": 2, ""정형외과"": 4, ""진단검사의학과"": 4, ""통합치의학과"": 2, ""피부과"": 1, ""핵의학과"": 4}","[""체외충격파쇄석기"", ""CT"", ""양전자단층촬영기 (PET)"", ""골밀도검사기"", ""초음파영상진단기"", ""혈액투석을위한인공신장기"", ""유방촬영장치"", ""콘빔CT"", ""인공호흡기"", ""MRI"", ""인큐베이터"", ""일반엑스선촬영장치"", ""종양치료기 (Cyber Knife)""]","[""응급의료기관"", ""암환자 재택의료 시범기관"", ""자문형 호스피스전문기관"", ""HPV 국가예방접종사업 참여기관"", ""입원형 호스피스전문기관"", ""암환자(요루) 재택의료 시범기관"", ""차세대염기서열분석 기반 유전자 패널검사 실시기관"", ""수면다원검사 실시기관"", ""간호간병통합서비스 제공기관"", ""조혈모세포이식 실시기관"", ""성인 중환자실""]"
JDQ4MTg4MSM1MSMkMSMkMCMkODkkMzgxMzUxIzExIyQyIyQzIyQwMCQyNjE0ODEjNTEjJDEjJDYjJDgz,한림대학교 강남성심병원,종합병원,"서울특별시 영등포구 신길로 1, (대림동, 강남성심병원)",37.4937262,126.9086527,"[""내과"", ""신경과"", ""정신건강의학과"", ""외과"", ""정형외과"", ""신경외과"", ""심장혈관흉부외과"", ""성형외과"", ""마취통증의학과"", ""산부인과"", ""소아청소년과"", ""안과"", ""이비인후과"", ""피부과"", ""비뇨의학과"", ""영상의학과"", ""방사선종양학과"", ""병리과"", ""진단검사의학과"", ""재활의학과"", ""가정의학과"", ""응급의학과"", ""구강악안면외과"", ""치과보철과"", ""치과교정과"", ""치과보존과""]","{""가정의학과"": 5, ""구강악안면외과"": 3, ""내과"": 39, ""마취통증의학과"": 10, ""방사선종양학과"": 1, ""병리과"": 1, ""비뇨의학과"": 4, ""산부인과"": 6, ""성형외과"": 4, ""소아청소년과"": 8, ""신경과"": 4, ""신경외과"": 4, ""심장혈관흉부외과"": 2, ""안과"": 7, ""영상의학과"": 12, ""외과"": 9, ""응급의학과"": 6, ""이비인후과"": 5, ""재활의학과"": 2, ""정신건강의학과"": 2, ""정형외과"": 9, ""진단검사의학과"": 4, ""치과교정과"": 1, ""치과보존과"": 1, ""치과보철과"": 1, ""통합치의학과"": 1, ""피부과"": 3, ""핵의학과"": 2}","[""초음파영상진단기"", ""체외충격파쇄석기"", ""골밀도검사기"", ""MRI"", ""혈액투석을위한인공신장기"", ""분만감시기"", ""양전자단층촬영기 (PET)"", ""인큐베이터"", ""CT"", ""콘빔CT"", ""ECMO"", ""유방촬영장치"", ""일반엑스선촬영장치"", ""인공호흡기""]","[""1형 당뇨병 환자 재택의료 시범기관"", ""암환자(요루) 재택의료 시범기관"", ""응급의료기관"", ""암환자 재택의료 시범기관"", ""경피적 좌심방이 폐색술 실시기관"", ""인공와우 실시기관"", ""HPV 국가예방접종사업 참여기관"", ""결핵환자 재택의료 시범기관"", ""비대면진료 시범사업 진료기관(의료기관)"", ""간호간병통합서비스 제공기관"", ""차세대염기서열분석 기반 유전자 패널검사 실시기관"", ""수면다원검사 실시기관"", ""복막투석 환자 재택관리 시범기관"", ""성인 중환자실"", ""신생아 중환자실""]"
JDQ4MTg4MSM1MSMkMSMkMCMkODkkMzgxMzUxIzExIyQxIyQzIyQ5OSQzNjEwMDIjNzEjJDEjJDgjJDgz,한림대학교 한강성심병원,종합병원,"서울특별시 영등포구 버드나루로7길 12, (영등포동7가, 한강성심병원)",37.5231702,126.9096811,"[""내과"", ""신경과"", ""정신건강의학과"", ""외과"", ""정형외과"", ""신경외과"", ""심장혈관흉부외과"", ""성형외과"", ""마취통증의학과"", ""산부인과"", ""소아청소년과"", ""안과"", ""이비인후과"", ""피부과"", ""비뇨의학과"", ""영상의학과"", ""병리과"", ""진단검사의학과"", ""재활의학과"", ""가정의학과"", ""응급의학과"", ""직업환경의학과"", ""구강악안면외과""]","{""내과"": 2, ""마취통증의학과"": 2, ""성형외과"": 3, ""소아청소년과"": 1, ""영상의학과"": 1, ""외과"": 8, ""재활의학과"": 3, ""정신건강의학과"": 1, ""진단검사의학과"": 1}","[""골밀도검사기"", ""초음파영상진단기"", ""분만감시기"", ""CT"", ""일반엑스선촬영장치"", ""인공호흡기"", ""혈액투석을위한인공신장기"", ""인큐베이터""]","[""비대면진료 시범사업 진료기관(의료기관)"", ""성인 중환자실""]"
JDQ4MTYyMiM1MSMkMSMkMCMkODkkMzgxMzUxIzExIyQxIyQ3IyQ3OSQ0NjEwMDIjNzEjJDEjJDgjJDgz,한림대학교동탄성심병원,종합병원,"경기도 화성시 동탄구 큰재봉길 7, (석우동)",37.2165141,127.0799502,"[""내과"", ""신경과"", ""정신건강의학과"", ""외과"", ""정형외과"", ""신경외과"", ""심장혈관흉부외과"", ""성형외과"", ""마취통증의학과"", ""산부인과"", ""소아청소년과"", ""안과"", ""이비인후과"", ""피부과"", ""비뇨의학과"", ""영상의학과"", ""방사선종양학과"", ""병리과"", ""진단검사의학과"", ""재활의학과"", ""핵의학과"", ""가정의학과"", ""응급의학과"", ""구강악안면외과"", ""치과보철과"", ""치과교정과"", ""치과보존과""]","{""가정의학과"": 5, ""구강악안면외과"": 3, ""내과"": 49, ""마취통증의학과"": 9, ""방사선종양학과"": 1, ""병리과"": 3, ""비뇨의학과"": 5, ""산부인과"": 5, ""성형외과"": 4, ""소아청소년과"": 12, ""신경과"": 10, ""신경외과"": 8, ""심장혈관흉부외과"": 4, ""안과"": 5, ""영상의학과"": 15, ""외과"": 18, ""응급의학과"": 20, ""이비인후과"": 5, ""재활의학과"": 3, ""정신건강의학과"": 4, ""정형외과"": 12, ""진단검사의학과"": 3, ""치과교정과"": 1, ""치과보존과"": 1, ""치과보철과"": 1, ""피부과"": 2, ""핵의학과"": 1}","[""양전자단층촬영기 (PET)"", ""골밀도검사기"", ""혈액투석을위한인공신장기"", ""ECMO"", ""분만감시기"", ""CT"", ""인공호흡기"", ""콘빔CT"", ""MRI"", ""유방촬영장치"", ""초음파영상진단기"", ""체외충격파쇄석기"", ""일반엑스선촬영장치"", ""인큐베이터""]","[""성인 중환자실"", ""신생아 중환자실"", ""HPV 국가예방접종사업 참여기관"", ""암환자 재택의료 시범기관"", ""심실 보조장치 치료술 실시기관(이식형)"", ""1형 당뇨병 환자 재택의료 시범기관"", ""결핵환자 재택의료 시범기관"", ""암환자(요루) 재택의료 시범기관"", ""인공와우 실시기관"", ""심장질환자 재택의료 시범기관"", ""측두하악관절자극요법 실시기관"", ""경피적 대동맥판삽입 실시기관"", ""간호간병통합서비스 제공기관"", ""비대면진료 시범사업 진료기관(의료기관)"", ""응급의료기관"", ""수면다원검사 실시기관"", ""치매관리주치의 시범기관"", ""재활환자 재택의료 시범기관"", ""차세대염기서열분석 기반 유전자 패널검사 실시기관"", ""복막투석 환자 재택관리 시범기관"", ""선천성 악안면 기형의 치과교정 및 악정형 치료 실시기관"", ""신속대응시스템 시범기관""]"
JDQ4MTYyMiM1MSMkMSMkNCMkODkkMzgxMzUxIzExIyQxIyQzIyQ4OSQyNjEyMjIjNjEjJDEjJDAjJDgz,한림대학교춘천성심병원,종합병원,"강원특별자치도 춘천시 삭주로 77, 77",37.8840791,127.7399592,"[""내과"", ""신경과"", ""정신건강의학과"", ""외과"", ""정형외과"", ""신경외과"", ""심장혈관흉부외과"", ""성형외과"", ""마취통증의학과"", ""산부인과"", ""소아청소년과"", ""안과"", ""이비인후과"", ""피부과"", ""비뇨의학과"", ""영상의학과"", ""방사선종양학과"", ""병리과"", ""진단검사의학과"", ""재활의학과"", ""핵의학과"", ""가정의학과"", ""응급의학과"", ""구강악안면외과""]","{""가정의학과"": 3, ""구강악안면외과"": 2, ""내과"": 26, ""마취통증의학과"": 6, ""병리과"": 2, ""비뇨의학과"": 2, ""산부인과"": 2, ""성형외과"": 1, ""소아청소년과"": 5, ""신경과"": 10, ""신경외과"": 6, ""심장혈관흉부외과"": 2, ""안과"": 5, ""영상의학과"": 4, ""외과"": 2, ""응급의학과"": 13, ""이비인후과"": 4, ""재활의학과"": 1, ""정신건강의학과"": 4, ""정형외과"": 6, ""진단검사의학과"": 2, ""피부과"": 1, ""핵의학과"": 1}","[""일반엑스선촬영장치"", ""골밀도검사기"", ""초음파영상진단기"", ""인공호흡기"", ""인큐베이터"", ""ECMO"", ""혈액투석을위한인공신장기"", ""분만감시기"", ""유방촬영장치"", ""체외충격파쇄석기"", ""CT"", ""MRI"", ""콘빔CT"", ""양전자단층촬영기 (PET)""]","[""성인 중환자실"", ""결핵환자 재택의료 시범기관"", ""1형 당뇨병 환자 재택의료 시범기관"", ""개방병원"", ""HPV 국가예방접종사업 참여기관"", ""간호간병통합서비스 제공기관"", ""복막투석 환자 재택관리 시범기관"", ""응급의료기관"", ""수면다원검사 실시기관""]"
JDQ4MTYyMiM1MSMkMSMkMCMkODkkMzgxMzUxIzExIyQxIyQzIyQwMyQyNjE4MzIjNDEjJDEjJDQjJDgz,한림병원,종합병원,"인천광역시 계양구 장제로 722, (작전동)",37.5320982,126.7343513,"[""내과"", ""신경과"", ""정신건강의학과"", ""외과"", ""정형외과"", ""신경외과"", ""심장혈관흉부외과"", ""성형외과"", ""마취통증의학과"", ""산부인과"", ""소아청소년과"", ""안과"", ""이비인후과"", ""피부과"", ""비뇨의학과"", ""영상의학과"", ""방사선종양학과"", ""병리과"", ""진단검사의학과"", ""재활의학과"", ""핵의학과"", ""가정의학과"", ""응급의학과"", ""직업환경의학과"", ""예방치과""]","{""가정의학과"": 5, ""내과"": 20, ""마취통증의학과"": 4, ""방사선종양학과"": 1, ""병리과"": 1, ""비뇨의학과"": 2, ""산부인과"": 2, ""소아청소년과"": 1, ""신경과"": 2, ""신경외과"": 4, ""심장혈관흉부외과"": 3, ""안과"": 1, ""영상의학과"": 5, ""외과"": 6, ""응급의학과"": 13, ""이비인후과"": 2, ""재활의학과"": 1, ""정신건강의학과"": 1, ""정형외과"": 4, ""직업환경의학과"": 2, ""진단검사의학과"": 2, ""통합치의학과"": 1, ""피부과"": 1, ""핵의학과"": 1}","[""MRI"", ""인공호흡기"", ""인큐베이터"", ""체외충격파쇄석기"", ""유방촬영장치"", ""ECMO"", ""양전자단층촬영기 (PET)"", ""일반엑스선촬영장치"", ""초음파영상진단기"", ""CT"", ""골밀도검사기"", ""혈액투석을위한인공신장기""]","[""성인 중환자실"", ""HPV 국가예방접종사업 참여기관"", ""수면다원검사 실시기관"", ""암환자 재택의료 시범기관"", ""결핵환자 재택의료 시범기관"", ""개방병원"", ""암환자(요루) 재택의료 시범기관"", ""간호간병통합서비스 제공기관"", ""비대면진료 시범사업 진료기관(의료기관)"", ""응급의료기관"", ""보훈위탁진료요양기관"", ""외국인 근로자 등 의료지원 사업시행 의료기관""]"
JDQ4MTYyMiM4MSMkMSMkOCMkODkkMzgxMzUxIzExIyQxIyQzIyQ4OSQ0NjE0ODEjODEjJDEjJDYjJDgz,한마음병원,종합병원,"제주특별자치도 제주시 연신로 52, (이도이동)",33.4962868,126.5462386,"[""내과"", ""신경과"", ""정신건강의학과"", ""외과"", ""정형외과"", ""신경외과"", ""심장혈관흉부외과"", ""성형외과"", ""마취통증의학과"", ""산부인과"", ""소아청소년과"", ""이비인후과"", ""비뇨의학과"", ""영상의학과"", ""진단검사의학과"", ""재활의학과"", ""가정의학과"", ""응급의학과"", ""구강악안면외과"", ""치과보철과"", ""치과보존과""]","{""가정의학과"": 2, ""내과"": 9, ""마취통증의학과"": 2, ""비뇨의학과"": 1, ""산부인과"": 1, ""소아청소년과"": 2, ""신경과"": 2, ""신경외과"": 1, ""영상의학과"": 2, ""외과"": 3, ""응급의학과"": 6, ""재활의학과"": 1, ""정신건강의학과"": 1, ""정형외과"": 3}","[""ECMO"", ""CT"", ""골밀도검사기"", ""인큐베이터"", ""콘빔CT"", ""MRI"", ""혈액투석을위한인공신장기"", ""유방촬영장치"", ""일반엑스선촬영장치"", ""체외충격파쇄석기"", ""분만감시기"", ""초음파영상진단기"", ""인공호흡기""]","[""성인 중환자실"", ""응급의료기관"", ""HPV 국가예방접종사업 참여기관"", ""난임시술(체외)"", ""난임시술(인공)""]"
JDQ4MTYyMiM1MSMkMSMkMCMkODkkMzgxMzUxIzExIyQxIyQzIyQ3MiQyNjE4MzIjODEjJDEjJDIjJDgz,한양대학교구리병원,종합병원,"경기도 구리시 경춘로 153, (교문동)",37.6012985,127.1324272,"[""내과"", ""신경과"", ""정신건강의학과"", ""외과"", ""정형외과"", ""신경외과"", ""심장혈관흉부외과"", ""성형외과"", ""마취통증의학과"", ""산부인과"", ""소아청소년과"", ""안과"", ""이비인후과"", ""피부과"", ""비뇨의학과"", ""영상의학과"", ""병리과"", ""진단검사의학과"", ""재활의학과"", ""핵의학과"", ""응급의학과"", ""직업환경의학과"", ""치과보철과""]","{""가정의학과"": 2, ""내과"": 37, ""마취통증의학과"": 8, ""병리과"": 3, ""비뇨의학과"": 4, ""산부인과"": 2, ""성형외과"": 4, ""신경과"": 6, ""신경외과"": 7, ""심장혈관흉부외과"": 2, ""안과"": 5, ""영상의학과"": 11, ""외과"": 12, ""응급의학과"": 8, ""이비인후과"": 4, ""재활의학과"": 4, ""정신건강의학과"": 4, ""정형외과"": 8, ""직업환경의학과"": 2, ""진단검사의학과"": 4, ""치과보존과"": 1, ""치과보철과"": 2, ""피부과"": 2, ""핵의학과"": 1}","[""CT"", ""양전자단층촬영기 (PET)"", ""골밀도검사기"", ""분만감시기"", ""MRI"", ""인공호흡기"", ""초음파영상진단기"", ""ECMO"", ""일반엑스선촬영장치"", ""혈액투석을위한인공신장기"", ""유방촬영장치"", ""콘빔CT"", ""체외충격파쇄석기"", ""인큐베이터""]","[""성인 중환자실"", ""신생아 중환자실"", ""차세대염기서열분석 기반 유전자 패널검사 실시기관"", ""경피적 좌심방이 폐색술 실시기관"", ""응급의료기관"", ""복막투석 환자 재택관리 시범기관"", ""인공와우 실시기관"", ""간호간병통합서비스 제공기관"", ""수면다원검사 실시기관"", ""가정용 인공호흡기 환자 재택의료 시범기관"", ""결핵환자 재택의료 시범기관""]"
JDQ4MTYyMiM4MSMkMSMkNCMkODkkMzgxMzUxIzExIyQxIyQzIyQ4MiQzNjEyMjIjNjEjJDEjJDQjJDgz,한일병원,종합병원,"경상남도 진주시 범골로 17, 한일병원 지하1 1~7층 (충무공동)",35.1669944,128.1285557,"[""내과"", ""신경과"", ""외과"", ""정형외과"", ""신경외과"", ""마취통증의학과"", ""산부인과"", ""소아청소년과"", ""안과"", ""피부과"", ""비뇨의학과"", ""영상의학과"", ""진단검사의학과"", ""재활의학과"", ""응급의학과"", ""구강악안면외과"", ""침구과""]","{""가정의학과"": 1, ""내과"": 10, ""마취통증의학과"": 2, ""비뇨의학과"": 1, ""산부인과"": 1, ""소아청소년과"": 1, ""신경과"": 3, ""신경외과"": 5, ""안과"": 1, ""영상의학과"": 6, ""외과"": 2, ""응급의학과"": 5, ""재활의학과"": 1, ""정형외과"": 3, ""진단검사의학과"": 1}","[""유방촬영장치"", ""체외충격파쇄석기"", ""골밀도검사기"", ""분만감시기"", ""MRI"", ""초음파영상진단기"", ""CT"", ""인공호흡기"", ""일반엑스선촬영장치"", ""콘빔CT"", ""혈액투석을위한인공신장기""]","[""성인 중환자실"", ""간호간병통합서비스 제공기관"", ""응급의료기관"", ""측두하악관절자극요법 실시기관"", ""HPV 국가예방접종사업 참여기관""]"
JDQ4MTYyMiM3MSMkMSMkMCMkODkkMzgxMzUxIzExIyQxIyQzIyQwMyQyNjE4MzIjODEjJDEjJDIjJDgz,해남우리종합병원,종합병원,"전남광주통합특별시 해남군 옥천면 해남로 597, (옥천면)",34.5842520,126.6465632,"[""내과"", ""신경과"", ""정신건강의학과"", ""외과"", ""정형외과"", ""신경외과"", ""마취통증의학과"", ""산부인과"", ""소아청소년과"", ""이비인후과"", ""비뇨의학과"", ""영상의학과"", ""진단검사의학과"", ""재활의학과"", ""가정의학과"", ""응급의학과"", ""구강악안면외과"", ""치과보철과"", ""치과교정과"", ""소아치과"", ""치주과"", ""치과보존과"", ""구강내과""]","{""가정의학과"": 1, ""내과"": 3, ""마취통증의학과"": 1, ""비뇨의학과"": 1, ""산부인과"": 1, ""소아청소년과"": 1, ""신경과"": 2, ""신경외과"": 2, ""심장혈관흉부외과"": 1, ""영상의학과"": 3, ""외과"": 2, ""응급의학과"": 1, ""재활의학과"": 1, ""정신건강의학과"": 1, ""정형외과"": 3, ""진단검사의학과"": 1}","[""골밀도검사기"", ""유방촬영장치"", ""초음파영상진단기"", ""체외충격파쇄석기"", ""MRI"", ""혈액투석을위한인공신장기"", ""인공호흡기"", ""일반엑스선촬영장치"", ""CT""]","[""성인 중환자실"", ""장애인 건강 주치의 시범기관(전체)"", ""응급의료기관"", ""HPV 국가예방접종사업 참여기관""]"
JDQ4MTYyMiM3MSMkMSMkMCMkODkkMzgxMzUxIzExIyQxIyQ3IyQ3OSQzNjE0ODEjNjEjJDEjJDAjJDgz,해피뷰병원,종합병원,"전남광주통합특별시 북구 경열로 216-0, 해피뷰병원",35.1586417,126.9067730,"[""내과"", ""신경과"", ""정신건강의학과"", ""외과"", ""정형외과"", ""신경외과"", ""마취통증의학과"", ""산부인과"", ""비뇨의학과"", ""영상의학과"", ""진단검사의학과"", ""가정의학과""]","{""가정의학과"": 1, ""내과"": 5, ""마취통증의학과"": 1, ""비뇨의학과"": 1, ""신경과"": 2, ""신경외과"": 1, ""영상의학과"": 2, ""외과"": 1, ""정신건강의학과"": 2, ""정형외과"": 2, ""진단검사의학과"": 1}","[""일반엑스선촬영장치"", ""MRI"", ""골밀도검사기"", ""인공호흡기"", ""CT"", ""유방촬영장치"", ""초음파영상진단기"", ""체외충격파쇄석기"", ""혈액투석을위한인공신장기""]","[""수면다원검사 실시기관"", ""간호간병통합서비스 제공기관"", ""(정신질환)병원기반 시범기관""]"
JDQ4MTYyMiM1MSMkMSMkMCMkODkkMzgxMzUxIzExIyQxIyQ3IyQ3OSQyNjE0ODEjNTEjJDEjJDYjJDgz,현대병원,종합병원,"경기도 남양주시 진접읍 봉현로 21, (진접읍)",37.7154268,127.1798820,"[""내과"", ""신경과"", ""정신건강의학과"", ""외과"", ""정형외과"", ""신경외과"", ""심장혈관흉부외과"", ""성형외과"", ""마취통증의학과"", ""산부인과"", ""소아청소년과"", ""이비인후과"", ""비뇨의학과"", ""영상의학과"", ""병리과"", ""진단검사의학과"", ""재활의학과"", ""응급의학과"", ""치주과""]","{""내과"": 23, ""마취통증의학과"": 6, ""병리과"": 1, ""비뇨의학과"": 2, ""산부인과"": 3, ""성형외과"": 1, ""소아청소년과"": 1, ""신경과"": 2, ""신경외과"": 6, ""심장혈관흉부외과"": 2, ""영상의학과"": 1, ""외과"": 11, ""응급의학과"": 8, ""이비인후과"": 1, ""재활의학과"": 1, ""정신건강의학과"": 2, ""정형외과"": 10, ""진단검사의학과"": 2, ""통합치의학과"": 2}","[""골밀도검사기"", ""인공호흡기"", ""체외충격파쇄석기"", ""혈액투석을위한인공신장기"", ""일반엑스선촬영장치"", ""유방촬영장치"", ""콘빔CT"", ""초음파영상진단기"", ""MRI"", ""CT"", ""분만감시기""]","[""성인 중환자실"", ""외국인 근로자 등 의료지원 사업시행 의료기관"", ""응급의료기관"", ""간호간병통합서비스 제공기관"", ""측두하악관절자극요법 실시기관"", ""HPV 국가예방접종사업 참여기관""]"
JDQ4MTYyMiM1MSMkMSMkMCMkODkkMzgxMzUxIzExIyQxIyQ3IyQ4OSQzNjEyMjIjNDEjJDEjJDQjJDgz,현대유비스병원,종합병원,"인천광역시 미추홀구 독배로 503-0, 현대유비스병원",37.4615989,126.6429995,"[""내과"", ""신경과"", ""외과"", ""정형외과"", ""신경외과"", ""심장혈관흉부외과"", ""마취통증의학과"", ""소아청소년과"", ""안과"", ""이비인후과"", ""비뇨의학과"", ""영상의학과"", ""진단검사의학과"", ""가정의학과"", ""응급의학과"", ""직업환경의학과""]","{""가정의학과"": 2, ""내과"": 8, ""마취통증의학과"": 2, ""비뇨의학과"": 1, ""산부인과"": 1, ""소아청소년과"": 1, ""신경과"": 1, ""신경외과"": 3, ""심장혈관흉부외과"": 1, ""안과"": 1, ""영상의학과"": 4, ""외과"": 3, ""응급의학과"": 5, ""이비인후과"": 1, ""정형외과"": 6, ""직업환경의학과"": 2, ""진단검사의학과"": 1}","[""인공호흡기"", ""체외충격파쇄석기"", ""MRI"", ""CT"", ""콘빔CT"", ""골밀도검사기"", ""일반엑스선촬영장치"", ""유방촬영장치"", ""혈액투석을위한인공신장기"", ""초음파영상진단기""]","[""성인 중환자실"", ""HPV 국가예방접종사업 참여기관"", ""심장질환자 재택의료 시범기관"", ""결핵환자 재택의료 시범기관"", ""수면다원검사 실시기관"", ""간호간병통합서비스 제공기관"", ""외국인 근로자 등 의료지원 사업시행 의료기관"", ""가정용 인공호흡기 환자 재택의료 시범기관"", ""응급의료기관"", ""보훈위탁진료요양기관""]"
JDQ4MTg4MSM1MSMkMSMkMCMkODkkMzgxMzUxIzExIyQxIyQ3IyQ2MiQyNjEwMDIjNjEjJDEjJDQjJDgz,혜민병원,종합병원,"서울특별시 광진구 자양로 85, (자양동)",37.5354079,127.0836246,"[""내과"", ""신경과"", ""외과"", ""정형외과"", ""신경외과"", ""심장혈관흉부외과"", ""마취통증의학과"", ""산부인과"", ""이비인후과"", ""영상의학과"", ""진단검사의학과"", ""가정의학과"", ""응급의학과""]","{""가정의학과"": 1, ""내과"": 15, ""마취통증의학과"": 1, ""산부인과"": 3, ""신경과"": 2, ""신경외과"": 2, ""심장혈관흉부외과"": 1, ""영상의학과"": 1, ""외과"": 2, ""응급의학과"": 5, ""이비인후과"": 1, ""정형외과"": 4}","[""유방촬영장치"", ""CT"", ""혈액투석을위한인공신장기"", ""골밀도검사기"", ""일반엑스선촬영장치"", ""MRI"", ""초음파영상진단기"", ""인공호흡기""]","[""HPV 국가예방접종사업 참여기관"", ""응급의료기관"", ""개방병원"", ""결핵환자 재택의료 시범기관"", ""간호간병통합서비스 제공기관"", ""성인 중환자실""]"
JDQ4MTg4MSM1MSMkMSMkMCMkODkkMzgxMzUxIzExIyQxIyQzIyQxMyQyNjEyMjIjNTEjJDEjJDYjJDgz,홍익병원,종합병원,"서울특별시 양천구 목동로 225, 홍익병원본관 (신정동)",37.5284838,126.8636551,"[""내과"", ""신경과"", ""정신건강의학과"", ""외과"", ""정형외과"", ""신경외과"", ""성형외과"", ""마취통증의학과"", ""산부인과"", ""소아청소년과"", ""안과"", ""이비인후과"", ""비뇨의학과"", ""영상의학과"", ""진단검사의학과"", ""가정의학과"", ""응급의학과"", ""구강악안면외과"", ""치과보철과"", ""치과교정과""]","{""가정의학과"": 3, ""내과"": 11, ""마취통증의학과"": 2, ""비뇨의학과"": 1, ""산부인과"": 1, ""성형외과"": 1, ""소아청소년과"": 1, ""신경과"": 2, ""신경외과"": 3, ""영상의학과"": 7, ""외과"": 3, ""응급의학과"": 7, ""이비인후과"": 1, ""정형외과"": 5, ""진단검사의학과"": 1}","[""초음파영상진단기"", ""골밀도검사기"", ""일반엑스선촬영장치"", ""유방촬영장치"", ""인공호흡기"", ""혈액투석을위한인공신장기"", ""콘빔CT"", ""MRI"", ""CT""]","[""응급의료기관"", ""HPV 국가예방접종사업 참여기관"", ""간호간병통합서비스 제공기관"", ""결핵환자 재택의료 시범기관"", ""성인 중환자실""]"
JDQ4MTYyMiM1MSMkMSMkNCMkODkkMzgxMzUxIzExIyQxIyQzIyQ4OSQzNjE4MzIjNjEjJDEjJDQjJDgz,홍천아산병원,종합병원,"강원특별자치도 홍천군 홍천읍 산림공원1길 17, 17",37.6908303,127.8948538,"[""내과"", ""외과"", ""정형외과"", ""신경외과"", ""마취통증의학과"", ""소아청소년과"", ""영상의학과"", ""진단검사의학과""]","{""내과"": 2, ""마취통증의학과"": 1, ""소아청소년과"": 1, ""신경외과"": 1, ""외과"": 1, ""정형외과"": 1, ""진단검사의학과"": 1}","[""골밀도검사기"", ""초음파영상진단기"", ""일반엑스선촬영장치"", ""인공호흡기"", ""혈액투석을위한인공신장기"", ""유방촬영장치"", ""MRI"", ""CT""]","[""성인 중환자실"", ""보훈위탁진료요양기관"", ""응급의료기관"", ""HPV 국가예방접종사업 참여기관""]"
JDQ4MTYyMiM1MSMkMSMkMCMkODkkMzgxMzUxIzExIyQxIyQ3IyQ3MiQyNjEwMDIjODEjJDEjJDIjJDgz,화성유일병원,종합병원,"경기도 화성시 만세구 남양읍 남양로920번길 6, (남양읍)",37.2177850,126.8326549,"[""내과"", ""신경과"", ""외과"", ""정형외과"", ""신경외과"", ""마취통증의학과"", ""산부인과"", ""소아청소년과"", ""피부과"", ""영상의학과"", ""진단검사의학과"", ""가정의학과""]","{""가정의학과"": 1, ""내과"": 5, ""마취통증의학과"": 2, ""산부인과"": 1, ""소아청소년과"": 1, ""신경과"": 2, ""신경외과"": 2, ""영상의학과"": 1, ""외과"": 1, ""정형외과"": 3, ""진단검사의학과"": 1}","[""MRI"", ""일반엑스선촬영장치"", ""초음파영상진단기"", ""혈액투석을위한인공신장기"", ""유방촬영장치"", ""인공호흡기"", ""CT"", ""골밀도검사기""]","[""성인 중환자실"", ""HPV 국가예방접종사업 참여기관"", ""간호간병통합서비스 제공기관""]"
JDQ4MTYyMiM1MSMkMSMkMCMkODkkMzgxMzUxIzExIyQxIyQzIyQ3MiQ0NjEwMDIjNzEjJDEjJDgjJDgz,효산의료재단 안양샘병원,종합병원,"경기도 안양시 만안구 삼덕로 9, (안양동, 안양샘병원)",37.3935234,126.9243939,"[""내과"", ""신경과"", ""정신건강의학과"", ""외과"", ""정형외과"", ""신경외과"", ""심장혈관흉부외과"", ""마취통증의학과"", ""산부인과"", ""소아청소년과"", ""안과"", ""이비인후과"", ""비뇨의학과"", ""영상의학과"", ""방사선종양학과"", ""병리과"", ""진단검사의학과"", ""재활의학과"", ""핵의학과"", ""가정의학과"", ""응급의학과"", ""직업환경의학과"", ""구강악안면외과"", ""치과보철과"", ""치과교정과"", ""소아치과"", ""치주과"", ""치과보존과"", ""한방내과"", ""침구과""]","{""가정의학과"": 5, ""내과"": 19, ""마취통증의학과"": 5, ""방사선종양학과"": 1, ""병리과"": 1, ""비뇨의학과"": 2, ""산부인과"": 2, ""소아청소년과"": 2, ""신경과"": 4, ""신경외과"": 3, ""심장혈관흉부외과"": 1, ""안과"": 1, ""영상의학과"": 5, ""예방의학과"": 1, ""외과"": 4, ""응급의학과"": 9, ""이비인후과"": 2, ""재활의학과"": 1, ""정신건강의학과"": 1, ""정형외과"": 5, ""직업환경의학과"": 2, ""진단검사의학과"": 3, ""핵의학과"": 1}","[""콘빔CT"", ""MRI"", ""인큐베이터"", ""분만감시기"", ""인공호흡기"", ""혈액투석을위한인공신장기"", ""일반엑스선촬영장치"", ""초음파영상진단기"", ""체외충격파쇄석기"", ""유방촬영장치"", ""ECMO"", ""골밀도검사기"", ""CT"", ""양전자단층촬영기 (PET)""]","[""성인 중환자실"", ""응급의료기관"", ""외국인 근로자 등 의료지원 사업시행 의료기관"", ""보훈위탁진료요양기관"", ""입원형 호스피스전문기관"", ""HPV 국가예방접종사업 참여기관"", ""첩약 건강보험 적용 2단계 시범사업"", ""간호간병통합서비스 제공기관"", ""가정형 호스피스전문기관"", ""자문형 호스피스전문기관""]"
JDQ4MTYyMiM1MSMkMSMkMCMkODkkMzgxMzUxIzExIyQxIyQ3IyQ4OSQyNjEyMjIjNzEjJDEjJDgjJDgz,효산의료재단 지샘병원,종합병원,"경기도 군포시 군포로 591, (당동, (G샘병원)군포샘병원)",37.3586720,126.9473164,"[""내과"", ""신경과"", ""정신건강의학과"", ""외과"", ""정형외과"", ""신경외과"", ""심장혈관흉부외과"", ""마취통증의학과"", ""산부인과"", ""소아청소년과"", ""안과"", ""이비인후과"", ""비뇨의학과"", ""영상의학과"", ""방사선종양학과"", ""병리과"", ""진단검사의학과"", ""재활의학과"", ""핵의학과"", ""가정의학과"", ""응급의학과"", ""직업환경의학과"", ""구강악안면외과"", ""한방내과""]","{""가정의학과"": 4, ""내과"": 21, ""마취통증의학과"": 4, ""방사선종양학과"": 1, ""병리과"": 1, ""비뇨의학과"": 1, ""산부인과"": 2, ""소아청소년과"": 3, ""신경과"": 2, ""신경외과"": 4, ""심장혈관흉부외과"": 2, ""안과"": 1, ""영상의학과"": 5, ""외과"": 4, ""응급의학과"": 13, ""이비인후과"": 1, ""재활의학과"": 1, ""정신건강의학과"": 1, ""정형외과"": 5, ""직업환경의학과"": 1, ""진단검사의학과"": 2, ""치과보철과"": 1, ""핵의학과"": 1}","[""골밀도검사기"", ""초음파영상진단기"", ""일반엑스선촬영장치"", ""콘빔CT"", ""양전자단층촬영기 (PET)"", ""MRI"", ""종양치료기 (Cyber Knife)"", ""인공호흡기"", ""체외충격파쇄석기"", ""유방촬영장치"", ""혈액투석을위한인공신장기"", ""CT""]","[""성인 중환자실"", ""입원형 호스피스전문기관"", ""HPV 국가예방접종사업 참여기관"", ""측두하악관절자극요법 실시기관"", ""결핵환자 재택의료 시범기관"", ""자문형 호스피스전문기관"", ""차세대염기서열분석 기반 유전자 패널검사 실시기관"", ""간호간병통합서비스 제공기관"", ""응급의료기관""]"
JDQ4MTg4MSM1MSMkMSMkMCMkODkkMzgxMzUxIzExIyQxIyQzIyQxMyQ0NjEwMDIjNDEjJDEjJDgjJDgz,희명병원,종합병원,"서울특별시 금천구 시흥대로 244, (시흥동)",37.4556869,126.9005836,"[""내과"", ""외과"", ""정형외과"", ""신경외과"", ""심장혈관흉부외과"", ""마취통증의학과"", ""산부인과"", ""영상의학과"", ""진단검사의학과"", ""가정의학과"", ""응급의학과""]","{""가정의학과"": 2, ""내과"": 4, ""마취통증의학과"": 2, ""산부인과"": 1, ""신경외과"": 2, ""영상의학과"": 2, ""외과"": 3, ""응급의학과"": 5, ""정형외과"": 2}","[""인공호흡기"", ""체외충격파쇄석기"", ""초음파영상진단기"", ""ECMO"", ""MRI"", ""혈액투석을위한인공신장기"", ""CT"", ""유방촬영장치"", ""일반엑스선촬영장치"", ""골밀도검사기""]","[""응급의료기관"", ""HPV 국가예방접종사업 참여기관"", ""성인 중환자실""]"
